"WEEKDAY","OPPOSITE_TEAM","MINUTES_PLAYED","GOALS_SCORED","ASSISTS","ASSISTS_LOTTO","OWN_GOALS","PENALTIES_SCORED","PENALTIES_GAINED","PENALTIES_LOST","PENALTIES_MISSED","PENALTIES_SAVED","BEST_XI","YELLOW_CARDS","RED_CARDS","POINTS","PLAYER_INDEX","DATE"
"1","MOT",90,0,0,0,0,0,0,0,0,0,0,0,0,6,1299,"202410011509"
"2","CRA",89,0,0,0,0,0,0,0,0,0,0,1,0,1,1299,"202410011509"
"3","GKS",90,1,0,0,0,0,0,0,0,0,0,0,0,12,1299,"202410011509"
"4","LPO",90,0,0,0,0,0,0,0,0,0,0,0,0,6,1299,"202410011509"
"5","GÓR",90,0,0,0,0,0,0,0,0,0,0,0,0,5,1299,"202410011509"
"6","LGD",90,0,0,0,0,0,0,0,0,0,0,0,0,3,1299,"202410011509"
"7","PIA",90,0,0,0,0,0,0,0,0,0,0,0,0,2,1299,"202410011509"
"8","LEG",90,1,0,0,0,0,0,0,0,0,0,1,0,12,1299,"202410011509"
"9","ZAG",90,0,1,0,0,0,0,0,0,0,0,0,0,7,1299,"202410011509"
"10","PUN",90,1,0,0,0,0,0,0,0,0,0,0,0,13,1299,"202410011509"
"11","RAD",0,0,0,0,0,0,0,0,0,0,0,0,0,0,1299,"202410011509"
"12","POG",0,0,0,0,0,0,0,0,0,0,0,0,0,0,1299,"202410011509"
"13","ŚLA",0,0,0,0,0,0,0,0,0,0,0,0,0,0,1299,"202410011509"
"14","STM",0,0,0,0,0,0,0,0,0,0,0,0,0,0,1299,"202410011509"
"15","JAG",0,0,0,0,0,0,0,0,0,0,0,0,0,0,1299,"202410011509"
"16","KOR",0,0,0,0,0,0,0,0,0,0,0,0,0,0,1299,"202410011509"
"17","WID",0,0,0,0,0,0,0,0,0,0,0,0,0,0,1299,"202410011509"
"18","MOT",0,0,0,0,0,0,0,0,0,0,0,0,0,0,1299,"202410011509"
"SUMA","EMPTY",899,3,1,0,0,0,0,0,0,0,0,2,0,67,1299,"202410011509"
"2023/24 - wiosna","EMPTY",1205,0,0,0,0,0,0,0,0,0,0,2,0,34,1299,"202410011509"
"2023/24 - jesień","EMPTY",657,2,0,1,0,0,0,0,0,0,0,0,0,37,1299,"202410011509"
"2022/23 - wiosna","EMPTY",1289,3,2,0,0,0,0,0,0,0,0,2,0,70,1299,"202410011509"
"2022/23 - jesień","EMPTY",655,1,1,0,0,0,0,0,0,0,0,2,0,36,1299,"202410011509"
"2021/22 - wiosna","EMPTY",684,1,2,0,0,0,0,0,0,0,0,0,0,41,1299,"202410011509"
"2021/22 - jesień","EMPTY",1146,2,1,0,0,0,2,0,0,0,0,2,0,65,1299,"202410011509"
"2020/21 - wiosna","EMPTY",518,0,0,0,0,0,0,0,0,0,0,1,0,19,1299,"202410011509"
"2020/21 - jesień","EMPTY",924,3,1,0,0,1,0,0,0,0,0,1,0,49,1299,"202410011509"
"2019/20 - wiosna","EMPTY",30,0,0,0,0,0,0,0,0,0,0,0,0,1,1299,"202410011509"
"2019/20 - jesień","EMPTY",1006,0,1,0,0,0,0,0,0,0,0,0,0,38,1299,"202410011509"
"1","GÓR",90,0,1,0,0,0,0,0,0,0,0,0,0,10,1712,"202410011509"
"2","WID",90,0,0,0,0,0,0,0,0,0,0,0,0,1,1712,"202410011509"
"3","LGD",89,0,0,0,0,0,0,0,0,0,0,0,0,3,1712,"202410011509"
"4","RCZ",90,0,0,0,0,0,0,0,0,0,0,0,0,5,1712,"202410011509"
"5","ZAG",90,0,0,0,0,0,0,0,0,0,0,1,0,5,1712,"202410011509"
"6","POG",90,0,0,0,0,0,0,0,0,0,0,0,0,7,1712,"202410011509"
"7","STM",90,0,0,0,0,0,0,0,0,0,0,0,0,6,1712,"202410011509"
"8","JAG",90,0,2,0,0,0,0,0,0,0,0,0,0,15,1712,"202410011509"
"9","ŚLA",90,0,0,0,0,0,0,0,0,0,0,0,0,6,1712,"202410011509"
"10","KOR",90,0,0,0,0,0,0,0,0,0,0,0,0,2,1712,"202410011509"
"11","MOT",0,0,0,0,0,0,0,0,0,0,0,0,0,0,1712,"202410011509"
"12","CRA",0,0,0,0,0,0,0,0,0,0,0,0,0,0,1712,"202410011509"
"13","RAD",0,0,0,0,0,0,0,0,0,0,0,0,0,0,1712,"202410011509"
"14","PUN",0,0,0,0,0,0,0,0,0,0,0,0,0,0,1712,"202410011509"
"15","LEG",0,0,0,0,0,0,0,0,0,0,0,0,0,0,1712,"202410011509"
"16","GKS",0,0,0,0,0,0,0,0,0,0,0,0,0,0,1712,"202410011509"
"17","PIA",0,0,0,0,0,0,0,0,0,0,0,0,0,0,1712,"202410011509"
"18","GÓR",0,0,0,0,0,0,0,0,0,0,0,0,0,0,1712,"202410011509"
"SUMA","EMPTY",899,0,3,0,0,0,0,0,0,0,0,1,0,60,1712,"202410011509"
"2023/24 - wiosna","EMPTY",914,1,0,1,0,0,0,0,0,0,0,1,0,44,1712,"202410011509"
"2023/24 - jesień","EMPTY",1301,1,5,0,0,0,0,0,0,0,0,0,0,68,1712,"202410011509"
"2022/23 - wiosna","EMPTY",1269,0,1,0,0,0,0,0,0,0,0,2,0,61,1712,"202410011509"
"2022/23 - jesień","EMPTY",984,0,1,0,0,0,0,0,0,0,0,2,0,50,1712,"202410011509"
"2021/22 - wiosna","EMPTY",963,0,3,0,0,0,0,0,0,0,0,0,0,59,1712,"202410011509"
"2021/22 - jesień","EMPTY",948,0,4,0,0,0,0,0,0,0,0,1,1,56,1712,"202410011509"
"1","GKS",90,2,0,0,0,0,0,0,0,0,0,1,0,11,2082,"202410011509"
"2","JAG",90,2,0,0,0,1,0,0,0,0,0,0,0,11,2082,"202410011509"
"4","GÓR",90,0,0,0,0,0,0,0,0,0,0,0,0,2,2082,"202410011509"
"5","LEG",90,0,0,0,0,0,0,0,0,0,0,0,0,2,2082,"202410011509"
"6","WID",90,1,0,0,0,0,0,0,0,0,0,0,0,6,2082,"202410011509"
"7","CRA",90,1,0,0,0,0,0,0,0,0,0,0,0,8,2082,"202410011509"
"8","LGD",90,0,0,0,0,0,0,0,0,0,0,0,0,2,2082,"202410011509"
"9","KOR",85,3,0,0,0,0,0,0,0,0,0,1,0,15,2082,"202410011509"
"10","ZAG",90,0,0,0,0,0,0,0,0,0,0,0,0,2,2082,"202410011509"
"11","RCZ",0,0,0,0,0,0,0,0,0,0,0,0,0,0,2082,"202410011509"
"12","PUN",0,0,0,0,0,0,0,0,0,0,0,0,0,0,2082,"202410011509"
"13","LPO",0,0,0,0,0,0,0,0,0,0,0,0,0,0,2082,"202410011509"
"14","PIA",0,0,0,0,0,0,0,0,0,0,0,0,0,0,2082,"202410011509"
"15","POG",0,0,0,0,0,0,0,0,0,0,0,0,0,0,2082,"202410011509"
"16","STM",0,0,0,0,0,0,0,0,0,0,0,0,0,0,2082,"202410011509"
"17","MOT",0,0,0,0,0,0,0,0,0,0,0,0,0,0,2082,"202410011509"
"18","ŚLA",0,0,0,0,0,0,0,0,0,0,0,0,0,0,2082,"202410011509"
"18","GKS",0,0,0,0,0,0,0,0,0,0,0,0,0,0,2082,"202410011509"
"SUMA","EMPTY",805,9,0,0,0,1,0,0,0,0,0,2,0,59,2082,"202410011509"
"2023/24 - wiosna","EMPTY",362,2,0,0,0,0,0,0,1,0,0,1,1,16,2082,"202410011509"
"2023/24 - jesień","EMPTY",332,2,0,0,0,0,0,0,0,0,0,2,0,32,2082,"202410011509"
"2022/23 - wiosna","EMPTY",1062,6,0,0,0,1,0,0,0,0,0,2,0,52,2082,"202410011509"
"1","GÓR",63,0,0,0,0,0,0,0,0,0,0,0,0,4,1964,"202410011509"
"2","WID",72,0,0,0,0,0,0,0,0,0,0,0,0,2,1964,"202410011509"
"3","LGD",74,0,1,0,0,0,0,0,0,0,0,0,0,6,1964,"202410011509"
"4","RCZ",89,0,0,0,0,0,0,0,0,0,0,0,0,3,1964,"202410011509"
"5","ZAG",90,1,0,0,0,0,0,0,0,0,0,0,0,10,1964,"202410011509"
"6","POG",79,1,0,0,0,0,0,0,0,0,0,0,0,10,1964,"202410011509"
"7","STM",60,0,0,0,0,0,0,0,0,0,0,0,0,4,1964,"202410011509"
"8","JAG",61,1,0,0,0,0,0,0,0,0,0,0,0,10,1964,"202410011509"
"9","ŚLA",84,0,0,0,0,0,0,0,0,0,0,0,0,4,1964,"202410011509"
"10","KOR",73,0,1,0,0,0,0,0,0,0,0,0,0,6,1964,"202410011509"
"11","MOT",0,0,0,0,0,0,0,0,0,0,0,0,0,0,1964,"202410011509"
"12","CRA",0,0,0,0,0,0,0,0,0,0,0,0,0,0,1964,"202410011509"
"13","RAD",0,0,0,0,0,0,0,0,0,0,0,0,0,0,1964,"202410011509"
"14","PUN",0,0,0,0,0,0,0,0,0,0,0,0,0,0,1964,"202410011509"
"15","LEG",0,0,0,0,0,0,0,0,0,0,0,0,0,0,1964,"202410011509"
"16","GKS",0,0,0,0,0,0,0,0,0,0,0,0,0,0,1964,"202410011509"
"17","PIA",0,0,0,0,0,0,0,0,0,0,0,0,0,0,1964,"202410011509"
"18","GÓR",0,0,0,0,0,0,0,0,0,0,0,0,0,0,1964,"202410011509"
"SUMA","EMPTY",745,3,2,0,0,0,0,0,0,0,0,0,0,59,1964,"202410011509"
"2023/24 - wiosna","EMPTY",417,0,0,0,0,0,0,0,0,0,0,2,0,14,1964,"202410011509"
"2023/24 - jesień","EMPTY",773,0,1,0,0,0,0,1,0,0,0,1,0,31,1964,"202410011509"
"2022/23 - wiosna","EMPTY",633,2,1,1,0,0,0,0,0,0,0,0,0,42,1964,"202410011509"
"2022/23 - jesień","EMPTY",710,2,1,0,0,0,0,1,0,0,0,3,0,35,1964,"202410011509"
"1","PIA",90,0,1,0,0,0,0,0,0,0,0,0,0,5,1971,"202410011509"
"2","RCZ",81,0,0,0,0,0,0,0,0,0,0,0,0,3,1971,"202410011509"
"3","WID",90,1,0,0,0,0,0,0,0,0,0,0,0,6,1971,"202410011509"
"4","KOR",90,0,0,0,0,0,0,0,0,0,0,0,0,3,1971,"202410011509"
"5","JAG",68,2,0,0,0,0,0,0,0,0,0,0,0,12,1971,"202410011509"
"6","GÓR",90,0,2,0,0,0,0,0,0,0,0,0,0,10,1971,"202410011509"
"7","RAD",90,0,1,0,0,0,0,0,0,0,0,0,0,5,1971,"202410011509"
"8","POG",90,0,0,0,0,0,0,0,0,0,0,0,0,3,1971,"202410011509"
"9","PUN",90,0,1,0,0,0,0,0,0,0,0,0,0,6,1971,"202410011509"
"10","STM",90,1,0,0,0,1,0,0,0,0,0,0,0,6,1971,"202410011509"
"11","ŚLA",0,0,0,0,0,0,0,0,0,0,0,0,0,0,1971,"202410011509"
"12","LPO",0,0,0,0,0,0,0,0,0,0,0,0,0,0,1971,"202410011509"
"13","MOT",0,0,0,0,0,0,0,0,0,0,0,0,0,0,1971,"202410011509"
"14","LGD",0,0,0,0,0,0,0,0,0,0,0,0,0,0,1971,"202410011509"
"15","GKS",0,0,0,0,0,0,0,0,0,0,0,0,0,0,1971,"202410011509"
"16","LEG",0,0,0,0,0,0,0,0,0,0,0,0,0,0,1971,"202410011509"
"17","ZAG",0,0,0,0,0,0,0,0,0,0,0,0,0,0,1971,"202410011509"
"18","PIA",0,0,0,0,0,0,0,0,0,0,0,0,0,0,1971,"202410011509"
"SUMA","EMPTY",869,4,5,0,0,1,0,0,0,0,0,0,0,59,1971,"202410011509"
"2023/24 - wiosna","EMPTY",1203,4,2,0,0,0,1,0,0,0,0,0,0,58,1971,"202410011509"
"2023/24 - jesień","EMPTY",1419,5,4,0,0,0,0,1,0,0,0,0,0,69,1971,"202410011509"
"2022/23 - wiosna","EMPTY",1222,2,0,1,0,0,0,0,0,0,0,1,0,46,1971,"202410011509"
"2022/23 - jesień","EMPTY",1073,4,1,0,0,0,0,0,0,0,0,1,0,53,1971,"202410011509"
"1","STM",89,0,0,0,0,0,0,0,0,0,0,0,0,2,2242,"202410011509"
"2","LPO",80,0,0,0,0,0,0,0,0,0,0,0,0,3,2242,"202410011509"
"3","CRA",90,1,1,0,0,0,0,0,0,0,0,1,0,10,2242,"202410011509"
"4","ŚLA",67,0,0,0,0,0,0,0,0,0,0,0,0,2,2242,"202410011509"
"5","POG",65,0,0,0,0,0,0,0,0,0,0,0,0,2,2242,"202410011509"
"6","RAD",72,1,1,0,0,1,1,0,0,0,0,0,0,13,2242,"202410011509"
"7","JAG",90,0,0,0,0,0,0,0,0,0,0,0,0,2,2242,"202410011509"
"8","GKS",90,1,0,0,0,0,0,0,0,0,0,0,0,7,2242,"202410011509"
"9","PIA",72,1,0,0,0,0,0,0,0,0,0,0,0,7,2242,"202410011509"
"10","LGD",90,1,0,0,0,1,1,0,0,0,0,0,0,8,2242,"202410011509"
"11","KOR",0,0,0,0,0,0,0,0,0,0,0,0,0,0,2242,"202410011509"
"12","MOT",0,0,0,0,0,0,0,0,0,0,0,0,0,0,2242,"202410011509"
"13","GÓR",0,0,0,0,0,0,0,0,0,0,0,0,0,0,2242,"202410011509"
"14","LEG",0,0,0,0,0,0,0,0,0,0,0,0,0,0,2242,"202410011509"
"15","ZAG",0,0,0,0,0,0,0,0,0,0,0,0,0,0,2242,"202410011509"
"16","PUN",0,0,0,0,0,0,0,0,0,0,0,0,0,0,2242,"202410011509"
"17","RCZ",0,0,0,0,0,0,0,0,0,0,0,0,0,0,2242,"202410011509"
"18","STM",0,0,0,0,0,0,0,0,0,0,0,0,0,0,2242,"202410011509"
"SUMA","EMPTY",805,5,2,0,0,2,2,0,0,0,0,1,0,56,2242,"202410011509"
"2023/24 - wiosna","EMPTY",648,3,2,0,0,1,0,0,0,0,0,2,0,44,2242,"202410011509"
"2023/24 - jesień","EMPTY",509,2,1,0,0,0,0,0,0,0,0,0,0,37,2242,"202410011509"
"1","GÓR",90,0,0,0,0,0,0,0,0,0,0,0,0,7,1757,"202410011509"
"2","WID",90,0,0,0,0,0,0,0,0,0,0,0,0,1,1757,"202410011509"
"3","LGD",90,0,0,0,0,0,0,0,0,0,0,0,0,3,1757,"202410011509"
"4","RCZ",90,0,0,0,0,0,0,0,0,0,0,0,0,7,1757,"202410011509"
"5","ZAG",90,0,0,0,0,0,0,0,0,0,0,0,0,8,1757,"202410011509"
"6","POG",90,0,0,0,0,0,0,0,0,0,0,0,0,7,1757,"202410011509"
"7","STM",90,0,0,0,0,0,0,0,0,0,0,0,0,6,1757,"202410011509"
"8","JAG",90,0,0,0,0,0,0,0,0,0,0,0,0,6,1757,"202410011509"
"9","ŚLA",90,0,0,0,0,0,0,0,0,0,0,0,0,6,1757,"202410011509"
"10","KOR",90,0,0,0,0,0,0,0,0,0,0,0,0,3,1757,"202410011509"
"11","MOT",0,0,0,0,0,0,0,0,0,0,0,0,0,0,1757,"202410011509"
"12","CRA",0,0,0,0,0,0,0,0,0,0,0,0,0,0,1757,"202410011509"
"13","RAD",0,0,0,0,0,0,0,0,0,0,0,0,0,0,1757,"202410011509"
"14","PUN",0,0,0,0,0,0,0,0,0,0,0,0,0,0,1757,"202410011509"
"15","LEG",0,0,0,0,0,0,0,0,0,0,0,0,0,0,1757,"202410011509"
"16","GKS",0,0,0,0,0,0,0,0,0,0,0,0,0,0,1757,"202410011509"
"17","PIA",0,0,0,0,0,0,0,0,0,0,0,0,0,0,1757,"202410011509"
"18","GÓR",0,0,0,0,0,0,0,0,0,0,0,0,0,0,1757,"202410011509"
"SUMA","EMPTY",900,0,0,0,0,0,0,0,0,0,0,0,0,54,1757,"202410011509"
"2023/24 - wiosna","EMPTY",1350,0,0,0,1,0,0,1,0,1,0,2,0,58,1757,"202410011509"
"2023/24 - jesień","EMPTY",1440,0,0,0,0,0,0,0,0,1,0,1,0,52,1757,"202410011509"
"2022/23 - wiosna","EMPTY",1530,0,0,0,0,0,0,1,0,0,0,1,0,57,1757,"202410011509"
"2022/23 - jesień","EMPTY",1530,0,0,0,0,0,0,0,0,0,0,2,0,56,1757,"202410011509"
"2021/22 - wiosna","EMPTY",180,0,0,0,0,0,0,0,0,0,0,0,0,3,1757,"202410011509"
"2021/22 - jesień","EMPTY",0,0,0,0,0,0,0,0,0,0,0,0,0,0,1757,"202410011509"
"1","PIA",90,0,0,0,0,0,0,0,0,0,0,0,0,2,1886,"202410011509"
"2","RCZ",90,0,0,0,0,0,0,0,0,0,0,0,0,6,1886,"202410011509"
"3","WID",90,0,0,0,0,0,0,0,0,0,0,0,0,0,1886,"202410011509"
"4","KOR",90,1,1,0,0,0,0,0,0,0,0,1,0,16,1886,"202410011509"
"5","JAG",90,0,0,0,0,0,0,0,0,0,0,0,0,2,1886,"202410011509"
"6","GÓR",90,0,0,1,0,0,0,0,0,0,0,0,0,4,1886,"202410011509"
"7","RAD",90,0,0,0,0,0,0,0,0,0,0,0,0,1,1886,"202410011509"
"8","POG",90,1,0,0,0,0,0,0,0,0,0,0,0,10,1886,"202410011509"
"9","PUN",90,1,0,0,0,0,0,0,0,0,0,0,0,10,1886,"202410011509"
"10","STM",90,0,0,0,0,0,0,0,0,0,0,0,0,2,1886,"202410011509"
"11","ŚLA",0,0,0,0,0,0,0,0,0,0,0,0,0,0,1886,"202410011509"
"12","LPO",0,0,0,0,0,0,0,0,0,0,0,0,0,0,1886,"202410011509"
"13","MOT",0,0,0,0,0,0,0,0,0,0,0,0,0,0,1886,"202410011509"
"14","LGD",0,0,0,0,0,0,0,0,0,0,0,0,0,0,1886,"202410011509"
"15","GKS",0,0,0,0,0,0,0,0,0,0,0,0,0,0,1886,"202410011509"
"16","LEG",0,0,0,0,0,0,0,0,0,0,0,0,0,0,1886,"202410011509"
"17","ZAG",0,0,0,0,0,0,0,0,0,0,0,0,0,0,1886,"202410011509"
"18","PIA",0,0,0,0,0,0,0,0,0,0,0,0,0,0,1886,"202410011509"
"SUMA","EMPTY",900,3,1,1,0,0,0,0,0,0,0,1,0,53,1886,"202410011509"
"2023/24 - wiosna","EMPTY",724,0,0,0,1,0,0,0,0,0,0,2,0,22,1886,"202410011509"
"2023/24 - jesień","EMPTY",1710,4,0,0,0,0,0,0,0,0,0,3,0,66,1886,"202410011509"
"2022/23 - wiosna","EMPTY",1530,3,0,0,0,0,0,1,0,0,0,0,0,59,1886,"202410011509"
"2022/23 - jesień","EMPTY",1530,0,0,0,0,0,0,0,0,0,0,2,0,60,1886,"202410011509"
"2021/22 - wiosna","EMPTY",820,0,0,0,0,0,0,0,0,0,0,2,0,29,1886,"202410011509"
"1","GÓR",27,1,0,0,0,0,0,0,0,0,0,0,0,7,2238,"202410011509"
"2","WID",26,0,0,0,0,0,0,0,0,0,0,0,0,1,2238,"202410011509"
"3","LGD",60,1,1,0,0,0,0,0,0,0,0,0,0,12,2238,"202410011509"
"4","RCZ",69,0,0,0,0,0,0,0,0,0,0,0,0,3,2238,"202410011509"
"5","ZAG",26,0,0,0,0,0,0,0,0,0,0,0,0,2,2238,"202410011509"
"6","POG",69,0,0,0,0,0,0,0,0,0,0,0,0,4,2238,"202410011509"
"7","STM",78,1,0,0,0,0,0,0,0,0,0,0,0,9,2238,"202410011509"
"8","JAG",75,1,0,0,0,0,0,0,0,0,0,0,0,10,2238,"202410011509"
"9","ŚLA",63,0,0,0,0,0,0,0,0,0,0,0,0,4,2238,"202410011509"
"10","KOR",59,0,0,0,0,0,0,1,0,0,0,1,0,0,2238,"202410011509"
"11","MOT",0,0,0,0,0,0,0,0,0,0,0,0,0,0,2238,"202410011509"
"12","CRA",0,0,0,0,0,0,0,0,0,0,0,0,0,0,2238,"202410011509"
"13","RAD",0,0,0,0,0,0,0,0,0,0,0,0,0,0,2238,"202410011509"
"14","PUN",0,0,0,0,0,0,0,0,0,0,0,0,0,0,2238,"202410011509"
"15","LEG",0,0,0,0,0,0,0,0,0,0,0,0,0,0,2238,"202410011509"
"16","GKS",0,0,0,0,0,0,0,0,0,0,0,0,0,0,2238,"202410011509"
"17","PIA",0,0,0,0,0,0,0,0,0,0,0,0,0,0,2238,"202410011509"
"18","GÓR",0,0,0,0,0,0,0,0,0,0,0,0,0,0,2238,"202410011509"
"SUMA","EMPTY",552,4,1,0,0,0,0,1,0,0,0,1,0,52,2238,"202410011509"
"2023/24 - wiosna","EMPTY",254,0,0,0,0,0,0,0,0,0,0,0,0,11,2238,"202410011509"
"2023/24 - jesień","EMPTY",457,0,2,0,0,0,0,0,0,0,0,2,0,29,2238,"202410011509"
"1","MOT",89,0,1,0,0,0,0,0,0,0,0,0,0,11,1341,"202410011509"
"2","CRA",90,0,0,0,0,0,0,0,0,0,0,0,0,2,1341,"202410011509"
"3","GKS",90,0,1,0,0,0,0,0,0,0,0,0,0,10,1341,"202410011509"
"4","LPO",90,0,0,0,0,0,0,0,0,0,0,0,0,5,1341,"202410011509"
"5","GÓR",90,0,0,0,0,0,0,0,0,0,0,1,0,4,1341,"202410011509"
"6","LGD",90,0,0,0,0,0,0,0,0,0,0,0,0,3,1341,"202410011509"
"7","PIA",39,0,0,0,0,0,0,0,0,0,0,0,0,2,1341,"202410011509"
"8","LEG",90,0,0,0,0,0,0,0,0,0,0,0,0,6,1341,"202410011509"
"9","ZAG",90,0,0,0,0,0,0,0,0,0,0,1,0,2,1341,"202410011509"
"10","PUN",90,0,0,0,0,0,0,0,0,0,0,0,0,6,1341,"202410011509"
"11","RAD",0,0,0,0,0,0,0,0,0,0,0,0,0,0,1341,"202410011509"
"12","POG",0,0,0,0,0,0,0,0,0,0,0,0,0,0,1341,"202410011509"
"13","ŚLA",0,0,0,0,0,0,0,0,0,0,0,0,0,0,1341,"202410011509"
"14","STM",0,0,0,0,0,0,0,0,0,0,0,0,0,0,1341,"202410011509"
"15","JAG",0,0,0,0,0,0,0,0,0,0,0,0,0,0,1341,"202410011509"
"16","KOR",0,0,0,0,0,0,0,0,0,0,0,0,0,0,1341,"202410011509"
"17","WID",0,0,0,0,0,0,0,0,0,0,0,0,0,0,1341,"202410011509"
"18","MOT",0,0,0,0,0,0,0,0,0,0,0,0,0,0,1341,"202410011509"
"SUMA","EMPTY",848,0,2,0,0,0,0,0,0,0,0,2,0,51,1341,"202410011509"
"2023/24 - wiosna","EMPTY",943,0,2,0,0,0,0,1,0,0,0,4,1,36,1341,"202410011509"
"2023/24 - jesień","EMPTY",1259,0,1,1,0,0,0,0,1,0,0,3,0,55,1341,"202410011509"
"2022/23 - wiosna","EMPTY",1245,1,2,0,0,0,0,0,0,0,0,2,1,64,1341,"202410011509"
"2022/23 - jesień","EMPTY",1246,1,5,0,0,0,0,0,0,0,0,5,0,87,1341,"202410011509"
"2021/22 - wiosna","EMPTY",1278,1,2,0,0,1,0,0,0,0,0,6,0,51,1341,"202410011509"
"2021/22 - jesień","EMPTY",1594,1,5,0,0,0,2,0,1,0,0,4,0,68,1341,"202410011509"
"2020/21 - wiosna","EMPTY",1266,1,2,0,0,0,1,1,0,0,0,1,0,52,1341,"202410011509"
"2020/21 - jesień","EMPTY",1217,0,3,0,0,0,1,0,0,0,0,2,0,47,1341,"202410011509"
"2019/20 - wiosna","EMPTY",1329,1,4,0,0,0,0,0,0,0,0,4,0,54,1341,"202410011509"
"1","GÓR",86,1,0,0,0,1,0,0,0,0,0,0,0,7,1475,"202410011509"
"2","WID",90,1,0,0,0,0,0,0,0,0,0,0,0,6,1475,"202410011509"
"3","LGD",60,2,0,0,0,0,0,0,0,0,0,0,0,12,1475,"202410011509"
"4","RCZ",0,0,0,0,0,0,0,0,0,0,0,0,0,0,1475,"202410011509"
"5","ZAG",85,0,0,0,0,0,0,0,0,0,0,0,0,3,1475,"202410011509"
"6","POG",79,0,1,0,0,0,0,0,0,0,0,1,0,5,1475,"202410011509"
"7","STM",87,1,0,0,0,0,0,0,0,0,0,0,0,8,1475,"202410011509"
"8","JAG",75,0,0,0,0,0,0,0,0,0,0,0,0,3,1475,"202410011509"
"9","ŚLA",0,0,0,0,0,0,0,0,0,0,0,0,0,0,1475,"202410011509"
"10","KOR",89,0,1,0,0,0,0,0,0,0,0,0,0,6,1475,"202410011509"
"11","MOT",0,0,0,0,0,0,0,0,0,0,0,0,0,0,1475,"202410011509"
"12","CRA",0,0,0,0,0,0,0,0,0,0,0,0,0,0,1475,"202410011509"
"13","RAD",0,0,0,0,0,0,0,0,0,0,0,0,0,0,1475,"202410011509"
"14","PUN",0,0,0,0,0,0,0,0,0,0,0,0,0,0,1475,"202410011509"
"15","LEG",0,0,0,0,0,0,0,0,0,0,0,0,0,0,1475,"202410011509"
"16","GKS",0,0,0,0,0,0,0,0,0,0,0,0,0,0,1475,"202410011509"
"17","PIA",0,0,0,0,0,0,0,0,0,0,0,0,0,0,1475,"202410011509"
"18","GÓR",0,0,0,0,0,0,0,0,0,0,0,0,0,0,1475,"202410011509"
"SUMA","EMPTY",651,5,2,0,0,1,0,0,0,0,0,1,0,50,1475,"202410011509"
"2023/24 - wiosna","EMPTY",740,5,0,0,0,1,0,0,0,0,0,2,0,37,1475,"202410011509"
"2023/24 - jesień","EMPTY",1064,6,3,0,0,0,0,1,0,0,0,4,0,64,1475,"202410011509"
"2022/23 - wiosna","EMPTY",781,4,1,0,0,1,0,0,2,0,0,1,0,35,1475,"202410011509"
"2022/23 - jesień","EMPTY",954,7,3,0,0,3,0,0,0,0,0,3,0,67,1475,"202410011509"
"2021/22 - wiosna","EMPTY",1006,8,4,0,0,1,0,0,0,0,0,3,0,74,1475,"202410011509"
"2021/22 - jesień","EMPTY",1749,10,2,0,0,3,0,1,1,0,0,2,0,90,1475,"202410011509"
"2020/21 - wiosna","EMPTY",708,5,0,0,0,1,1,0,0,0,0,1,0,41,1475,"202410011509"
"2020/21 - jesień","EMPTY",1062,7,1,0,0,1,0,0,0,0,0,1,0,60,1475,"202410011509"
"1","MOT",90,0,0,0,0,0,0,0,0,0,0,0,0,6,1490,"202410011509"
"2","CRA",90,0,0,0,0,0,0,0,0,0,0,0,0,2,1490,"202410011509"
"3","GKS",90,0,0,0,0,0,0,0,0,0,0,1,0,7,1490,"202410011509"
"4","LPO",90,0,0,0,0,0,0,0,0,0,0,0,0,5,1490,"202410011509"
"5","GÓR",90,0,0,0,0,0,0,0,0,0,0,0,0,5,1490,"202410011509"
"6","LGD",90,0,0,0,0,0,0,0,0,0,0,0,0,3,1490,"202410011509"
"7","PIA",90,0,0,0,0,0,0,0,0,1,0,0,0,6,1490,"202410011509"
"8","LEG",90,0,0,0,0,0,0,0,0,0,0,0,0,7,1490,"202410011509"
"9","ZAG",90,0,0,0,0,0,0,0,0,0,0,0,0,3,1490,"202410011509"
"10","PUN",90,0,0,0,0,0,0,0,0,0,0,0,0,6,1490,"202410011509"
"11","RAD",0,0,0,0,0,0,0,0,0,0,0,0,0,0,1490,"202410011509"
"12","POG",0,0,0,0,0,0,0,0,0,0,0,0,0,0,1490,"202410011509"
"13","ŚLA",0,0,0,0,0,0,0,0,0,0,0,0,0,0,1490,"202410011509"
"14","STM",0,0,0,0,0,0,0,0,0,0,0,0,0,0,1490,"202410011509"
"15","JAG",0,0,0,0,0,0,0,0,0,0,0,0,0,0,1490,"202410011509"
"16","KOR",0,0,0,0,0,0,0,0,0,0,0,0,0,0,1490,"202410011509"
"17","WID",0,0,0,0,0,0,0,0,0,0,0,0,0,0,1490,"202410011509"
"18","MOT",0,0,0,0,0,0,0,0,0,0,0,0,0,0,1490,"202410011509"
"SUMA","EMPTY",900,0,0,0,0,0,0,0,0,1,0,1,0,50,1490,"202410011509"
"2023/24 - wiosna","EMPTY",0,0,0,0,0,0,0,0,0,0,0,0,0,0,1490,"202410011509"
"2023/24 - jesień","EMPTY",90,0,0,0,0,0,0,0,0,1,0,0,0,5,1490,"202410011509"
"2022/23 - wiosna","EMPTY",270,0,0,0,0,0,0,0,0,0,0,0,0,11,1490,"202410011509"
"2022/23 - jesień","EMPTY",270,0,0,0,0,0,0,0,0,0,0,0,0,5,1490,"202410011509"
"2021/22 - wiosna","EMPTY",180,0,0,0,0,0,0,0,0,0,0,0,0,9,1490,"202410011509"
"2021/22 - jesień","EMPTY",489,0,0,0,0,0,0,0,0,0,0,0,0,19,1490,"202410011509"
"2020/21 - wiosna","EMPTY",0,0,0,0,0,0,0,0,0,0,0,0,0,0,1490,"202410011509"
"2020/21 - jesień","EMPTY",0,0,0,0,0,0,0,0,0,0,0,0,0,0,1490,"202410011509"
"1","GÓR",90,0,0,0,0,0,0,0,0,0,0,0,0,6,2448,"202410011509"
"2","WID",90,0,0,0,0,0,0,0,0,0,0,0,0,1,2448,"202410011509"
"3","LGD",90,0,0,0,0,0,0,0,0,0,0,0,0,3,2448,"202410011509"
"4","RCZ",90,0,0,0,0,0,0,0,0,0,0,0,0,5,2448,"202410011509"
"5","ZAG",90,0,0,0,0,0,0,0,0,0,0,0,0,6,2448,"202410011509"
"6","POG",90,0,0,0,0,0,0,0,0,0,0,0,0,6,2448,"202410011509"
"7","STM",90,0,0,0,0,0,0,0,0,0,0,0,0,6,2448,"202410011509"
"8","JAG",90,0,0,0,0,0,0,0,0,0,0,0,0,6,2448,"202410011509"
"9","ŚLA",90,0,0,0,0,0,0,0,0,0,0,0,0,6,2448,"202410011509"
"10","KOR",90,0,0,1,0,0,0,0,0,0,0,0,0,4,2448,"202410011509"
"11","MOT",0,0,0,0,0,0,0,0,0,0,0,0,0,0,2448,"202410011509"
"12","CRA",0,0,0,0,0,0,0,0,0,0,0,0,0,0,2448,"202410011509"
"13","RAD",0,0,0,0,0,0,0,0,0,0,0,0,0,0,2448,"202410011509"
"14","PUN",0,0,0,0,0,0,0,0,0,0,0,0,0,0,2448,"202410011509"
"15","LEG",0,0,0,0,0,0,0,0,0,0,0,0,0,0,2448,"202410011509"
"16","GKS",0,0,0,0,0,0,0,0,0,0,0,0,0,0,2448,"202410011509"
"17","PIA",0,0,0,0,0,0,0,0,0,0,0,0,0,0,2448,"202410011509"
"18","GÓR",0,0,0,0,0,0,0,0,0,0,0,0,0,0,2448,"202410011509"
"SUMA","EMPTY",900,0,0,1,0,0,0,0,0,0,0,0,0,49,2448,"202410011509"
"1","CRA (PIA)",90,0,0,0,0,0,0,0,0,0,0,0,0,2,1719,"202410011509"
"2","ŚLA (PIA)",80,1,0,0,0,0,0,0,0,0,0,1,0,8,1719,"202410011509"
"3","LEG (PIA)",90,0,0,0,0,0,0,0,0,0,0,1,0,2,1719,"202410011509"
"4","GKS (PIA)",90,1,0,0,0,0,0,0,0,0,0,0,0,8,1719,"202410011509"
"5","STM (PIA)",89,0,0,0,0,0,0,0,0,0,0,0,0,2,1719,"202410011509"
"6","ZAG (PIA)",90,0,0,0,0,0,0,0,0,0,0,0,0,4,1719,"202410011509"
"7","RCZ (PIA)",90,1,0,0,0,0,0,0,0,0,0,0,0,9,1719,"202410011509"
"8","LEG",90,0,0,0,0,0,0,0,0,0,0,0,0,4,1719,"202410011509"
"9","ZAG",87,0,1,0,0,0,0,0,0,0,0,0,0,6,1719,"202410011509"
"10","PUN",17,0,0,0,0,0,0,0,0,0,0,0,0,2,1719,"202410011509"
"11","RAD",0,0,0,0,0,0,0,0,0,0,0,0,0,0,1719,"202410011509"
"12","POG",0,0,0,0,0,0,0,0,0,0,0,0,0,0,1719,"202410011509"
"13","ŚLA",0,0,0,0,0,0,0,0,0,0,0,0,0,0,1719,"202410011509"
"14","STM",0,0,0,0,0,0,0,0,0,0,0,0,0,0,1719,"202410011509"
"15","JAG",0,0,0,0,0,0,0,0,0,0,0,0,0,0,1719,"202410011509"
"16","KOR",0,0,0,0,0,0,0,0,0,0,0,0,0,0,1719,"202410011509"
"17","WID",0,0,0,0,0,0,0,0,0,0,0,0,0,0,1719,"202410011509"
"18","MOT",0,0,0,0,0,0,0,0,0,0,0,0,0,0,1719,"202410011509"
"SUMA","EMPTY",813,3,1,0,0,0,0,0,0,0,0,2,0,47,1719,"202410011509"
"2023/24 - wiosna","EMPTY",1155,4,1,1,0,0,0,0,0,0,0,3,0,62,1719,"202410011509"
"2023/24 - jesień","EMPTY",1488,2,2,0,0,0,1,0,0,0,0,1,0,65,1719,"202410011509"
"2022/23 - wiosna","EMPTY",1220,2,1,0,0,0,0,0,0,0,0,4,0,56,1719,"202410011509"
"2022/23 - jesień","EMPTY",269,2,0,0,0,0,0,0,0,0,0,2,0,24,1719,"202410011509"
"2021/22 - wiosna","EMPTY",122,0,0,0,0,0,0,0,0,0,0,1,0,9,1719,"202410011509"
"2021/22 - jesień","EMPTY",362,1,0,0,0,0,0,0,0,0,0,0,0,23,1719,"202410011509"
"1","ZAG",78,0,0,0,0,0,0,0,0,0,0,0,0,4,1521,"202410011509"
"2","KOR",90,0,0,0,0,0,0,0,0,0,0,0,0,4,1521,"202410011509"
"3","PIA",55,0,1,0,0,0,0,0,0,0,0,0,0,5,1521,"202410011509"
"4","PUN",0,0,0,0,0,0,0,0,0,0,0,0,0,0,1521,"202410011509"
"5","RAD",63,1,0,0,0,0,0,0,0,0,0,0,0,8,1521,"202410011509"
"6","ŚLA",90,1,0,0,0,0,0,0,0,0,0,0,0,7,1521,"202410011509"
"7","MOT",90,2,0,0,0,0,0,0,0,0,0,0,0,14,1521,"202410011509"
"8","RCZ",90,0,0,0,0,0,0,0,0,0,0,1,0,1,1521,"202410011509"
"9","POG",80,0,0,0,0,0,0,0,0,0,0,0,0,2,1521,"202410011509"
"10","GÓR",90,0,0,0,0,0,0,0,0,0,0,0,0,2,1521,"202410011509"
"11","JAG",0,0,0,0,0,0,0,0,0,0,0,0,0,0,1521,"202410011509"
"12","LGD",0,0,0,0,0,0,0,0,0,0,0,0,0,0,1521,"202410011509"
"13","GKS",0,0,0,0,0,0,0,0,0,0,0,0,0,0,1521,"202410011509"
"14","WID",0,0,0,0,0,0,0,0,0,0,0,0,0,0,1521,"202410011509"
"15","LPO",0,0,0,0,0,0,0,0,0,0,0,0,0,0,1521,"202410011509"
"16","CRA",0,0,0,0,0,0,0,0,0,0,0,0,0,0,1521,"202410011509"
"17","STM",0,0,0,0,0,0,0,0,0,0,0,0,0,0,1521,"202410011509"
"18","ZAG",0,0,0,0,0,0,0,0,0,0,0,0,0,0,1521,"202410011509"
"SUMA","EMPTY",726,4,1,0,0,0,0,0,0,0,0,1,0,47,1521,"202410011509"
"2023/24 - wiosna","EMPTY",793,2,1,0,0,0,0,0,0,0,0,2,1,37,1521,"202410011509"
"2023/24 - jesień","EMPTY",119,0,1,0,0,0,0,0,0,0,0,0,0,10,1521,"202410011509"
"2022/23 - wiosna","EMPTY",939,1,2,0,0,0,0,0,0,0,0,4,0,42,1521,"202410011509"
"2022/23 - jesień","EMPTY",873,1,1,0,0,0,0,0,0,0,0,3,0,47,1521,"202410011509"
"2021/22 - wiosna","EMPTY",99,0,0,0,0,0,0,0,0,0,0,0,0,5,1521,"202410011509"
"2021/22 - jesień","EMPTY",0,0,0,0,0,0,0,0,0,0,0,0,0,0,1521,"202410011509"
"2020/21 - wiosna","EMPTY",1345,2,3,0,0,0,0,0,0,0,0,0,0,71,1521,"202410011509"
"2020/21 - jesień","EMPTY",633,1,1,0,0,0,0,0,0,0,0,2,0,33,1521,"202410011509"
"1","PUN",90,0,0,0,0,0,0,0,0,0,0,0,0,4,765,"202410011509"
"2","RAD",89,0,1,0,0,0,0,0,0,0,0,0,0,6,765,"202410011509"
"3","STM",71,1,1,0,0,0,0,0,0,0,0,0,0,13,765,"202410011509"
"5","CRA",33,0,0,0,0,0,0,0,0,0,0,0,0,1,765,"202410011509"
"6","GKS",90,0,0,0,0,0,0,0,0,0,0,0,0,2,765,"202410011509"
"7","WID",89,0,0,0,0,0,0,0,0,0,0,0,0,4,765,"202410011509"
"8","LPO",61,0,0,0,0,0,0,0,0,0,0,0,0,2,765,"202410011509"
"9","MOT",79,0,0,0,0,0,0,0,0,0,0,0,0,4,765,"202410011509"
"9","LGD",34,1,0,0,0,0,0,0,0,0,0,0,0,7,765,"202410011509"
"10","PIA",68,0,0,0,0,0,0,0,0,0,0,0,0,4,765,"202410011509"
"11","LEG",0,0,0,0,0,0,0,0,0,0,0,0,0,0,765,"202410011509"
"12","ZAG",0,0,0,0,0,0,0,0,0,0,0,0,0,0,765,"202410011509"
"13","KOR",0,0,0,0,0,0,0,0,0,0,0,0,0,0,765,"202410011509"
"14","GÓR",0,0,0,0,0,0,0,0,0,0,0,0,0,0,765,"202410011509"
"15","RCZ",0,0,0,0,0,0,0,0,0,0,0,0,0,0,765,"202410011509"
"16","ŚLA",0,0,0,0,0,0,0,0,0,0,0,0,0,0,765,"202410011509"
"17","POG",0,0,0,0,0,0,0,0,0,0,0,0,0,0,765,"202410011509"
"18","PUN",0,0,0,0,0,0,0,0,0,0,0,0,0,0,765,"202410011509"
"SUMA","EMPTY",704,2,2,0,0,0,0,0,0,0,0,0,0,47,765,"202410011509"
"2023/24 - wiosna","EMPTY",1338,7,0,1,0,0,0,0,0,0,0,0,0,82,765,"202410011509"
"2023/24 - jesień","EMPTY",1243,5,4,1,0,0,1,0,0,0,0,2,0,82,765,"202410011509"
"2022/23 - wiosna","EMPTY",1299,6,0,0,0,0,0,0,2,0,0,0,0,63,765,"202410011509"
"2022/23 - jesień","EMPTY",1512,8,3,0,0,0,0,0,0,0,0,3,0,88,765,"202410011509"
"2021/22 - wiosna","EMPTY",192,2,0,0,0,1,1,0,0,0,0,2,0,16,765,"202410011509"
"2021/22 - jesień","EMPTY",1232,7,2,0,0,0,0,1,1,0,0,2,0,69,765,"202410011509"
"2020/21 - wiosna","EMPTY",1113,3,3,0,0,1,0,0,0,0,0,1,0,53,765,"202410011509"
"2020/21 - jesień","EMPTY",1305,8,3,0,0,0,0,0,0,0,0,0,0,77,765,"202410011509"
"2019/20 - wiosna","EMPTY",1024,0,1,0,0,0,0,0,0,0,0,0,0,33,765,"202410011509"
"2019/20 - jesień","EMPTY",1697,11,3,0,0,1,0,0,1,0,0,0,0,113,765,"202410011509"
"2018/19 - wiosna","EMPTY",1030,10,0,0,0,6,2,0,2,0,0,1,0,76,765,"202410011509"
"2018/19 - jesień","EMPTY",1434,6,3,0,0,0,1,0,0,0,0,3,0,85,765,"202410011509"
"2017/18 - wiosna","EMPTY",1256,3,1,0,0,0,0,0,0,0,0,2,0,62,765,"202410011509"
"2017/18 - jesień","EMPTY",968,5,2,0,0,0,0,0,0,0,0,1,0,64,765,"202410011509"
"1","KOR",67,0,0,0,0,0,0,0,0,0,0,0,0,4,1794,"202410011509"
"2","ZAG",90,0,2,0,0,0,0,0,0,0,0,0,0,9,1794,"202410011509"
"3","GÓR",71,0,0,0,0,0,0,0,0,0,0,0,0,2,1794,"202410011509"
"4","STM",0,0,0,0,0,0,0,0,0,0,0,0,0,0,1794,"202410011509"
"5","WID",78,0,1,0,0,0,0,0,0,0,0,0,0,7,1794,"202410011509"
"6","LPO",79,0,0,0,0,0,0,0,0,0,0,1,0,1,1794,"202410011509"
"7","ŚLA",75,1,1,0,0,0,0,0,0,0,0,0,0,12,1794,"202410011509"
"8","CRA",90,0,0,0,0,0,0,0,0,0,0,0,0,2,1794,"202410011509"
"9","LEG",81,0,1,0,0,0,0,0,0,0,0,0,0,7,1794,"202410011509"
"10","GKS",70,0,0,0,0,0,0,0,0,0,0,0,0,2,1794,"202410011509"
"11","PIA",0,0,0,0,0,0,0,0,0,0,0,0,0,0,1794,"202410011509"
"12","RCZ",0,0,0,0,0,0,0,0,0,0,0,0,0,0,1794,"202410011509"
"13","PUN",0,0,0,0,0,0,0,0,0,0,0,0,0,0,1794,"202410011509"
"14","MOT",0,0,0,0,0,0,0,0,0,0,0,0,0,0,1794,"202410011509"
"15","RAD",0,0,0,0,0,0,0,0,0,0,0,0,0,0,1794,"202410011509"
"16","LGD",0,0,0,0,0,0,0,0,0,0,0,0,0,0,1794,"202410011509"
"17","JAG",0,0,0,0,0,0,0,0,0,0,0,0,0,0,1794,"202410011509"
"18","KOR",0,0,0,0,0,0,0,0,0,0,0,0,0,0,1794,"202410011509"
"SUMA","EMPTY",701,1,5,0,0,0,0,0,0,0,0,1,0,46,1794,"202410011509"
"2023/24 - wiosna","EMPTY",1302,5,5,1,0,2,0,0,2,0,0,0,0,82,1794,"202410011509"
"2023/24 - jesień","EMPTY",1624,8,5,3,0,3,1,0,0,0,0,3,0,119,1794,"202410011509"
"2022/23 - wiosna","EMPTY",1486,6,4,2,0,4,0,0,0,0,0,0,0,100,1794,"202410011509"
"2022/23 - jesień","EMPTY",1448,7,2,0,0,1,0,0,0,0,0,0,0,87,1794,"202410011509"
"2021/22 - wiosna","EMPTY",1165,6,2,0,0,0,0,0,0,0,0,2,0,74,1794,"202410011509"
"2021/22 - jesień","EMPTY",729,3,4,0,0,0,0,0,0,0,0,1,0,54,1794,"202410011509"
"1","MOT",90,0,0,0,0,0,0,0,0,0,0,0,0,4,2030,"202410011509"
"2","CRA",90,0,0,0,0,0,0,0,0,0,0,0,0,2,2030,"202410011509"
"3","GKS",90,0,0,0,0,0,0,0,0,0,0,0,0,4,2030,"202410011509"
"4","LPO",90,0,0,0,0,0,0,0,0,0,0,0,0,3,2030,"202410011509"
"5","GÓR",90,0,0,0,0,0,0,0,0,0,0,1,0,2,2030,"202410011509"
"6","LGD",90,0,1,0,0,0,0,0,0,0,0,1,0,5,2030,"202410011509"
"7","PIA",90,0,0,0,0,0,0,0,0,0,0,0,0,2,2030,"202410011509"
"8","LEG",90,0,0,0,0,0,0,0,0,0,0,1,0,3,2030,"202410011509"
"9","ZAG",90,2,1,0,0,0,0,0,0,0,0,0,0,17,2030,"202410011509"
"10","PUN",90,0,0,0,0,0,0,0,0,0,0,0,0,4,2030,"202410011509"
"11","RAD",0,0,0,0,0,0,0,0,0,0,0,0,0,0,2030,"202410011509"
"12","POG",0,0,0,0,0,0,0,0,0,0,0,0,0,0,2030,"202410011509"
"13","ŚLA",0,0,0,0,0,0,0,0,0,0,0,0,0,0,2030,"202410011509"
"14","STM",0,0,0,0,0,0,0,0,0,0,0,0,0,0,2030,"202410011509"
"15","JAG",0,0,0,0,0,0,0,0,0,0,0,0,0,0,2030,"202410011509"
"16","KOR",0,0,0,0,0,0,0,0,0,0,0,0,0,0,2030,"202410011509"
"17","WID",0,0,0,0,0,0,0,0,0,0,0,0,0,0,2030,"202410011509"
"18","MOT",0,0,0,0,0,0,0,0,0,0,0,0,0,0,2030,"202410011509"
"SUMA","EMPTY",900,2,2,0,0,0,0,0,0,0,0,3,0,46,2030,"202410011509"
"2023/24 - wiosna","EMPTY",820,2,0,0,0,0,0,1,0,0,0,2,0,35,2030,"202410011509"
"2023/24 - jesień","EMPTY",1028,0,1,0,0,0,0,0,0,0,0,5,0,35,2030,"202410011509"
"2022/23 - wiosna","EMPTY",389,1,1,0,0,0,0,0,0,0,0,2,0,37,2030,"202410011509"
"2022/23 - jesień","EMPTY",207,0,0,0,0,0,0,0,0,0,0,2,0,17,2030,"202410011509"
"1","PUN",62,0,0,0,0,0,0,0,0,0,0,0,0,4,395,"202410011509"
"2","RAD",71,2,0,0,0,0,0,0,0,0,0,0,0,14,395,"202410011509"
"3","STM",19,0,0,0,0,0,0,0,0,0,0,0,0,2,395,"202410011509"
"5","CRA",57,1,0,0,0,0,0,0,0,0,0,0,0,7,395,"202410011509"
"6","GKS",45,0,0,1,0,0,0,0,0,0,0,0,0,4,395,"202410011509"
"7","WID",76,0,0,0,0,0,0,0,0,0,0,0,0,4,395,"202410011509"
"8","LPO",7,0,0,0,0,0,0,0,0,0,0,0,0,1,395,"202410011509"
"9","MOT",68,0,0,0,0,0,0,0,0,0,0,0,0,4,395,"202410011509"
"9","LGD",56,0,0,0,0,0,0,0,0,0,0,0,0,3,395,"202410011509"
"10","PIA",22,0,0,0,0,0,0,0,0,0,0,0,0,2,395,"202410011509"
"11","LEG",0,0,0,0,0,0,0,0,0,0,0,0,0,0,395,"202410011509"
"12","ZAG",0,0,0,0,0,0,0,0,0,0,0,0,0,0,395,"202410011509"
"13","KOR",0,0,0,0,0,0,0,0,0,0,0,0,0,0,395,"202410011509"
"14","GÓR",0,0,0,0,0,0,0,0,0,0,0,0,0,0,395,"202410011509"
"15","RCZ",0,0,0,0,0,0,0,0,0,0,0,0,0,0,395,"202410011509"
"16","ŚLA",0,0,0,0,0,0,0,0,0,0,0,0,0,0,395,"202410011509"
"17","POG",0,0,0,0,0,0,0,0,0,0,0,0,0,0,395,"202410011509"
"18","PUN",0,0,0,0,0,0,0,0,0,0,0,0,0,0,395,"202410011509"
"SUMA","EMPTY",483,3,0,1,0,0,0,0,0,0,0,0,0,45,395,"202410011509"
"2023/24 - wiosna","EMPTY",290,1,1,0,0,0,0,0,0,0,0,1,0,30,395,"202410011509"
"2023/24 - jesień","EMPTY",837,0,2,0,0,0,1,0,0,0,0,1,0,40,395,"202410011509"
"2022/23 - wiosna","EMPTY",1284,1,1,0,0,0,0,0,0,0,0,4,0,42,395,"202410011509"
"2022/23 - jesień","EMPTY",1199,1,1,0,0,0,0,0,0,0,0,3,0,46,395,"202410011509"
"2021/22 - wiosna","EMPTY",983,0,0,0,0,0,0,0,0,0,0,4,0,31,395,"202410011509"
"2021/22 - jesień","EMPTY",1467,2,1,0,0,0,0,1,0,0,0,6,0,54,395,"202410011509"
"2020/21 - wiosna","EMPTY",1370,1,1,0,0,0,0,0,0,0,0,4,0,44,395,"202410011509"
"2020/21 - jesień","EMPTY",1236,0,1,0,0,0,0,0,0,0,0,5,0,33,395,"202410011509"
"2019/20 - wiosna","EMPTY",805,0,1,0,1,0,0,0,0,0,0,2,0,23,395,"202410011509"
"2019/20 - jesień","EMPTY",1395,0,4,0,0,0,0,0,0,0,0,3,0,60,395,"202410011509"
"2018/19 - wiosna","EMPTY",1393,2,1,0,0,0,0,0,0,0,0,2,0,68,395,"202410011509"
"2018/19 - jesień","EMPTY",1710,2,1,0,0,0,0,0,0,0,0,1,0,89,395,"202410011509"
"2017/18 - wiosna","EMPTY",406,0,0,0,0,0,0,0,0,0,0,1,0,18,395,"202410011509"
"2017/18 - jesień","EMPTY",1800,1,1,0,0,0,0,0,0,0,0,0,0,77,395,"202410011509"
"2016/17 - wiosna","EMPTY",1357,1,0,0,0,0,0,0,0,0,0,3,0,52,395,"202410011509"
"2016/17 - jesień","EMPTY",1575,0,0,0,0,0,0,0,0,0,0,6,0,53,395,"202410011509"
"1","KOR",89,0,1,0,0,0,0,0,0,0,0,0,0,7,1835,"202410011509"
"2","ZAG",89,0,0,0,0,0,0,0,0,0,0,0,0,2,1835,"202410011509"
"3","GÓR",90,0,0,0,0,0,0,0,0,0,0,0,0,2,1835,"202410011509"
"4","STM",88,0,0,0,0,0,0,0,0,0,0,0,0,4,1835,"202410011509"
"5","WID",90,1,0,0,0,0,0,0,0,0,0,0,0,10,1835,"202410011509"
"6","LPO",57,0,0,0,0,0,0,0,0,0,0,0,0,2,1835,"202410011509"
"7","ŚLA",85,0,2,0,0,0,0,0,0,0,0,0,0,9,1835,"202410011509"
"8","CRA",87,0,0,0,0,0,0,0,0,0,0,0,0,2,1835,"202410011509"
"9","LEG",63,0,0,0,0,0,0,0,0,0,0,0,0,4,1835,"202410011509"
"10","GKS",79,0,0,0,0,0,0,0,0,0,0,0,0,2,1835,"202410011509"
"11","PIA",0,0,0,0,0,0,0,0,0,0,0,0,0,0,1835,"202410011509"
"12","RCZ",0,0,0,0,0,0,0,0,0,0,0,0,0,0,1835,"202410011509"
"13","PUN",0,0,0,0,0,0,0,0,0,0,0,0,0,0,1835,"202410011509"
"14","MOT",0,0,0,0,0,0,0,0,0,0,0,0,0,0,1835,"202410011509"
"15","RAD",0,0,0,0,0,0,0,0,0,0,0,0,0,0,1835,"202410011509"
"16","LGD",0,0,0,0,0,0,0,0,0,0,0,0,0,0,1835,"202410011509"
"17","JAG",0,0,0,0,0,0,0,0,0,0,0,0,0,0,1835,"202410011509"
"18","KOR",0,0,0,0,0,0,0,0,0,0,0,0,0,0,1835,"202410011509"
"SUMA","EMPTY",817,1,3,0,0,0,0,0,0,0,0,0,0,44,1835,"202410011509"
"2023/24 - wiosna","EMPTY",791,1,2,0,0,0,0,0,0,0,0,2,0,45,1835,"202410011509"
"2023/24 - jesień","EMPTY",1275,4,2,0,0,0,0,1,0,0,0,4,0,70,1835,"202410011509"
"2022/23 - wiosna","EMPTY",739,3,0,0,0,0,1,0,0,0,0,2,0,52,1835,"202410011509"
"2022/23 - jesień","EMPTY",566,3,0,0,0,0,0,0,0,0,0,4,0,36,1835,"202410011509"
"2021/22 - wiosna","EMPTY",485,2,1,0,0,0,0,0,0,0,0,0,0,41,1835,"202410011509"
"1","PUN",62,0,0,0,0,0,0,0,0,0,0,0,0,4,1943,"202410011509"
"2","RAD",90,0,1,0,0,0,0,0,0,0,0,0,0,6,1943,"202410011509"
"3","STM",71,0,1,0,0,0,0,0,1,0,0,0,0,4,1943,"202410011509"
"5","CRA",23,0,0,0,0,0,0,0,0,0,0,0,0,1,1943,"202410011509"
"6","GKS",75,0,0,0,0,0,0,0,0,0,0,0,0,2,1943,"202410011509"
"7","WID",25,0,0,0,0,0,0,0,0,0,0,0,0,2,1943,"202410011509"
"8","LPO",29,0,0,0,0,0,0,0,0,0,0,0,0,1,1943,"202410011509"
"9","MOT",90,1,1,0,0,0,0,0,0,0,0,0,0,12,1943,"202410011509"
"9","LGD",67,0,0,0,0,0,0,0,0,0,0,0,0,3,1943,"202410011509"
"10","PIA",74,1,0,0,0,0,0,0,0,0,0,0,0,9,1943,"202410011509"
"11","LEG",0,0,0,0,0,0,0,0,0,0,0,0,0,0,1943,"202410011509"
"12","ZAG",0,0,0,0,0,0,0,0,0,0,0,0,0,0,1943,"202410011509"
"13","KOR",0,0,0,0,0,0,0,0,0,0,0,0,0,0,1943,"202410011509"
"14","GÓR",0,0,0,0,0,0,0,0,0,0,0,0,0,0,1943,"202410011509"
"15","RCZ",0,0,0,0,0,0,0,0,0,0,0,0,0,0,1943,"202410011509"
"16","ŚLA",0,0,0,0,0,0,0,0,0,0,0,0,0,0,1943,"202410011509"
"17","POG",0,0,0,0,0,0,0,0,0,0,0,0,0,0,1943,"202410011509"
"18","PUN",0,0,0,0,0,0,0,0,0,0,0,0,0,0,1943,"202410011509"
"SUMA","EMPTY",606,2,3,0,0,0,0,0,1,0,0,0,0,44,1943,"202410011509"
"2023/24 - wiosna","EMPTY",962,4,2,0,0,0,0,0,0,0,0,0,0,65,1943,"202410011509"
"2023/24 - jesień","EMPTY",666,5,1,0,0,0,0,0,0,0,0,0,0,55,1943,"202410011509"
"2022/23 - wiosna","EMPTY",381,2,2,0,0,0,0,0,0,0,0,0,0,34,1943,"202410011509"
"2022/23 - jesień","EMPTY",97,1,0,0,0,0,0,0,0,0,0,1,0,19,1943,"202410011509"
"1","KOR",90,0,1,0,0,0,0,0,0,0,0,0,0,11,2071,"202410011509"
"2","ZAG",69,0,0,0,0,0,0,0,0,0,0,0,0,1,2071,"202410011509"
"3","GÓR",70,0,0,0,0,0,0,0,0,0,0,0,0,2,2071,"202410011509"
"4","STM",90,0,0,0,0,0,0,0,0,0,0,0,0,6,2071,"202410011509"
"5","WID",90,0,1,0,0,0,0,0,0,0,0,0,0,11,2071,"202410011509"
"6","LPO",90,0,0,0,0,0,0,0,0,0,0,0,0,1,2071,"202410011509"
"7","ŚLA",90,0,0,0,0,0,0,0,0,0,0,0,0,1,2071,"202410011509"
"8","CRA",90,0,0,0,0,0,0,0,0,0,0,0,0,1,2071,"202410011509"
"9","LEG",81,0,0,0,0,0,0,0,0,0,0,0,0,6,2071,"202410011509"
"10","GKS",70,0,0,0,0,0,0,0,0,0,0,0,0,2,2071,"202410011509"
"11","PIA",0,0,0,0,0,0,0,0,0,0,0,0,0,0,2071,"202410011509"
"12","RCZ",0,0,0,0,0,0,0,0,0,0,0,0,0,0,2071,"202410011509"
"13","PUN",0,0,0,0,0,0,0,0,0,0,0,0,0,0,2071,"202410011509"
"14","MOT",0,0,0,0,0,0,0,0,0,0,0,0,0,0,2071,"202410011509"
"15","RAD",0,0,0,0,0,0,0,0,0,0,0,0,0,0,2071,"202410011509"
"16","LGD",0,0,0,0,0,0,0,0,0,0,0,0,0,0,2071,"202410011509"
"17","JAG",0,0,0,0,0,0,0,0,0,0,0,0,0,0,2071,"202410011509"
"18","KOR",0,0,0,0,0,0,0,0,0,0,0,0,0,0,2071,"202410011509"
"SUMA","EMPTY",830,0,2,0,0,0,0,0,0,0,0,0,0,42,2071,"202410011509"
"2023/24 - wiosna","EMPTY",1215,1,1,0,0,0,0,0,0,0,0,3,1,51,2071,"202410011509"
"2023/24 - jesień","EMPTY",1511,0,0,1,0,0,0,0,0,0,0,1,0,59,2071,"202410011509"
"2022/23 - wiosna","EMPTY",1389,2,0,1,0,0,0,0,0,0,0,2,0,64,2071,"202410011509"
"1","PUN",19,0,1,0,0,0,0,0,0,0,0,0,0,5,2391,"202410011509"
"2","RAD",19,1,0,0,0,0,0,0,0,0,0,0,0,7,2391,"202410011509"
"3","STM",90,0,0,0,0,0,0,0,0,0,0,0,0,4,2391,"202410011509"
"5","CRA",90,0,0,0,0,0,0,0,0,0,0,0,0,2,2391,"202410011509"
"6","GKS",15,0,0,0,0,0,0,0,0,0,0,0,0,1,2391,"202410011509"
"7","WID",90,0,1,0,0,0,0,0,0,0,0,0,0,7,2391,"202410011509"
"8","LPO",61,0,0,0,0,0,0,0,0,0,0,0,0,2,2391,"202410011509"
"9","MOT",68,0,0,0,0,0,0,0,0,0,0,0,0,4,2391,"202410011509"
"9","LGD",83,0,0,0,0,0,0,0,0,0,0,0,0,3,2391,"202410011509"
"10","PIA",74,0,1,0,0,0,0,0,0,0,0,0,0,7,2391,"202410011509"
"11","LEG",0,0,0,0,0,0,0,0,0,0,0,0,0,0,2391,"202410011509"
"12","ZAG",0,0,0,0,0,0,0,0,0,0,0,0,0,0,2391,"202410011509"
"13","KOR",0,0,0,0,0,0,0,0,0,0,0,0,0,0,2391,"202410011509"
"14","GÓR",0,0,0,0,0,0,0,0,0,0,0,0,0,0,2391,"202410011509"
"15","RCZ",0,0,0,0,0,0,0,0,0,0,0,0,0,0,2391,"202410011509"
"16","ŚLA",0,0,0,0,0,0,0,0,0,0,0,0,0,0,2391,"202410011509"
"17","POG",0,0,0,0,0,0,0,0,0,0,0,0,0,0,2391,"202410011509"
"18","PUN",0,0,0,0,0,0,0,0,0,0,0,0,0,0,2391,"202410011509"
"SUMA","EMPTY",609,1,3,0,0,0,0,0,0,0,0,0,0,42,2391,"202410011509"
"1","KOR",66,0,0,0,0,0,0,0,0,0,0,0,0,4,1486,"202410011509"
"2","ZAG",77,0,0,0,0,0,0,0,0,0,0,0,0,2,1486,"202410011509"
"3","GÓR",55,0,0,0,0,0,0,0,0,0,0,0,0,2,1486,"202410011509"
"4","STM",90,1,0,0,0,0,0,0,0,0,0,0,0,9,1486,"202410011509"
"5","WID",65,0,0,0,0,0,0,0,0,0,0,1,0,3,1486,"202410011509"
"6","LPO",45,0,0,0,0,0,0,0,0,0,0,1,0,1,1486,"202410011509"
"7","ŚLA",31,1,0,0,0,0,0,0,0,0,0,0,0,7,1486,"202410011509"
"8","CRA",29,0,0,0,0,0,0,0,0,0,0,0,0,1,1486,"202410011509"
"9","LEG",27,1,0,0,0,0,0,0,0,0,0,0,0,7,1486,"202410011509"
"10","GKS",29,1,0,0,0,0,0,0,0,0,0,0,0,6,1486,"202410011509"
"11","PIA",0,0,0,0,0,0,0,0,0,0,0,0,0,0,1486,"202410011509"
"12","RCZ",0,0,0,0,0,0,0,0,0,0,0,0,0,0,1486,"202410011509"
"13","PUN",0,0,0,0,0,0,0,0,0,0,0,0,0,0,1486,"202410011509"
"14","MOT",0,0,0,0,0,0,0,0,0,0,0,0,0,0,1486,"202410011509"
"15","RAD",0,0,0,0,0,0,0,0,0,0,0,0,0,0,1486,"202410011509"
"16","LGD",0,0,0,0,0,0,0,0,0,0,0,0,0,0,1486,"202410011509"
"17","JAG",0,0,0,0,0,0,0,0,0,0,0,0,0,0,1486,"202410011509"
"18","KOR",0,0,0,0,0,0,0,0,0,0,0,0,0,0,1486,"202410011509"
"SUMA","EMPTY",514,4,0,0,0,0,0,0,0,0,0,2,0,42,1486,"202410011509"
"2023/24 - wiosna","EMPTY",852,3,1,0,0,0,0,0,0,0,0,3,0,49,1486,"202410011509"
"2023/24 - jesień","EMPTY",1332,5,3,0,0,0,0,0,0,0,0,5,0,76,1486,"202410011509"
"2022/23 - wiosna","EMPTY",648,3,1,0,0,0,0,1,0,0,0,0,0,46,1486,"202410011509"
"2022/23 - jesień","EMPTY",3,0,0,0,0,0,0,0,0,0,0,0,0,2,1486,"202410011509"
"2021/22 - wiosna","EMPTY",0,0,0,0,0,0,0,0,0,0,0,0,0,0,1486,"202410011509"
"2021/22 - jesień","EMPTY",21,0,0,0,0,0,0,0,0,0,0,0,0,1,1486,"202410011509"
"2020/21 - wiosna","EMPTY",784,1,1,0,0,0,0,0,0,0,0,2,0,35,1486,"202410011509"
"2020/21 - jesień","EMPTY",1068,3,1,0,0,0,0,0,0,0,0,4,0,55,1486,"202410011509"
"1","GÓR",0,0,0,0,0,0,0,0,0,0,0,0,0,0,2123,"202410011509"
"2","WID",72,0,0,0,0,0,0,0,0,0,0,0,0,1,2123,"202410011509"
"3","LGD",90,0,0,0,0,0,0,0,0,0,0,0,0,3,2123,"202410011509"
"4","RCZ",90,0,0,0,0,0,0,0,0,0,0,0,0,5,2123,"202410011509"
"5","ZAG",90,0,0,0,0,0,0,0,0,0,0,1,0,6,2123,"202410011509"
"6","POG",89,0,0,0,0,0,0,0,0,0,0,0,0,6,2123,"202410011509"
"7","STM",90,0,0,0,0,0,0,0,0,0,0,0,0,6,2123,"202410011509"
"8","JAG",90,0,0,0,0,0,0,0,0,0,0,0,0,6,2123,"202410011509"
"9","ŚLA",90,0,0,0,0,0,0,0,0,0,0,0,0,6,2123,"202410011509"
"10","KOR",90,0,0,0,0,0,0,0,0,0,0,0,0,2,2123,"202410011509"
"11","MOT",0,0,0,0,0,0,0,0,0,0,0,0,0,0,2123,"202410011509"
"12","CRA",0,0,0,0,0,0,0,0,0,0,0,0,0,0,2123,"202410011509"
"13","RAD",0,0,0,0,0,0,0,0,0,0,0,0,0,0,2123,"202410011509"
"14","PUN",0,0,0,0,0,0,0,0,0,0,0,0,0,0,2123,"202410011509"
"15","LEG",0,0,0,0,0,0,0,0,0,0,0,0,0,0,2123,"202410011509"
"16","GKS",0,0,0,0,0,0,0,0,0,0,0,0,0,0,2123,"202410011509"
"17","PIA",0,0,0,0,0,0,0,0,0,0,0,0,0,0,2123,"202410011509"
"18","GÓR",0,0,0,0,0,0,0,0,0,0,0,0,0,0,2123,"202410011509"
"SUMA","EMPTY",791,0,0,0,0,0,0,0,0,0,0,1,0,41,2123,"202410011509"
"2023/24 - wiosna","EMPTY",315,0,0,0,0,0,0,0,0,0,0,1,0,8,2123,"202410011509"
"2023/24 - jesień","EMPTY",250,1,0,0,0,0,0,0,0,0,0,0,0,20,2123,"202410011509"
"2022/23 - wiosna","EMPTY",90,0,0,0,0,0,0,0,0,0,0,1,0,4,2123,"202410011509"
"1","KOR",89,2,0,0,0,1,0,0,0,0,0,0,0,12,2214,"202410011509"
"2","ZAG",90,1,0,0,0,0,0,0,0,0,0,0,0,6,2214,"202410011509"
"3","GÓR",82,0,0,0,0,0,0,0,0,0,0,0,0,2,2214,"202410011509"
"4","STM",0,0,0,0,0,0,0,0,0,0,0,0,0,0,2214,"202410011509"
"5","WID",88,0,0,0,0,0,0,0,0,0,0,0,0,3,2214,"202410011509"
"6","LPO",83,0,0,0,0,0,0,0,0,0,0,1,0,1,2214,"202410011509"
"7","ŚLA",90,2,0,0,0,0,0,0,0,0,0,1,0,11,2214,"202410011509"
"8","CRA",90,0,0,0,0,0,0,0,0,0,0,1,0,1,2214,"202410011509"
"9","LEG",90,0,0,0,0,0,0,0,0,0,0,0,0,3,2214,"202410011509"
"10","GKS",90,0,0,0,0,0,0,0,0,0,0,0,0,2,2214,"202410011509"
"11","PIA",0,0,0,0,0,0,0,0,0,0,0,0,0,0,2214,"202410011509"
"12","RCZ",0,0,0,0,0,0,0,0,0,0,0,0,0,0,2214,"202410011509"
"13","PUN",0,0,0,0,0,0,0,0,0,0,0,0,0,0,2214,"202410011509"
"14","MOT",0,0,0,0,0,0,0,0,0,0,0,0,0,0,2214,"202410011509"
"15","RAD",0,0,0,0,0,0,0,0,0,0,0,0,0,0,2214,"202410011509"
"16","LGD",0,0,0,0,0,0,0,0,0,0,0,0,0,0,2214,"202410011509"
"17","JAG",0,0,0,0,0,0,0,0,0,0,0,0,0,0,2214,"202410011509"
"18","KOR",0,0,0,0,0,0,0,0,0,0,0,0,0,0,2214,"202410011509"
"SUMA","EMPTY",792,5,0,0,0,1,0,0,0,0,0,3,0,41,2214,"202410011509"
"2023/24 - wiosna","EMPTY",1303,4,1,1,0,0,1,0,0,0,0,2,0,60,2214,"202410011509"
"2023/24 - jesień","EMPTY",1589,8,1,0,0,0,0,0,0,0,0,1,0,81,2214,"202410011509"
"1","CRA",76,0,0,0,0,0,0,0,0,0,0,0,0,2,171,"202410011509"
"2","ŚLA",80,0,0,0,0,0,0,0,0,0,0,0,0,4,171,"202410011509"
"3","LEG",74,1,0,0,0,0,0,0,0,0,0,1,0,7,171,"202410011509"
"4","GKS",77,1,0,0,0,0,0,0,0,0,0,0,0,7,171,"202410011509"
"5","STM",73,0,0,0,0,0,0,0,0,0,0,0,0,2,171,"202410011509"
"6","ZAG",69,0,0,0,0,0,0,0,0,0,0,0,0,4,171,"202410011509"
"7","RCZ",90,0,0,0,0,0,0,0,0,0,0,0,0,4,171,"202410011509"
"8","PUN",77,1,0,0,0,1,0,0,0,0,0,0,0,7,171,"202410011509"
"9","WID",60,0,0,0,0,0,0,0,0,0,0,0,0,2,171,"202410011509"
"10","JAG",68,0,0,0,0,0,0,0,0,0,0,0,0,2,171,"202410011509"
"11","POG",0,0,0,0,0,0,0,0,0,0,0,0,0,0,171,"202410011509"
"12","KOR",0,0,0,0,0,0,0,0,0,0,0,0,0,0,171,"202410011509"
"13","LGD",0,0,0,0,0,0,0,0,0,0,0,0,0,0,171,"202410011509"
"14","RAD",0,0,0,0,0,0,0,0,0,0,0,0,0,0,171,"202410011509"
"15","MOT",0,0,0,0,0,0,0,0,0,0,0,0,0,0,171,"202410011509"
"16","GÓR",0,0,0,0,0,0,0,0,0,0,0,0,0,0,171,"202410011509"
"17","LPO",0,0,0,0,0,0,0,0,0,0,0,0,0,0,171,"202410011509"
"18","CRA",0,0,0,0,0,0,0,0,0,0,0,0,0,0,171,"202410011509"
"SUMA","EMPTY",744,3,0,0,0,1,0,0,0,0,0,1,0,41,171,"202410011509"
"2023/24 - wiosna","EMPTY",533,0,0,0,0,0,1,0,0,0,0,0,0,26,171,"202410011509"
"2023/24 - jesień","EMPTY",1336,1,0,0,0,1,0,0,0,0,0,4,0,47,171,"202410011509"
"2022/23 - wiosna","EMPTY",1393,3,3,0,0,0,0,1,0,0,0,2,0,72,171,"202410011509"
"2022/23 - jesień","EMPTY",1184,1,2,0,0,0,0,0,0,0,0,5,0,45,171,"202410011509"
"2021/22 - wiosna","EMPTY",1205,0,1,0,0,0,0,0,0,0,0,0,0,52,171,"202410011509"
"2021/22 - jesień","EMPTY",1536,4,1,0,0,0,0,0,0,0,0,5,0,63,171,"202410011509"
"2020/21 - wiosna","EMPTY",1195,1,4,0,0,0,0,0,0,0,0,2,0,61,171,"202410011509"
"2020/21 - jesień","EMPTY",539,0,1,0,0,0,0,0,0,0,0,2,0,21,171,"202410011509"
"2019/20 - wiosna","EMPTY",1234,3,2,0,0,2,1,0,0,0,0,4,1,51,171,"202410011509"
"2019/20 - jesień","EMPTY",1192,2,1,0,0,0,0,0,0,0,0,4,0,70,171,"202410011509"
"2018/19 - wiosna","EMPTY",1043,1,2,0,0,0,0,0,0,0,0,5,0,54,171,"202410011509"
"2018/19 - jesień","EMPTY",1137,2,4,0,0,0,0,0,0,0,0,4,0,68,171,"202410011509"
"2017/18 - wiosna","EMPTY",663,1,0,0,0,0,1,0,0,0,0,1,0,39,171,"202410011509"
"2017/18 - jesień","EMPTY",1384,0,4,0,0,0,1,0,0,0,0,5,0,69,171,"202410011509"
"2016/17 - wiosna","EMPTY",41,0,0,0,0,0,0,0,0,0,0,1,0,5,171,"202410011509"
"2016/17 - jesień","EMPTY",1050,0,0,0,0,0,0,0,0,0,0,3,0,49,171,"202410011509"
"1","GÓR",90,0,0,0,0,0,0,0,0,0,0,0,0,6,1573,"202410011509"
"2","WID",90,0,0,0,0,0,0,0,0,0,0,1,0,0,1573,"202410011509"
"3","LGD",90,0,0,0,0,0,0,0,0,0,0,0,0,3,1573,"202410011509"
"4","RCZ",90,0,0,0,0,0,0,0,0,0,0,1,0,4,1573,"202410011509"
"5","ZAG",45,0,0,0,0,0,0,0,0,0,0,0,0,3,1573,"202410011509"
"6","POG",90,0,0,0,0,0,0,0,0,0,0,0,0,6,1573,"202410011509"
"7","STM",90,0,0,0,0,0,0,0,0,0,0,0,0,6,1573,"202410011509"
"8","JAG",90,0,0,0,0,0,0,0,0,0,0,1,0,5,1573,"202410011509"
"9","ŚLA",90,0,0,0,0,0,0,0,0,0,0,0,0,6,1573,"202410011509"
"10","KOR",90,0,0,0,0,0,0,0,0,0,0,1,0,1,1573,"202410011509"
"11","MOT",0,0,0,0,0,0,0,0,0,0,0,0,0,0,1573,"202410011509"
"12","CRA",0,0,0,0,0,0,0,0,0,0,0,0,0,0,1573,"202410011509"
"13","RAD",0,0,0,0,0,0,0,0,0,0,0,0,0,0,1573,"202410011509"
"14","PUN",0,0,0,0,0,0,0,0,0,0,0,0,0,0,1573,"202410011509"
"15","LEG",0,0,0,0,0,0,0,0,0,0,0,0,0,0,1573,"202410011509"
"16","GKS",0,0,0,0,0,0,0,0,0,0,0,0,0,0,1573,"202410011509"
"17","PIA",0,0,0,0,0,0,0,0,0,0,0,0,0,0,1573,"202410011509"
"18","GÓR",0,0,0,0,0,0,0,0,0,0,0,0,0,0,1573,"202410011509"
"SUMA","EMPTY",855,0,0,0,0,0,0,0,0,0,0,4,0,40,1573,"202410011509"
"2023/24 - wiosna","EMPTY",675,0,0,0,0,0,0,0,0,0,0,1,0,20,1573,"202410011509"
"2023/24 - jesień","EMPTY",1458,1,0,0,0,0,0,0,0,0,0,2,0,50,1573,"202410011509"
"2022/23 - wiosna","EMPTY",1027,1,0,0,0,0,0,0,0,0,0,1,0,41,1573,"202410011509"
"2022/23 - jesień","EMPTY",826,0,0,0,0,0,1,1,0,0,0,1,0,40,1573,"202410011509"
"2021/22 - wiosna","EMPTY",1217,1,0,0,0,0,0,0,0,0,0,1,0,56,1573,"202410011509"
"2021/22 - jesień","EMPTY",1103,3,2,0,0,0,0,0,0,0,0,2,0,73,1573,"202410011509"
"2020/21 - wiosna","EMPTY",816,0,0,0,0,0,0,0,0,0,0,4,0,18,1573,"202410011509"
"1","GÓR",73,0,0,0,0,0,0,0,0,0,0,0,0,4,1632,"202410011509"
"2","WID",89,0,1,0,0,0,0,0,0,0,0,0,0,5,1632,"202410011509"
"3","LGD",90,0,0,0,0,0,0,0,0,0,0,0,0,3,1632,"202410011509"
"4","RCZ",90,0,0,0,0,0,0,0,0,0,0,0,0,3,1632,"202410011509"
"5","ZAG",65,0,0,0,0,0,0,0,0,0,0,0,0,4,1632,"202410011509"
"6","POG",90,0,0,0,0,0,0,0,0,0,0,0,0,4,1632,"202410011509"
"7","STM",90,0,1,0,0,0,0,0,0,0,0,1,0,6,1632,"202410011509"
"8","JAG",83,0,0,0,0,0,0,0,0,0,0,0,0,4,1632,"202410011509"
"9","ŚLA",45,0,0,0,0,0,0,0,0,0,0,0,0,3,1632,"202410011509"
"10","KOR",90,0,0,0,0,0,0,0,0,0,0,0,0,4,1632,"202410011509"
"11","MOT",0,0,0,0,0,0,0,0,0,0,0,0,0,0,1632,"202410011509"
"12","CRA",0,0,0,0,0,0,0,0,0,0,0,0,0,0,1632,"202410011509"
"13","RAD",0,0,0,0,0,0,0,0,0,0,0,0,0,0,1632,"202410011509"
"14","PUN",0,0,0,0,0,0,0,0,0,0,0,0,0,0,1632,"202410011509"
"15","LEG",0,0,0,0,0,0,0,0,0,0,0,0,0,0,1632,"202410011509"
"16","GKS",0,0,0,0,0,0,0,0,0,0,0,0,0,0,1632,"202410011509"
"17","PIA",0,0,0,0,0,0,0,0,0,0,0,0,0,0,1632,"202410011509"
"18","GÓR",0,0,0,0,0,0,0,0,0,0,0,0,0,0,1632,"202410011509"
"SUMA","EMPTY",805,0,2,0,0,0,0,0,0,0,0,1,0,40,1632,"202410011509"
"2023/24 - wiosna","EMPTY",0,0,0,0,0,0,0,0,0,0,0,0,0,0,1632,"202410011509"
"2023/24 - jesień","EMPTY",0,0,0,0,0,0,0,0,0,0,0,0,0,0,1632,"202410011509"
"2022/23 - wiosna","EMPTY",0,0,0,0,0,0,0,0,0,0,0,0,0,0,1632,"202410011509"
"2022/23 - jesień","EMPTY",0,0,0,0,0,0,0,0,0,0,0,0,0,0,1632,"202410011509"
"2021/22 - wiosna","EMPTY",0,0,0,0,0,0,0,0,0,0,0,0,0,0,1632,"202410011509"
"2021/22 - jesień","EMPTY",20,0,0,0,0,0,0,0,0,0,0,0,0,2,1632,"202410011509"
"2020/21 - wiosna","EMPTY",10,0,0,0,0,0,0,0,0,0,0,0,0,1,1632,"202410011509"
"1","STM",82,0,1,0,0,0,0,0,0,0,0,0,0,5,2225,"202410011509"
"2","LPO",62,1,0,0,0,0,0,0,0,0,0,0,0,8,2225,"202410011509"
"3","CRA",89,1,0,0,0,0,0,0,0,0,0,0,0,9,2225,"202410011509"
"4","ŚLA",89,0,0,0,0,0,0,0,0,0,0,0,0,3,2225,"202410011509"
"5","POG",90,0,0,0,0,0,0,0,0,0,0,0,0,2,2225,"202410011509"
"6","RAD",90,1,0,0,0,0,0,0,0,0,0,0,0,8,2225,"202410011509"
"7","JAG",44,0,0,0,0,0,0,0,0,0,0,1,1,-1,2225,"202410011509"
"8","GKS",90,0,0,0,0,0,0,0,0,0,0,0,0,2,2225,"202410011509"
"9","PIA",90,0,0,0,0,0,0,0,0,0,0,0,0,4,2225,"202410011509"
"10","LGD",90,0,0,0,0,0,0,1,0,0,0,0,0,0,2225,"202410011509"
"11","KOR",0,0,0,0,0,0,0,0,0,0,0,0,0,0,2225,"202410011509"
"12","MOT",0,0,0,0,0,0,0,0,0,0,0,0,0,0,2225,"202410011509"
"13","GÓR",0,0,0,0,0,0,0,0,0,0,0,0,0,0,2225,"202410011509"
"14","LEG",0,0,0,0,0,0,0,0,0,0,0,0,0,0,2225,"202410011509"
"15","ZAG",0,0,0,0,0,0,0,0,0,0,0,0,0,0,2225,"202410011509"
"16","PUN",0,0,0,0,0,0,0,0,0,0,0,0,0,0,2225,"202410011509"
"17","RCZ",0,0,0,0,0,0,0,0,0,0,0,0,0,0,2225,"202410011509"
"18","STM",0,0,0,0,0,0,0,0,0,0,0,0,0,0,2225,"202410011509"
"SUMA","EMPTY",816,3,1,0,0,0,0,1,0,0,0,1,1,40,2225,"202410011509"
"2023/24 - wiosna","EMPTY",1143,3,3,0,0,0,0,0,0,0,0,4,0,59,2225,"202410011509"
"2023/24 - jesień","EMPTY",1100,3,1,0,0,0,0,0,0,0,0,2,0,51,2225,"202410011509"
"1","RCZ",90,0,0,0,0,0,0,0,0,0,0,0,0,2,2450,"202410011509"
"2","LGD",90,0,0,0,0,0,0,0,0,0,0,0,0,6,2450,"202410011509"
"3","KOR",90,0,0,0,0,0,0,0,0,0,0,0,0,3,2450,"202410011509"
"5","GKS",90,0,0,0,0,0,0,0,0,0,0,0,0,5,2450,"202410011509"
"6","PUN",90,0,0,0,0,0,0,0,0,0,0,0,0,6,2450,"202410011509"
"7","LEG",90,0,0,0,0,0,0,0,0,1,0,0,0,3,2450,"202410011509"
"8","GÓR",90,0,0,0,0,0,0,0,0,0,0,0,0,7,2450,"202410011509"
"9","JAG",90,0,0,0,0,0,0,0,0,0,0,0,0,1,2450,"202410011509"
"9","STM",90,0,0,0,0,0,0,0,0,0,0,0,0,3,2450,"202410011509"
"10","ŚLA",90,0,0,0,0,0,0,0,0,0,0,0,0,3,2450,"202410011509"
"11","LPO",0,0,0,0,0,0,0,0,0,0,0,0,0,0,2450,"202410011509"
"12","WID",0,0,0,0,0,0,0,0,0,0,0,0,0,0,2450,"202410011509"
"13","CRA",0,0,0,0,0,0,0,0,0,0,0,0,0,0,2450,"202410011509"
"14","POG",0,0,0,0,0,0,0,0,0,0,0,0,0,0,2450,"202410011509"
"15","PIA",0,0,0,0,0,0,0,0,0,0,0,0,0,0,2450,"202410011509"
"16","ZAG",0,0,0,0,0,0,0,0,0,0,0,0,0,0,2450,"202410011509"
"17","RAD",0,0,0,0,0,0,0,0,0,0,0,0,0,0,2450,"202410011509"
"18","RCZ",0,0,0,0,0,0,0,0,0,0,0,0,0,0,2450,"202410011509"
"SUMA","EMPTY",900,0,0,0,0,0,0,0,0,1,0,0,0,39,2450,"202410011509"
"1","STM",28,1,0,0,0,0,0,0,0,0,0,0,0,6,455,"202410011509"
"2","LPO",62,0,1,0,0,0,0,0,0,0,0,0,0,6,455,"202410011509"
"3","CRA",80,1,0,0,0,0,0,0,0,0,0,0,0,8,455,"202410011509"
"4","ŚLA",64,0,0,0,0,0,0,0,0,0,0,0,0,3,455,"202410011509"
"5","POG",65,0,0,0,0,0,0,0,0,0,0,0,0,2,455,"202410011509"
"6","RAD",70,0,0,0,0,0,0,0,0,0,0,0,0,3,455,"202410011509"
"7","JAG",62,0,0,0,0,0,0,0,0,0,0,0,0,2,455,"202410011509"
"8","GKS",19,1,0,0,0,0,0,0,0,0,0,0,0,6,455,"202410011509"
"9","PIA",27,0,0,0,0,0,0,0,0,0,0,0,0,2,455,"202410011509"
"10","LGD",45,0,0,0,0,0,0,0,0,0,0,0,0,1,455,"202410011509"
"11","KOR",0,0,0,0,0,0,0,0,0,0,0,0,0,0,455,"202410011509"
"12","MOT",0,0,0,0,0,0,0,0,0,0,0,0,0,0,455,"202410011509"
"13","GÓR",0,0,0,0,0,0,0,0,0,0,0,0,0,0,455,"202410011509"
"14","LEG",0,0,0,0,0,0,0,0,0,0,0,0,0,0,455,"202410011509"
"15","ZAG",0,0,0,0,0,0,0,0,0,0,0,0,0,0,455,"202410011509"
"16","PUN",0,0,0,0,0,0,0,0,0,0,0,0,0,0,455,"202410011509"
"17","RCZ",0,0,0,0,0,0,0,0,0,0,0,0,0,0,455,"202410011509"
"18","STM",0,0,0,0,0,0,0,0,0,0,0,0,0,0,455,"202410011509"
"SUMA","EMPTY",522,3,1,0,0,0,0,0,0,0,0,0,0,39,455,"202410011509"
"2023/24 - wiosna","EMPTY",115,0,0,0,0,0,0,0,0,0,0,1,0,8,455,"202410011509"
"2023/24 - jesień","EMPTY",226,0,0,0,0,0,0,0,0,0,0,0,0,6,455,"202410011509"
"2022/23 - wiosna","EMPTY",1349,5,1,0,0,3,0,0,0,0,0,1,0,77,455,"202410011509"
"2022/23 - jesień","EMPTY",1341,7,0,0,0,1,0,0,0,0,0,1,0,72,455,"202410011509"
"2021/22 - wiosna","EMPTY",0,0,0,0,0,0,0,0,0,0,0,0,0,0,455,"202410011509"
"2021/22 - jesień","EMPTY",0,0,0,0,0,0,0,0,0,0,0,0,0,0,455,"202410011509"
"2020/21 - wiosna","EMPTY",0,0,0,0,0,0,0,0,0,0,0,0,0,0,455,"202410011509"
"2020/21 - jesień","EMPTY",0,0,0,0,0,0,0,0,0,0,0,0,0,0,455,"202410011509"
"2019/20 - jesień","EMPTY",0,0,0,0,0,0,0,0,0,0,0,0,0,0,455,"202410011509"
"2018/19 - wiosna","EMPTY",260,0,0,0,0,0,0,0,0,0,0,0,0,14,455,"202410011509"
"2018/19 - jesień","EMPTY",439,2,0,0,0,0,1,0,0,0,0,1,0,35,455,"202410011509"
"2017/18 - wiosna","EMPTY",271,0,0,0,0,0,0,0,0,0,0,1,0,14,455,"202410011509"
"2017/18 - jesień","EMPTY",268,0,0,0,0,0,0,1,0,0,0,1,0,17,455,"202410011509"
"2016/17 - wiosna","EMPTY",0,0,0,0,0,0,0,0,0,0,0,0,0,0,455,"202410011509"
"2016/17 - jesień","EMPTY",0,0,0,0,0,0,0,0,0,0,0,0,0,0,455,"202410011509"
"1","CRA",90,0,0,0,0,0,0,0,0,0,0,0,0,2,1480,"202410011509"
"2","ŚLA",90,1,0,0,0,0,0,0,0,0,0,0,0,13,1480,"202410011509"
"3","LEG",90,0,0,0,0,0,0,0,0,0,0,0,0,3,1480,"202410011509"
"4","GKS",90,0,0,0,0,0,0,0,0,0,0,0,0,1,1480,"202410011509"
"5","STM",90,0,0,0,0,0,0,0,0,0,0,0,0,1,1480,"202410011509"
"6","ZAG",90,0,0,0,0,0,0,0,0,0,0,0,0,6,1480,"202410011509"
"7","RCZ",90,0,0,0,0,0,0,0,0,0,0,0,0,7,1480,"202410011509"
"8","PUN",90,0,0,0,0,0,0,0,0,0,0,0,0,2,1480,"202410011509"
"9","WID",90,0,0,0,0,0,0,0,0,0,0,0,0,2,1480,"202410011509"
"10","JAG",90,0,0,0,0,0,0,0,0,0,0,0,0,2,1480,"202410011509"
"11","POG",0,0,0,0,0,0,0,0,0,0,0,0,0,0,1480,"202410011509"
"12","KOR",0,0,0,0,0,0,0,0,0,0,0,0,0,0,1480,"202410011509"
"13","LGD",0,0,0,0,0,0,0,0,0,0,0,0,0,0,1480,"202410011509"
"14","RAD",0,0,0,0,0,0,0,0,0,0,0,0,0,0,1480,"202410011509"
"15","MOT",0,0,0,0,0,0,0,0,0,0,0,0,0,0,1480,"202410011509"
"16","GÓR",0,0,0,0,0,0,0,0,0,0,0,0,0,0,1480,"202410011509"
"17","LPO",0,0,0,0,0,0,0,0,0,0,0,0,0,0,1480,"202410011509"
"18","CRA",0,0,0,0,0,0,0,0,0,0,0,0,0,0,1480,"202410011509"
"SUMA","EMPTY",900,1,0,0,0,0,0,0,0,0,0,0,0,39,1480,"202410011509"
"2023/24 - wiosna","EMPTY",1344,0,2,0,0,0,0,0,0,0,0,5,0,46,1480,"202410011509"
"2023/24 - jesień","EMPTY",1485,0,0,0,0,0,0,0,0,0,0,4,1,40,1480,"202410011509"
"2022/23 - wiosna","EMPTY",1505,2,0,0,0,0,2,0,0,0,0,2,0,64,1480,"202410011509"
"2022/23 - jesień","EMPTY",904,0,0,0,0,0,0,0,0,0,0,0,0,34,1480,"202410011509"
"2021/22 - wiosna","EMPTY",681,0,0,0,0,0,0,0,0,0,0,1,0,30,1480,"202410011509"
"2021/22 - jesień","EMPTY",883,2,2,0,0,0,1,0,0,0,0,1,0,48,1480,"202410011509"
"2020/21 - wiosna","EMPTY",572,0,1,0,0,0,1,0,0,0,0,3,0,27,1480,"202410011509"
"2020/21 - jesień","EMPTY",389,0,0,0,0,0,0,0,0,0,0,1,0,15,1480,"202410011509"
"1","POG",36,0,0,0,0,0,0,0,0,0,0,0,0,1,2394,"202410011509"
"2","LEG",15,0,0,0,0,0,0,0,0,0,0,0,0,1,2394,"202410011509"
"3","MOT",66,0,0,0,0,0,0,0,0,0,0,0,0,2,2394,"202410011509"
"4","CRA",90,0,0,0,0,0,0,0,0,0,0,0,0,2,2394,"202410011509"
"5","ŚLA",90,0,0,0,0,0,0,0,0,0,0,0,0,2,2394,"202410011509"
"6","STM",89,1,0,0,0,1,0,0,0,0,0,0,0,8,2394,"202410011509"
"7","PUN",80,0,0,0,0,0,0,0,0,0,0,0,0,3,2394,"202410011509"
"8","ZAG",62,0,0,0,0,0,0,0,0,0,0,0,0,4,2394,"202410011509"
"9","RAD",45,0,0,0,0,0,0,0,0,0,0,0,0,2,2394,"202410011509"
"10","LPO",81,2,0,0,0,1,0,0,0,0,0,0,0,13,2394,"202410011509"
"11","WID",0,0,0,0,0,0,0,0,0,0,0,0,0,0,2394,"202410011509"
"12","PIA",0,0,0,0,0,0,0,0,0,0,0,0,0,0,2394,"202410011509"
"13","JAG",0,0,0,0,0,0,0,0,0,0,0,0,0,0,2394,"202410011509"
"14","GKS",0,0,0,0,0,0,0,0,0,0,0,0,0,0,2394,"202410011509"
"15","LGD",0,0,0,0,0,0,0,0,0,0,0,0,0,0,2394,"202410011509"
"16","RCZ",0,0,0,0,0,0,0,0,0,0,0,0,0,0,2394,"202410011509"
"17","GÓR",0,0,0,0,0,0,0,0,0,0,0,0,0,0,2394,"202410011509"
"18","POG",0,0,0,0,0,0,0,0,0,0,0,0,0,0,2394,"202410011509"
"SUMA","EMPTY",654,3,0,0,0,2,0,0,0,0,0,0,0,38,2394,"202410011509"
"1","MOT",84,0,0,0,0,0,0,0,0,0,0,0,0,4,1900,"202410011509"
"2","CRA",37,0,0,0,0,0,0,0,0,0,0,0,0,2,1900,"202410011509"
"3","GKS",45,0,0,0,0,0,0,0,0,0,0,0,0,3,1900,"202410011509"
"4","LPO",89,0,0,0,0,0,0,0,0,0,0,0,0,3,1900,"202410011509"
"5","GÓR",85,0,0,0,0,0,0,0,0,0,0,0,0,3,1900,"202410011509"
"6","LGD",90,0,0,0,0,0,0,0,0,0,0,0,0,3,1900,"202410011509"
"7","PIA",90,0,0,0,0,0,0,0,0,0,0,1,0,1,1900,"202410011509"
"8","LEG",90,0,1,0,0,0,0,0,0,0,0,0,0,7,1900,"202410011509"
"9","ZAG",87,1,0,0,0,0,0,0,0,0,0,0,0,9,1900,"202410011509"
"10","PUN",60,0,0,0,0,0,0,0,0,0,0,1,0,3,1900,"202410011509"
"11","RAD",0,0,0,0,0,0,0,0,0,0,0,0,0,0,1900,"202410011509"
"12","POG",0,0,0,0,0,0,0,0,0,0,0,0,0,0,1900,"202410011509"
"13","ŚLA",0,0,0,0,0,0,0,0,0,0,0,0,0,0,1900,"202410011509"
"14","STM",0,0,0,0,0,0,0,0,0,0,0,0,0,0,1900,"202410011509"
"15","JAG",0,0,0,0,0,0,0,0,0,0,0,0,0,0,1900,"202410011509"
"16","KOR",0,0,0,0,0,0,0,0,0,0,0,0,0,0,1900,"202410011509"
"17","WID",0,0,0,0,0,0,0,0,0,0,0,0,0,0,1900,"202410011509"
"18","MOT",0,0,0,0,0,0,0,0,0,0,0,0,0,0,1900,"202410011509"
"SUMA","EMPTY",757,1,1,0,0,0,0,0,0,0,0,2,0,38,1900,"202410011509"
"2023/24 - wiosna","EMPTY",1228,2,0,0,0,0,0,0,0,0,0,2,0,46,1900,"202410011509"
"2023/24 - jesień","EMPTY",1037,3,2,0,0,0,0,0,0,0,0,2,0,59,1900,"202410011509"
"2022/23 - wiosna","EMPTY",1078,5,3,0,0,0,0,2,0,0,0,2,0,75,1900,"202410011509"
"2022/23 - jesień","EMPTY",1159,3,0,0,0,0,0,0,0,0,0,1,0,65,1900,"202410011509"
"2021/22 - wiosna","EMPTY",51,0,0,0,0,0,0,0,0,0,0,0,0,4,1900,"202410011509"
"1","PUN",90,0,0,0,0,0,0,0,0,0,0,1,0,5,1169,"202410011509"
"2","RAD",1,0,0,0,0,0,0,0,0,0,0,0,0,2,1169,"202410011509"
"3","STM",90,0,0,0,0,0,0,0,0,0,0,0,0,6,1169,"202410011509"
"5","CRA",0,0,0,0,0,0,0,0,0,0,0,0,0,0,1169,"202410011509"
"6","GKS",90,0,0,0,0,0,0,0,0,0,0,0,0,0,1169,"202410011509"
"7","WID",90,0,0,0,0,0,0,0,0,0,0,0,0,6,1169,"202410011509"
"8","LPO",90,0,0,0,0,0,0,0,0,0,0,0,0,-2,1169,"202410011509"
"9","MOT",90,0,0,0,0,0,0,0,0,0,0,0,0,6,1169,"202410011509"
"9","LGD",90,1,0,0,0,1,0,0,0,0,0,0,0,8,1169,"202410011509"
"10","PIA",90,0,0,0,0,0,0,0,0,0,0,0,0,7,1169,"202410011509"
"11","LEG",0,0,0,0,0,0,0,0,0,0,0,0,0,0,1169,"202410011509"
"12","ZAG",0,0,0,0,0,0,0,0,0,0,0,0,0,0,1169,"202410011509"
"13","KOR",0,0,0,0,0,0,0,0,0,0,0,0,0,0,1169,"202410011509"
"14","GÓR",0,0,0,0,0,0,0,0,0,0,0,0,0,0,1169,"202410011509"
"15","RCZ",0,0,0,0,0,0,0,0,0,0,0,0,0,0,1169,"202410011509"
"16","ŚLA",0,0,0,0,0,0,0,0,0,0,0,0,0,0,1169,"202410011509"
"17","POG",0,0,0,0,0,0,0,0,0,0,0,0,0,0,1169,"202410011509"
"18","PUN",0,0,0,0,0,0,0,0,0,0,0,0,0,0,1169,"202410011509"
"SUMA","EMPTY",721,1,0,0,0,1,0,0,0,0,0,1,0,38,1169,"202410011509"
"2023/24 - wiosna","EMPTY",1349,1,0,0,0,0,0,0,0,0,0,2,0,47,1169,"202410011509"
"2023/24 - jesień","EMPTY",1051,2,1,0,0,0,0,0,0,0,0,1,0,49,1169,"202410011509"
"2022/23 - wiosna","EMPTY",1206,0,0,0,0,0,0,0,0,0,0,2,0,35,1169,"202410011509"
"2022/23 - jesień","EMPTY",779,1,0,0,0,0,0,1,0,0,0,2,1,23,1169,"202410011509"
"2021/22 - wiosna","EMPTY",23,0,0,0,0,0,0,0,0,0,0,0,0,4,1169,"202410011509"
"2021/22 - jesień","EMPTY",0,0,0,0,0,0,0,0,0,0,0,0,0,0,1169,"202410011509"
"2020/21 - wiosna","EMPTY",0,0,0,0,0,0,0,0,0,0,0,0,0,0,1169,"202410011509"
"2020/21 - jesień","EMPTY",0,0,0,0,0,0,0,0,0,0,0,0,0,0,1169,"202410011509"
"2019/20 - wiosna","EMPTY",0,0,0,0,0,0,0,0,0,0,0,0,0,0,1169,"202410011509"
"2019/20 - jesień","EMPTY",64,0,0,0,0,0,0,0,0,0,0,1,0,3,1169,"202410011509"
"2018/19 - wiosna","EMPTY",164,0,0,0,0,0,0,0,0,0,0,2,0,6,1169,"202410011509"
"1","RAD",90,0,0,0,0,0,0,0,0,0,0,0,0,1,951,"202410011509"
"2","STM",90,1,0,0,0,1,0,0,0,0,0,0,0,13,951,"202410011509"
"3","RCZ",90,0,0,0,0,0,0,0,0,0,0,0,0,2,951,"202410011509"
"4","PIA",90,0,0,0,0,0,0,0,0,0,0,0,0,1,951,"202410011509"
"5","MOT",90,0,0,0,0,0,0,0,0,0,0,0,0,5,951,"202410011509"
"6","JAG",90,0,0,0,0,0,0,0,0,0,0,0,0,3,951,"202410011509"
"7","ZAG",90,0,0,0,0,0,0,0,0,0,0,0,0,2,951,"202410011509"
"8","WID",90,0,0,0,0,0,0,0,0,0,0,0,0,1,951,"202410011509"
"9","GÓR",90,0,0,0,0,0,0,0,0,0,0,0,0,0,951,"202410011509"
"10","POG",90,1,0,0,0,0,0,0,0,0,0,0,0,10,951,"202410011509"
"11","PUN",0,0,0,0,0,0,0,0,0,0,0,0,0,0,951,"202410011509"
"12","ŚLA",0,0,0,0,0,0,0,0,0,0,0,0,0,0,951,"202410011509"
"13","LEG",0,0,0,0,0,0,0,0,0,0,0,0,0,0,951,"202410011509"
"14","KOR",0,0,0,0,0,0,0,0,0,0,0,0,0,0,951,"202410011509"
"15","CRA",0,0,0,0,0,0,0,0,0,0,0,0,0,0,951,"202410011509"
"16","LPO",0,0,0,0,0,0,0,0,0,0,0,0,0,0,951,"202410011509"
"17","LGD",0,0,0,0,0,0,0,0,0,0,0,0,0,0,951,"202410011509"
"18","RAD",0,0,0,0,0,0,0,0,0,0,0,0,0,0,951,"202410011509"
"SUMA","EMPTY",900,2,0,0,0,1,0,0,0,0,0,0,0,38,951,"202410011509"
"2019/20 - jesień","EMPTY",0,0,0,0,0,0,0,0,0,0,0,0,0,0,951,"202410011509"
"2018/19 - wiosna","EMPTY",0,0,0,0,0,0,0,0,0,0,0,0,0,0,951,"202410011509"
"2018/19 - jesień","EMPTY",1326,0,0,0,0,0,0,2,0,0,0,3,0,17,951,"202410011509"
"1","LPO",90,0,0,0,0,0,0,0,0,0,0,0,0,2,705,"202410011509"
"2","PUN",90,1,0,0,0,0,0,0,0,0,0,0,0,7,705,"202410011509"
"3","POG",90,0,1,0,0,0,0,0,0,0,0,0,0,8,705,"202410011509"
"4","RAD",90,0,0,0,0,0,0,0,0,0,0,0,0,3,705,"202410011509"
"5","RCZ",90,0,0,0,0,0,0,0,0,0,0,0,0,3,705,"202410011509"
"6","CRA",90,1,0,0,0,0,0,0,0,0,0,0,0,7,705,"202410011509"
"7","LGD",90,0,0,0,0,0,0,0,0,0,0,1,0,1,705,"202410011509"
"8","MOT",90,0,0,0,0,0,0,0,0,0,0,0,0,2,705,"202410011509"
"9","GKS",90,0,0,0,0,0,0,0,0,0,0,0,0,4,705,"202410011509"
"10","LEG",90,0,0,0,0,0,0,0,0,0,0,1,0,1,705,"202410011509"
"11","ZAG",0,0,0,0,0,0,0,0,0,0,0,0,0,0,705,"202410011509"
"12","STM",0,0,0,0,0,0,0,0,0,0,0,0,0,0,705,"202410011509"
"13","WID",0,0,0,0,0,0,0,0,0,0,0,0,0,0,705,"202410011509"
"14","JAG",0,0,0,0,0,0,0,0,0,0,0,0,0,0,705,"202410011509"
"15","ŚLA",0,0,0,0,0,0,0,0,0,0,0,0,0,0,705,"202410011509"
"16","PIA",0,0,0,0,0,0,0,0,0,0,0,0,0,0,705,"202410011509"
"17","KOR",0,0,0,0,0,0,0,0,0,0,0,0,0,0,705,"202410011509"
"18","LPO",0,0,0,0,0,0,0,0,0,0,0,0,0,0,705,"202410011509"
"SUMA","EMPTY",900,2,1,0,0,0,0,0,0,0,0,2,0,38,705,"202410011509"
"2023/24 - wiosna","EMPTY",1299,1,2,0,0,0,0,0,0,0,0,2,0,50,705,"202410011509"
"2023/24 - jesień","EMPTY",1599,1,0,0,0,0,0,0,0,0,0,0,0,53,705,"202410011509"
"2022/23 - wiosna","EMPTY",1229,2,0,0,0,0,0,0,0,0,0,3,0,51,705,"202410011509"
"2022/23 - jesień","EMPTY",691,0,4,0,0,0,0,0,0,0,0,3,0,38,705,"202410011509"
"2021/22 - wiosna","EMPTY",464,1,1,0,0,0,0,0,0,0,0,2,0,22,705,"202410011509"
"2021/22 - jesień","EMPTY",1602,2,1,0,1,0,0,0,0,0,0,1,0,61,705,"202410011509"
"2020/21 - wiosna","EMPTY",1045,1,0,0,0,0,0,0,0,0,0,3,0,36,705,"202410011509"
"2020/21 - jesień","EMPTY",903,2,0,0,0,0,0,0,0,0,0,1,0,39,705,"202410011509"
"2019/20 - wiosna","EMPTY",743,0,1,0,0,0,0,1,0,0,0,2,0,18,705,"202410011509"
"2019/20 - jesień","EMPTY",1696,0,0,0,0,0,0,0,0,0,0,6,0,56,705,"202410011509"
"2018/19 - wiosna","EMPTY",1344,0,1,0,0,0,0,0,0,0,0,2,0,50,705,"202410011509"
"2018/19 - jesień","EMPTY",1073,0,0,0,0,0,0,1,0,0,0,3,0,39,705,"202410011509"
"2017/18 - wiosna","EMPTY",234,0,0,0,0,0,0,0,0,0,0,1,0,25,705,"202410011509"
"2017/18 - jesień","EMPTY",949,0,0,0,0,0,0,0,0,0,0,1,0,46,705,"202410011509"
"1","ZAG",90,1,0,0,0,0,0,0,0,0,0,0,0,10,1285,"202410011509"
"2","KOR",82,1,0,0,0,0,0,0,0,0,0,0,0,10,1285,"202410011509"
"3","PIA",86,0,0,0,0,0,0,0,0,0,0,0,0,2,1285,"202410011509"
"4","PUN",90,0,1,0,0,0,0,0,0,0,0,0,0,5,1285,"202410011509"
"5","RAD",27,0,0,0,0,0,0,0,0,0,0,0,0,2,1285,"202410011509"
"6","ŚLA",15,0,0,0,0,0,0,0,0,0,0,0,0,1,1285,"202410011509"
"7","MOT",70,0,0,0,0,0,1,0,0,0,0,1,0,4,1285,"202410011509"
"8","RCZ",73,0,0,0,0,0,0,0,0,0,0,0,0,2,1285,"202410011509"
"9","POG",68,0,0,0,0,0,0,0,0,0,0,0,0,2,1285,"202410011509"
"10","GÓR",68,0,0,0,0,0,0,1,0,0,0,1,0,-1,1285,"202410011509"
"11","JAG",0,0,0,0,0,0,0,0,0,0,0,0,0,0,1285,"202410011509"
"12","LGD",0,0,0,0,0,0,0,0,0,0,0,0,0,0,1285,"202410011509"
"13","GKS",0,0,0,0,0,0,0,0,0,0,0,0,0,0,1285,"202410011509"
"14","WID",0,0,0,0,0,0,0,0,0,0,0,0,0,0,1285,"202410011509"
"15","LPO",0,0,0,0,0,0,0,0,0,0,0,0,0,0,1285,"202410011509"
"16","CRA",0,0,0,0,0,0,0,0,0,0,0,0,0,0,1285,"202410011509"
"17","STM",0,0,0,0,0,0,0,0,0,0,0,0,0,0,1285,"202410011509"
"18","ZAG",0,0,0,0,0,0,0,0,0,0,0,0,0,0,1285,"202410011509"
"SUMA","EMPTY",669,2,1,0,0,0,1,1,0,0,0,2,0,37,1285,"202410011509"
"2023/24 - wiosna","EMPTY",0,0,0,0,0,0,0,0,0,0,0,0,0,0,1285,"202410011509"
"2023/24 - jesień","EMPTY",0,0,0,0,0,0,0,0,0,0,0,0,0,0,1285,"202410011509"
"2022/23 - wiosna","EMPTY",0,0,0,0,0,0,0,0,0,0,0,0,0,0,1285,"202410011509"
"2022/23 - jesień","EMPTY",0,0,0,0,0,0,0,0,0,0,0,0,0,0,1285,"202410011509"
"2021/22 - wiosna","EMPTY",0,0,0,0,0,0,0,0,0,0,0,0,0,0,1285,"202410011509"
"2021/22 - jesień","EMPTY",1076,0,1,0,0,0,0,0,0,0,0,3,0,32,1285,"202410011509"
"2020/21 - wiosna","EMPTY",1046,3,1,0,0,0,1,0,0,0,0,1,0,61,1285,"202410011509"
"2020/21 - jesień","EMPTY",1044,0,2,0,0,0,1,0,0,0,0,3,0,40,1285,"202410011509"
"2019/20 - wiosna","EMPTY",1259,2,2,0,0,0,0,1,0,0,0,1,0,58,1285,"202410011509"
"2019/20 - jesień","EMPTY",1523,3,4,0,0,0,2,0,0,0,0,2,0,92,1285,"202410011509"
"1","PIA",25,0,0,0,0,0,0,0,0,0,0,0,0,1,2353,"202410011509"
"2","RCZ",90,1,0,0,0,0,0,0,0,0,0,0,0,9,2353,"202410011509"
"3","WID",90,0,1,0,0,0,0,0,0,0,0,0,0,5,2353,"202410011509"
"4","KOR",64,0,0,0,0,0,0,0,0,0,0,1,0,3,2353,"202410011509"
"5","JAG",60,0,0,0,0,0,0,0,0,0,0,0,0,3,2353,"202410011509"
"6","GÓR",25,0,0,0,0,0,0,0,0,0,0,0,0,2,2353,"202410011509"
"7","RAD",21,0,0,0,0,0,0,0,0,0,0,0,0,1,2353,"202410011509"
"8","POG",89,1,0,0,0,0,0,0,0,0,0,0,0,8,2353,"202410011509"
"9","PUN",90,0,0,0,0,0,0,0,0,0,0,0,0,3,2353,"202410011509"
"10","STM",90,0,0,0,0,0,0,0,0,0,0,0,0,2,2353,"202410011509"
"11","ŚLA",0,0,0,0,0,0,0,0,0,0,0,0,0,0,2353,"202410011509"
"12","LPO",0,0,0,0,0,0,0,0,0,0,0,0,0,0,2353,"202410011509"
"13","MOT",0,0,0,0,0,0,0,0,0,0,0,0,0,0,2353,"202410011509"
"14","LGD",0,0,0,0,0,0,0,0,0,0,0,0,0,0,2353,"202410011509"
"15","GKS",0,0,0,0,0,0,0,0,0,0,0,0,0,0,2353,"202410011509"
"16","LEG",0,0,0,0,0,0,0,0,0,0,0,0,0,0,2353,"202410011509"
"17","ZAG",0,0,0,0,0,0,0,0,0,0,0,0,0,0,2353,"202410011509"
"18","PIA",0,0,0,0,0,0,0,0,0,0,0,0,0,0,2353,"202410011509"
"SUMA","EMPTY",644,2,1,0,0,0,0,0,0,0,0,1,0,37,2353,"202410011509"
"2023/24 - wiosna","EMPTY",468,0,1,0,0,0,0,0,0,0,0,0,0,24,2353,"202410011509"
"1","PUN",90,0,0,0,0,0,0,0,0,0,0,0,0,4,86,"202410011509"
"2","RAD",90,0,0,0,0,0,0,0,0,0,0,0,0,3,86,"202410011509"
"3","STM",30,0,0,0,0,0,0,0,0,0,0,0,0,2,86,"202410011509"
"5","CRA",90,0,1,0,0,0,0,0,0,0,0,0,0,5,86,"202410011509"
"6","GKS",0,0,0,0,0,0,0,0,0,0,0,0,0,0,86,"202410011509"
"7","WID",90,0,0,0,0,0,0,0,0,0,0,0,0,4,86,"202410011509"
"8","LPO",90,0,0,0,0,0,0,0,0,0,0,0,0,2,86,"202410011509"
"9","MOT",90,1,0,0,0,0,0,0,0,0,0,1,0,8,86,"202410011509"
"9","LGD",90,0,1,0,0,0,0,0,0,0,0,0,0,6,86,"202410011509"
"10","PIA",90,0,0,0,0,0,0,0,0,0,0,1,0,3,86,"202410011509"
"11","LEG",0,0,0,0,0,0,0,0,0,0,0,0,0,0,86,"202410011509"
"12","ZAG",0,0,0,0,0,0,0,0,0,0,0,0,0,0,86,"202410011509"
"13","KOR",0,0,0,0,0,0,0,0,0,0,0,0,0,0,86,"202410011509"
"14","GÓR",0,0,0,0,0,0,0,0,0,0,0,0,0,0,86,"202410011509"
"15","RCZ",0,0,0,0,0,0,0,0,0,0,0,0,0,0,86,"202410011509"
"16","ŚLA",0,0,0,0,0,0,0,0,0,0,0,0,0,0,86,"202410011509"
"17","POG",0,0,0,0,0,0,0,0,0,0,0,0,0,0,86,"202410011509"
"18","PUN",0,0,0,0,0,0,0,0,0,0,0,0,0,0,86,"202410011509"
"SUMA","EMPTY",750,1,2,0,0,0,0,0,0,0,0,2,0,37,86,"202410011509"
"2023/24 - wiosna","EMPTY",1038,1,3,0,0,0,0,0,0,0,0,4,0,42,86,"202410011509"
"2023/24 - jesień","EMPTY",1546,0,2,0,0,0,0,0,0,0,0,7,1,47,86,"202410011509"
"2022/23 - wiosna","EMPTY",1137,1,0,0,1,0,2,0,0,0,0,7,0,33,86,"202410011509"
"2022/23 - jesień","EMPTY",753,0,1,0,0,0,0,0,0,0,0,3,0,24,86,"202410011509"
"2021/22 - wiosna","EMPTY",1101,0,0,0,0,0,0,1,0,0,0,6,0,20,86,"202410011509"
"2021/22 - jesień","EMPTY",1778,3,0,0,0,0,0,1,0,0,0,4,0,57,86,"202410011509"
"2020/21 - wiosna","EMPTY",1125,1,0,0,0,0,0,0,0,0,0,1,0,36,86,"202410011509"
"2020/21 - jesień","EMPTY",1124,1,1,0,0,0,0,0,0,0,0,3,0,36,86,"202410011509"
"2019/20 - wiosna","EMPTY",1552,1,0,0,0,0,0,0,0,0,0,5,0,46,86,"202410011509"
"2019/20 - jesień","EMPTY",1710,2,0,0,0,0,0,0,1,0,0,4,0,71,86,"202410011509"
"2018/19 - wiosna","EMPTY",1465,0,0,0,0,0,1,1,0,0,0,2,0,54,86,"202410011509"
"2018/19 - jesień","EMPTY",1440,1,2,0,0,0,0,0,0,0,0,5,0,59,86,"202410011509"
"2017/18 - wiosna","EMPTY",1350,1,2,0,0,0,0,0,0,0,0,4,0,65,86,"202410011509"
"2017/18 - jesień","EMPTY",1595,4,2,0,0,0,0,0,0,0,0,4,0,88,86,"202410011509"
"2016/17 - wiosna","EMPTY",1074,1,0,0,0,0,0,0,0,0,0,3,0,53,86,"202410011509"
"2016/17 - jesień","EMPTY",1472,4,5,0,0,0,0,0,0,0,0,5,0,95,86,"202410011509"
"1","ŚLA",87,0,0,0,0,0,0,0,0,0,0,0,0,2,2110,"202410011509"
"2","MOT",90,0,0,0,0,0,0,0,0,0,0,0,0,2,2110,"202410011509"
"3","LPO",90,0,0,0,0,0,0,0,0,0,0,0,0,2,2110,"202410011509"
"4","ZAG",90,0,0,0,0,0,0,0,0,0,0,1,0,1,2110,"202410011509"
"5","PUN",90,1,0,0,0,0,0,0,0,0,0,0,0,7,2110,"202410011509"
"6","RCZ",90,0,1,0,0,0,0,0,0,0,0,0,0,5,2110,"202410011509"
"7","GÓR",90,0,0,0,0,0,0,0,0,0,0,0,0,3,2110,"202410011509"
"8","RAD",90,1,0,0,0,1,1,0,0,0,0,0,0,12,2110,"202410011509"
"9","JAG",90,0,0,0,0,0,0,0,0,0,0,0,0,2,2110,"202410011509"
"10","WID",0,0,0,0,0,0,0,0,0,0,0,0,0,0,2110,"202410011509"
"11","STM",0,0,0,0,0,0,0,0,0,0,0,0,0,0,2110,"202410011509"
"12","LEG",0,0,0,0,0,0,0,0,0,0,0,0,0,0,2110,"202410011509"
"13","PIA",0,0,0,0,0,0,0,0,0,0,0,0,0,0,2110,"202410011509"
"14","CRA",0,0,0,0,0,0,0,0,0,0,0,0,0,0,2110,"202410011509"
"15","KOR",0,0,0,0,0,0,0,0,0,0,0,0,0,0,2110,"202410011509"
"16","POG",0,0,0,0,0,0,0,0,0,0,0,0,0,0,2110,"202410011509"
"17","GKS",0,0,0,0,0,0,0,0,0,0,0,0,0,0,2110,"202410011509"
"18","ŚLA",0,0,0,0,0,0,0,0,0,0,0,0,0,0,2110,"202410011509"
"SUMA","EMPTY",807,2,1,0,0,1,1,0,0,0,0,1,0,36,2110,"202410011509"
"2023/24 - wiosna","EMPTY",0,0,0,0,0,0,0,0,0,0,0,0,0,0,2110,"202410011509"
"2023/24 - jesień","EMPTY",0,0,0,0,0,0,0,0,0,0,0,0,0,0,2110,"202410011509"
"2022/23 - wiosna","EMPTY",164,0,0,0,0,0,0,0,0,0,0,0,0,11,2110,"202410011509"
"1","MOT",1,0,0,0,0,0,0,0,0,0,0,0,0,2,1928,"202410011509"
"2","CRA",0,0,0,0,0,0,0,0,0,0,0,0,0,0,1928,"202410011509"
"3","GKS",90,0,0,0,0,0,0,0,0,0,0,0,0,6,1928,"202410011509"
"4","LPO",90,0,0,0,0,0,0,0,0,0,0,1,0,4,1928,"202410011509"
"5","GÓR",90,0,0,0,0,0,0,0,0,0,0,0,0,5,1928,"202410011509"
"6","LGD",90,0,0,0,0,0,0,0,0,0,0,0,0,3,1928,"202410011509"
"7","PIA",90,0,0,0,0,0,0,0,0,0,0,0,0,2,1928,"202410011509"
"8","LEG",90,0,0,0,0,0,0,0,0,0,0,0,0,6,1928,"202410011509"
"9","ZAG",90,0,0,0,0,0,0,0,0,0,0,1,0,2,1928,"202410011509"
"10","PUN",90,0,0,0,0,0,0,0,0,0,0,0,0,6,1928,"202410011509"
"11","RAD",0,0,0,0,0,0,0,0,0,0,0,0,0,0,1928,"202410011509"
"12","POG",0,0,0,0,0,0,0,0,0,0,0,0,0,0,1928,"202410011509"
"13","ŚLA",0,0,0,0,0,0,0,0,0,0,0,0,0,0,1928,"202410011509"
"14","STM",0,0,0,0,0,0,0,0,0,0,0,0,0,0,1928,"202410011509"
"15","JAG",0,0,0,0,0,0,0,0,0,0,0,0,0,0,1928,"202410011509"
"16","KOR",0,0,0,0,0,0,0,0,0,0,0,0,0,0,1928,"202410011509"
"17","WID",0,0,0,0,0,0,0,0,0,0,0,0,0,0,1928,"202410011509"
"18","MOT",0,0,0,0,0,0,0,0,0,0,0,0,0,0,1928,"202410011509"
"SUMA","EMPTY",721,0,0,0,0,0,0,0,0,0,0,2,0,36,1928,"202410011509"
"2023/24 - wiosna","EMPTY",1349,0,0,0,1,0,0,0,0,0,0,3,0,38,1928,"202410011509"
"2023/24 - jesień","EMPTY",540,1,0,0,0,0,0,0,0,0,0,0,0,21,1928,"202410011509"
"2022/23 - wiosna","EMPTY",1340,1,0,1,0,0,0,0,0,0,0,3,0,58,1928,"202410011509"
"2022/23 - jesień","EMPTY",1260,2,3,0,0,0,0,1,0,0,0,3,0,80,1928,"202410011509"
"1","POG",36,0,0,0,0,0,0,0,0,0,0,0,0,1,2206,"202410011509"
"2","LEG",75,0,0,0,0,0,0,0,0,0,0,0,0,2,2206,"202410011509"
"3","MOT",66,1,0,0,0,0,0,0,0,0,0,0,0,6,2206,"202410011509"
"4","CRA",59,0,0,0,0,0,0,0,0,0,0,0,0,2,2206,"202410011509"
"5","ŚLA",18,1,0,0,0,0,0,0,0,0,0,0,0,5,2206,"202410011509"
"6","STM",71,0,0,0,0,0,0,0,0,0,0,0,0,3,2206,"202410011509"
"7","PUN",90,0,0,0,0,0,0,0,0,0,0,0,0,2,2206,"202410011509"
"8","ZAG",74,1,0,0,0,0,0,0,0,0,0,0,0,8,2206,"202410011509"
"9","RAD",70,0,0,0,0,0,0,0,0,0,0,0,0,2,2206,"202410011509"
"10","LPO",68,0,1,0,0,0,0,0,0,0,0,0,0,5,2206,"202410011509"
"11","WID",0,0,0,0,0,0,0,0,0,0,0,0,0,0,2206,"202410011509"
"12","PIA",0,0,0,0,0,0,0,0,0,0,0,0,0,0,2206,"202410011509"
"13","JAG",0,0,0,0,0,0,0,0,0,0,0,0,0,0,2206,"202410011509"
"14","GKS",0,0,0,0,0,0,0,0,0,0,0,0,0,0,2206,"202410011509"
"15","LGD",0,0,0,0,0,0,0,0,0,0,0,0,0,0,2206,"202410011509"
"16","RCZ",0,0,0,0,0,0,0,0,0,0,0,0,0,0,2206,"202410011509"
"17","GÓR",0,0,0,0,0,0,0,0,0,0,0,0,0,0,2206,"202410011509"
"18","POG",0,0,0,0,0,0,0,0,0,0,0,0,0,0,2206,"202410011509"
"SUMA","EMPTY",627,3,1,0,0,0,0,0,0,0,0,0,0,36,2206,"202410011509"
"2023/24 - wiosna","EMPTY",514,2,2,1,0,1,1,0,0,0,0,2,0,38,2206,"202410011509"
"2023/24 - jesień","EMPTY",474,3,1,0,0,1,0,0,0,0,0,0,0,38,2206,"202410011509"
"1","LPO",0,0,0,0,0,0,0,0,0,0,0,0,0,0,1192,"202410011509"
"2","PUN",90,0,0,0,0,0,0,0,0,0,0,0,0,1,1192,"202410011509"
"3","POG",90,0,0,0,0,0,0,0,0,0,0,0,0,6,1192,"202410011509"
"4","RAD",90,0,1,0,0,0,0,0,0,0,0,0,0,7,1192,"202410011509"
"5","RCZ",90,0,0,0,0,0,0,0,0,0,0,0,0,5,1192,"202410011509"
"6","CRA",90,0,1,0,0,0,0,0,0,0,0,1,0,3,1192,"202410011509"
"7","LGD",90,0,1,0,0,0,0,0,0,0,0,0,0,4,1192,"202410011509"
"8","MOT",90,0,0,0,0,0,0,0,0,0,0,0,0,2,1192,"202410011509"
"9","GKS",90,0,0,0,0,0,0,0,0,0,0,0,0,6,1192,"202410011509"
"10","LEG",90,0,0,0,0,0,0,0,0,0,0,0,0,2,1192,"202410011509"
"11","ZAG",0,0,0,0,0,0,0,0,0,0,0,0,0,0,1192,"202410011509"
"12","STM",0,0,0,0,0,0,0,0,0,0,0,0,0,0,1192,"202410011509"
"13","WID",0,0,0,0,0,0,0,0,0,0,0,0,0,0,1192,"202410011509"
"14","JAG",0,0,0,0,0,0,0,0,0,0,0,0,0,0,1192,"202410011509"
"15","ŚLA",0,0,0,0,0,0,0,0,0,0,0,0,0,0,1192,"202410011509"
"16","PIA",0,0,0,0,0,0,0,0,0,0,0,0,0,0,1192,"202410011509"
"17","KOR",0,0,0,0,0,0,0,0,0,0,0,0,0,0,1192,"202410011509"
"18","LPO",0,0,0,0,0,0,0,0,0,0,0,0,0,0,1192,"202410011509"
"SUMA","EMPTY",810,0,3,0,0,0,0,0,0,0,0,1,0,36,1192,"202410011509"
"2023/24 - wiosna","EMPTY",1051,0,3,0,0,0,0,0,0,0,0,3,0,48,1192,"202410011509"
"2023/24 - jesień","EMPTY",670,0,1,0,0,0,0,0,0,0,0,4,1,22,1192,"202410011509"
"2022/23 - wiosna","EMPTY",1432,0,3,0,0,0,0,0,0,0,0,5,0,61,1192,"202410011509"
"2022/23 - jesień","EMPTY",1440,2,5,0,0,0,0,0,0,0,0,6,0,66,1192,"202410011509"
"2021/22 - wiosna","EMPTY",1161,0,4,0,0,0,0,1,0,0,0,5,0,32,1192,"202410011509"
"2021/22 - jesień","EMPTY",1792,1,2,0,0,0,0,0,0,0,0,4,0,58,1192,"202410011509"
"2020/21 - wiosna","EMPTY",1402,0,2,0,0,0,0,1,0,0,0,4,0,31,1192,"202410011509"
"2020/21 - jesień","EMPTY",1199,0,1,0,0,0,0,0,0,0,0,2,0,44,1192,"202410011509"
"2019/20 - wiosna","EMPTY",1377,0,2,0,0,0,0,0,0,0,0,2,0,53,1192,"202410011509"
"2019/20 - jesień","EMPTY",1800,0,4,0,0,0,0,0,0,0,0,3,0,76,1192,"202410011509"
"1","ZAG",90,0,1,0,0,0,0,0,0,0,0,0,0,10,1319,"202410011509"
"2","KOR",59,0,0,0,0,0,0,0,0,0,0,1,0,2,1319,"202410011509"
"3","PIA",90,0,0,0,0,0,0,0,0,0,0,0,0,1,1319,"202410011509"
"4","PUN",0,0,0,0,0,0,0,0,0,0,0,0,0,0,1319,"202410011509"
"5","RAD",80,0,0,0,0,0,0,0,0,0,0,0,0,3,1319,"202410011509"
"6","ŚLA",90,0,1,0,0,0,0,0,0,0,0,0,0,6,1319,"202410011509"
"7","MOT",90,1,0,0,0,1,0,0,0,0,0,0,0,8,1319,"202410011509"
"8","RCZ",90,0,0,0,0,0,0,0,0,0,0,0,0,2,1319,"202410011509"
"9","POG",16,0,0,0,0,0,0,0,0,0,0,0,0,1,1319,"202410011509"
"10","GÓR",90,0,0,0,0,0,0,0,0,0,0,0,0,2,1319,"202410011509"
"11","JAG",0,0,0,0,0,0,0,0,0,0,0,0,0,0,1319,"202410011509"
"12","LGD",0,0,0,0,0,0,0,0,0,0,0,0,0,0,1319,"202410011509"
"13","GKS",0,0,0,0,0,0,0,0,0,0,0,0,0,0,1319,"202410011509"
"14","WID",0,0,0,0,0,0,0,0,0,0,0,0,0,0,1319,"202410011509"
"15","LPO",0,0,0,0,0,0,0,0,0,0,0,0,0,0,1319,"202410011509"
"16","CRA",0,0,0,0,0,0,0,0,0,0,0,0,0,0,1319,"202410011509"
"17","STM",0,0,0,0,0,0,0,0,0,0,0,0,0,0,1319,"202410011509"
"18","ZAG",0,0,0,0,0,0,0,0,0,0,0,0,0,0,1319,"202410011509"
"SUMA","EMPTY",695,1,2,0,0,1,0,0,0,0,0,1,0,35,1319,"202410011509"
"2023/24 - wiosna","EMPTY",1053,1,0,1,0,0,1,0,0,0,0,0,1,41,1319,"202410011509"
"2023/24 - jesień","EMPTY",1173,3,5,0,0,0,1,0,0,0,0,3,0,75,1319,"202410011509"
"2022/23 - wiosna","EMPTY",1369,4,3,1,0,0,1,0,0,0,0,2,0,80,1319,"202410011509"
"2022/23 - jesień","EMPTY",1385,3,4,0,0,1,0,1,0,0,0,1,0,75,1319,"202410011509"
"2021/22 - wiosna","EMPTY",1112,6,3,0,0,0,0,0,0,0,0,0,0,76,1319,"202410011509"
"2021/22 - jesień","EMPTY",0,0,0,0,0,0,0,0,0,0,0,0,0,0,1319,"202410011509"
"2020/21 - wiosna","EMPTY",772,2,1,0,0,0,1,1,0,0,0,1,0,45,1319,"202410011509"
"2020/21 - jesień","EMPTY",912,1,4,0,0,0,0,0,0,0,0,0,0,49,1319,"202410011509"
"2019/20 - wiosna","EMPTY",1335,2,3,0,0,0,0,1,0,0,0,5,0,56,1319,"202410011509"
"2019/20 - jesień","EMPTY",776,4,5,0,0,0,0,0,0,0,0,2,0,71,1319,"202410011509"
"1","LPO",90,0,0,0,0,0,0,0,0,0,0,0,0,1,2387,"202410011509"
"2","PUN",90,0,0,0,0,0,0,0,0,0,0,0,0,1,2387,"202410011509"
"3","POG",90,0,0,0,0,0,0,0,0,0,0,0,0,7,2387,"202410011509"
"4","RAD",90,0,0,0,0,0,0,0,0,0,0,0,0,3,2387,"202410011509"
"5","RCZ",90,0,0,0,0,0,0,0,0,0,0,0,0,5,2387,"202410011509"
"6","CRA",14,0,0,0,0,0,0,0,0,0,0,0,0,1,2387,"202410011509"
"7","LGD",90,0,0,0,0,0,0,0,0,0,0,0,0,0,2387,"202410011509"
"8","MOT",90,0,0,0,0,0,0,0,0,0,0,0,0,2,2387,"202410011509"
"9","GKS",90,1,0,0,0,0,0,0,0,0,0,0,0,13,2387,"202410011509"
"10","LEG",90,0,0,0,0,0,0,0,0,0,0,0,0,2,2387,"202410011509"
"11","ZAG",0,0,0,0,0,0,0,0,0,0,0,0,0,0,2387,"202410011509"
"12","STM",0,0,0,0,0,0,0,0,0,0,0,0,0,0,2387,"202410011509"
"13","WID",0,0,0,0,0,0,0,0,0,0,0,0,0,0,2387,"202410011509"
"14","JAG",0,0,0,0,0,0,0,0,0,0,0,0,0,0,2387,"202410011509"
"15","ŚLA",0,0,0,0,0,0,0,0,0,0,0,0,0,0,2387,"202410011509"
"16","PIA",0,0,0,0,0,0,0,0,0,0,0,0,0,0,2387,"202410011509"
"17","KOR",0,0,0,0,0,0,0,0,0,0,0,0,0,0,2387,"202410011509"
"18","LPO",0,0,0,0,0,0,0,0,0,0,0,0,0,0,2387,"202410011509"
"SUMA","EMPTY",824,1,0,0,0,0,0,0,0,0,0,0,0,35,2387,"202410011509"
"1","ŚLA",87,0,0,0,0,0,0,0,0,0,0,0,0,2,2408,"202410011509"
"2","MOT",89,0,0,0,0,0,0,0,0,0,0,0,0,2,2408,"202410011509"
"3","LPO",74,0,0,0,0,0,0,0,0,0,0,0,0,2,2408,"202410011509"
"4","ZAG",74,0,0,0,0,0,0,0,0,0,0,0,0,2,2408,"202410011509"
"5","PUN",90,0,0,0,0,0,0,0,0,0,0,0,0,2,2408,"202410011509"
"6","RCZ",90,1,0,0,0,0,0,0,0,0,0,0,0,7,2408,"202410011509"
"7","GÓR",82,0,1,0,0,0,0,0,0,0,0,0,0,6,2408,"202410011509"
"8","RAD",90,0,0,0,0,0,0,0,0,0,0,0,0,4,2408,"202410011509"
"9","JAG",90,0,0,0,0,0,0,0,0,0,0,0,0,2,2408,"202410011509"
"10","WID",89,1,0,0,0,1,0,0,0,0,0,1,0,6,2408,"202410011509"
"11","STM",0,0,0,0,0,0,0,0,0,0,0,0,0,0,2408,"202410011509"
"12","LEG",0,0,0,0,0,0,0,0,0,0,0,0,0,0,2408,"202410011509"
"13","PIA",0,0,0,0,0,0,0,0,0,0,0,0,0,0,2408,"202410011509"
"14","CRA",0,0,0,0,0,0,0,0,0,0,0,0,0,0,2408,"202410011509"
"15","KOR",0,0,0,0,0,0,0,0,0,0,0,0,0,0,2408,"202410011509"
"16","POG",0,0,0,0,0,0,0,0,0,0,0,0,0,0,2408,"202410011509"
"17","GKS",0,0,0,0,0,0,0,0,0,0,0,0,0,0,2408,"202410011509"
"18","ŚLA",0,0,0,0,0,0,0,0,0,0,0,0,0,0,2408,"202410011509"
"SUMA","EMPTY",855,2,1,0,0,1,0,0,0,0,0,1,0,35,2408,"202410011509"
"1","PIA",45,1,0,0,0,0,0,0,0,0,0,0,0,5,2457,"202410011509"
"2","RCZ",90,0,0,0,0,0,0,0,0,0,0,0,0,3,2457,"202410011509"
"3","WID",90,0,0,0,0,0,0,0,0,0,0,0,0,2,2457,"202410011509"
"4","KOR",89,1,0,0,0,0,0,0,0,0,0,0,0,7,2457,"202410011509"
"5","JAG",79,0,1,0,0,0,0,0,0,0,0,0,0,6,2457,"202410011509"
"6","GÓR",90,0,0,0,0,0,0,0,0,0,0,0,0,3,2457,"202410011509"
"7","RAD",90,0,0,0,0,0,0,0,0,0,0,1,0,1,2457,"202410011509"
"8","POG",83,0,0,0,0,0,0,0,0,0,0,0,0,3,2457,"202410011509"
"9","PUN",45,0,0,0,0,0,0,0,0,0,0,0,0,3,2457,"202410011509"
"10","STM",61,0,0,0,0,0,0,0,0,0,0,0,0,2,2457,"202410011509"
"11","ŚLA",0,0,0,0,0,0,0,0,0,0,0,0,0,0,2457,"202410011509"
"12","LPO",0,0,0,0,0,0,0,0,0,0,0,0,0,0,2457,"202410011509"
"13","MOT",0,0,0,0,0,0,0,0,0,0,0,0,0,0,2457,"202410011509"
"14","LGD",0,0,0,0,0,0,0,0,0,0,0,0,0,0,2457,"202410011509"
"15","GKS",0,0,0,0,0,0,0,0,0,0,0,0,0,0,2457,"202410011509"
"16","LEG",0,0,0,0,0,0,0,0,0,0,0,0,0,0,2457,"202410011509"
"17","ZAG",0,0,0,0,0,0,0,0,0,0,0,0,0,0,2457,"202410011509"
"18","PIA",0,0,0,0,0,0,0,0,0,0,0,0,0,0,2457,"202410011509"
"SUMA","EMPTY",762,2,1,0,0,0,0,0,0,0,0,1,0,35,2457,"202410011509"
"1","PIA",90,0,0,0,0,0,0,0,0,0,0,0,0,3,1948,"202410011509"
"2","RCZ",90,0,0,0,0,0,0,0,0,0,0,0,0,9,1948,"202410011509"
"3","WID",90,0,0,0,0,0,0,0,0,0,0,0,0,0,1948,"202410011509"
"4","KOR",90,0,0,0,0,0,0,0,0,0,0,0,0,7,1948,"202410011509"
"5","JAG",90,0,0,0,0,0,0,0,0,0,0,0,0,3,1948,"202410011509"
"6","GÓR",90,0,0,0,0,0,0,0,0,0,0,0,0,2,1948,"202410011509"
"7","RAD",90,0,0,0,0,0,0,0,0,0,0,0,0,2,1948,"202410011509"
"8","POG",90,0,0,0,0,0,0,0,0,0,0,0,0,4,1948,"202410011509"
"9","PUN",90,0,0,0,0,0,0,0,0,0,0,0,0,3,1948,"202410011509"
"10","STM",90,0,0,0,0,0,0,0,0,0,0,0,0,2,1948,"202410011509"
"11","ŚLA",0,0,0,0,0,0,0,0,0,0,0,0,0,0,1948,"202410011509"
"12","LPO",0,0,0,0,0,0,0,0,0,0,0,0,0,0,1948,"202410011509"
"13","MOT",0,0,0,0,0,0,0,0,0,0,0,0,0,0,1948,"202410011509"
"14","LGD",0,0,0,0,0,0,0,0,0,0,0,0,0,0,1948,"202410011509"
"15","GKS",0,0,0,0,0,0,0,0,0,0,0,0,0,0,1948,"202410011509"
"16","LEG",0,0,0,0,0,0,0,0,0,0,0,0,0,0,1948,"202410011509"
"17","ZAG",0,0,0,0,0,0,0,0,0,0,0,0,0,0,1948,"202410011509"
"18","PIA",0,0,0,0,0,0,0,0,0,0,0,0,0,0,1948,"202410011509"
"SUMA","EMPTY",900,0,0,0,0,0,0,0,0,0,0,0,0,35,1948,"202410011509"
"2023/24 - wiosna","EMPTY",0,0,0,0,0,0,0,0,0,0,0,0,0,0,1948,"202410011509"
"2023/24 - jesień","EMPTY",1620,0,1,0,0,0,0,0,0,1,0,0,0,62,1948,"202410011509"
"2022/23 - wiosna","EMPTY",1440,0,0,0,0,0,0,0,0,0,0,0,0,39,1948,"202410011509"
"2022/23 - jesień","EMPTY",1530,0,0,0,0,0,0,0,0,1,0,0,0,77,1948,"202410011509"
"1","KOR",90,0,0,0,0,0,0,0,0,0,0,0,0,6,2286,"202410011509"
"2","ZAG",90,0,0,0,0,0,0,0,0,0,0,0,0,1,2286,"202410011509"
"3","GÓR",90,0,0,0,0,0,0,0,0,0,0,0,0,3,2286,"202410011509"
"4","STM",90,0,0,0,0,0,0,0,0,0,0,0,0,8,2286,"202410011509"
"5","WID",90,0,0,0,0,0,0,0,0,0,0,0,0,6,2286,"202410011509"
"6","LPO",90,0,0,0,0,0,0,0,0,0,0,0,0,3,2286,"202410011509"
"7","ŚLA",90,0,0,0,0,0,0,0,0,0,0,0,0,1,2286,"202410011509"
"8","CRA",90,0,0,0,0,0,0,0,0,0,0,0,0,2,2286,"202410011509"
"9","LEG",90,0,0,0,0,0,0,0,0,0,0,1,0,5,2286,"202410011509"
"10","GKS",90,0,0,0,0,0,0,0,0,0,0,1,0,0,2286,"202410011509"
"11","PIA",0,0,0,0,0,0,0,0,0,0,0,0,0,0,2286,"202410011509"
"12","RCZ",0,0,0,0,0,0,0,0,0,0,0,0,0,0,2286,"202410011509"
"13","PUN",0,0,0,0,0,0,0,0,0,0,0,0,0,0,2286,"202410011509"
"14","MOT",0,0,0,0,0,0,0,0,0,0,0,0,0,0,2286,"202410011509"
"15","RAD",0,0,0,0,0,0,0,0,0,0,0,0,0,0,2286,"202410011509"
"16","LGD",0,0,0,0,0,0,0,0,0,0,0,0,0,0,2286,"202410011509"
"17","JAG",0,0,0,0,0,0,0,0,0,0,0,0,0,0,2286,"202410011509"
"18","KOR",0,0,0,0,0,0,0,0,0,0,0,0,0,0,2286,"202410011509"
"SUMA","EMPTY",900,0,0,0,0,0,0,0,0,0,0,2,0,35,2286,"202410011509"
"2023/24 - wiosna","EMPTY",1260,0,0,0,0,0,0,0,0,1,0,1,0,58,2286,"202410011509"
"2023/24 - jesień","EMPTY",1170,0,0,0,0,0,0,0,0,1,0,1,0,49,2286,"202410011509"
"1","CRA",90,0,0,0,0,0,0,0,0,0,0,1,0,1,256,"202410011509"
"2","ŚLA",90,0,0,0,0,0,0,0,0,0,0,0,0,6,256,"202410011509"
"3","LEG",90,0,1,0,0,0,0,0,0,0,0,0,0,7,256,"202410011509"
"4","GKS",73,0,0,0,0,0,0,0,0,0,0,1,0,0,256,"202410011509"
"5","STM",90,0,0,0,0,0,0,0,0,0,0,0,0,1,256,"202410011509"
"6","ZAG",84,0,0,0,0,0,0,0,0,0,0,1,0,5,256,"202410011509"
"7","RCZ",90,0,0,0,0,0,1,0,0,0,0,0,0,8,256,"202410011509"
"8","PUN",90,0,0,0,0,0,0,0,0,0,0,0,0,2,256,"202410011509"
"9","WID",90,0,0,0,0,0,0,0,0,0,0,0,0,2,256,"202410011509"
"10","JAG",90,0,0,0,0,0,0,0,0,0,0,0,0,2,256,"202410011509"
"11","POG",0,0,0,0,0,0,0,0,0,0,0,0,0,0,256,"202410011509"
"12","KOR",0,0,0,0,0,0,0,0,0,0,0,0,0,0,256,"202410011509"
"13","LGD",0,0,0,0,0,0,0,0,0,0,0,0,0,0,256,"202410011509"
"14","RAD",0,0,0,0,0,0,0,0,0,0,0,0,0,0,256,"202410011509"
"15","MOT",0,0,0,0,0,0,0,0,0,0,0,0,0,0,256,"202410011509"
"16","GÓR",0,0,0,0,0,0,0,0,0,0,0,0,0,0,256,"202410011509"
"17","LPO",0,0,0,0,0,0,0,0,0,0,0,0,0,0,256,"202410011509"
"18","CRA",0,0,0,0,0,0,0,0,0,0,0,0,0,0,256,"202410011509"
"SUMA","EMPTY",877,0,1,0,0,0,1,0,0,0,0,3,0,34,256,"202410011509"
"2023/24 - wiosna","EMPTY",1286,1,0,0,0,0,0,0,0,0,0,3,0,44,256,"202410011509"
"2023/24 - jesień","EMPTY",1252,0,0,0,0,0,0,0,0,0,0,3,0,43,256,"202410011509"
"2022/23 - wiosna","EMPTY",1395,0,1,0,1,0,0,1,0,0,0,4,0,56,256,"202410011509"
"2022/23 - jesień","EMPTY",1530,1,0,0,0,0,0,1,0,0,0,3,0,39,256,"202410011509"
"2021/22 - wiosna","EMPTY",1371,1,1,0,0,0,0,0,0,0,0,1,0,68,256,"202410011509"
"2021/22 - jesień","EMPTY",1170,2,0,0,0,0,0,0,0,0,0,2,0,39,256,"202410011509"
"2020/21 - wiosna","EMPTY",1439,0,0,0,0,0,0,0,0,0,0,1,0,57,256,"202410011509"
"2020/21 - jesień","EMPTY",1060,1,0,0,0,0,0,1,0,0,0,2,0,30,256,"202410011509"
"2019/20 - wiosna","EMPTY",1525,1,0,0,0,0,0,0,0,0,0,4,0,65,256,"202410011509"
"2019/20 - jesień","EMPTY",270,0,0,0,0,0,0,0,0,0,0,0,0,14,256,"202410011509"
"2018/19 - wiosna","EMPTY",1530,1,0,0,0,0,0,1,0,0,0,0,0,93,256,"202410011509"
"2018/19 - jesień","EMPTY",1710,2,0,0,1,0,0,0,0,0,0,4,0,74,256,"202410011509"
"2017/18 - wiosna","EMPTY",1261,1,0,0,0,0,0,0,0,0,0,5,0,60,256,"202410011509"
"2017/18 - jesień","EMPTY",360,0,0,0,1,0,0,0,0,0,0,0,0,10,256,"202410011509"
"2016/17 - wiosna","EMPTY",0,0,0,0,0,0,0,0,0,0,0,0,0,0,256,"202410011509"
"2016/17 - jesień","EMPTY",1270,1,0,0,0,0,0,1,0,0,0,4,0,57,256,"202410011509"
"1","CRA",90,0,0,0,0,0,0,0,0,0,0,0,0,2,790,"202410011509"
"2","ŚLA",90,0,0,0,0,0,0,0,0,0,0,0,0,6,790,"202410011509"
"3","LEG",90,0,0,0,0,0,0,0,0,0,0,0,0,3,790,"202410011509"
"4","GKS",90,0,0,0,0,0,0,0,0,0,0,0,0,1,790,"202410011509"
"5","STM",90,0,0,0,0,0,0,0,0,0,0,0,0,1,790,"202410011509"
"6","ZAG",90,0,0,0,0,0,0,0,0,0,0,0,0,8,790,"202410011509"
"7","RCZ",90,0,0,0,0,0,0,0,0,0,0,0,0,6,790,"202410011509"
"8","PUN",90,0,0,0,0,0,0,0,0,0,0,0,0,2,790,"202410011509"
"9","WID",90,0,0,0,0,0,0,0,0,0,0,0,0,2,790,"202410011509"
"10","JAG",90,0,0,0,0,0,0,0,0,0,0,0,0,3,790,"202410011509"
"11","POG",0,0,0,0,0,0,0,0,0,0,0,0,0,0,790,"202410011509"
"12","KOR",0,0,0,0,0,0,0,0,0,0,0,0,0,0,790,"202410011509"
"13","LGD",0,0,0,0,0,0,0,0,0,0,0,0,0,0,790,"202410011509"
"14","RAD",0,0,0,0,0,0,0,0,0,0,0,0,0,0,790,"202410011509"
"15","MOT",0,0,0,0,0,0,0,0,0,0,0,0,0,0,790,"202410011509"
"16","GÓR",0,0,0,0,0,0,0,0,0,0,0,0,0,0,790,"202410011509"
"17","LPO",0,0,0,0,0,0,0,0,0,0,0,0,0,0,790,"202410011509"
"18","CRA",0,0,0,0,0,0,0,0,0,0,0,0,0,0,790,"202410011509"
"SUMA","EMPTY",900,0,0,0,0,0,0,0,0,0,0,0,0,34,790,"202410011509"
"2023/24 - wiosna","EMPTY",1170,0,0,0,0,0,0,0,0,0,0,0,0,41,790,"202410011509"
"2023/24 - jesień","EMPTY",1350,0,0,0,1,0,0,0,0,0,0,0,0,43,790,"202410011509"
"2022/23 - wiosna","EMPTY",1528,0,0,0,0,0,0,0,0,1,0,0,0,73,790,"202410011509"
"2022/23 - jesień","EMPTY",1530,0,0,0,0,0,0,0,0,0,0,2,0,43,790,"202410011509"
"2021/22 - wiosna","EMPTY",1281,0,0,0,0,0,0,1,0,0,0,0,0,60,790,"202410011509"
"2021/22 - jesień","EMPTY",1864,0,0,0,0,0,0,0,0,0,0,1,0,54,790,"202410011509"
"2020/21 - wiosna","EMPTY",1537,0,0,0,0,0,0,0,0,0,0,0,0,70,790,"202410011509"
"2020/21 - jesień","EMPTY",1345,0,0,0,0,0,0,0,0,0,0,0,0,43,790,"202410011509"
"2019/20 - wiosna","EMPTY",1620,0,0,0,0,0,0,0,0,0,0,0,0,72,790,"202410011509"
"2019/20 - jesień","EMPTY",1800,0,0,0,0,0,0,0,0,1,0,0,0,82,790,"202410011509"
"2018/19 - wiosna","EMPTY",1260,0,0,0,0,0,0,0,0,3,0,1,0,83,790,"202410011509"
"2018/19 - jesień","EMPTY",990,0,0,0,0,0,0,0,0,0,0,0,0,41,790,"202410011509"
"2017/18 - wiosna","EMPTY",0,0,0,0,0,0,0,0,0,0,0,0,0,0,790,"202410011509"
"2017/18 - jesień","EMPTY",0,0,0,0,0,0,0,0,0,0,0,0,0,0,790,"202410011509"
"1","KOR",90,0,0,0,0,0,0,0,0,0,0,0,0,6,2073,"202410011509"
"2","ZAG",90,0,0,0,0,0,0,0,0,0,0,1,0,0,2073,"202410011509"
"3","GÓR",90,0,0,0,0,0,0,0,0,0,0,0,0,2,2073,"202410011509"
"4","STM",83,0,0,0,0,0,0,0,0,0,0,0,0,6,2073,"202410011509"
"5","WID",90,0,0,0,0,0,0,0,0,0,0,0,0,6,2073,"202410011509"
"6","LPO",90,0,0,0,0,0,0,0,0,0,0,0,0,1,2073,"202410011509"
"7","ŚLA",90,0,0,0,0,0,0,0,0,0,0,0,0,1,2073,"202410011509"
"8","CRA",90,0,1,0,0,0,0,0,0,0,0,0,0,5,2073,"202410011509"
"9","LEG",90,0,0,0,0,0,0,0,0,0,0,1,0,5,2073,"202410011509"
"10","GKS",69,0,0,0,0,0,0,0,0,0,0,0,0,2,2073,"202410011509"
"11","PIA",0,0,0,0,0,0,0,0,0,0,0,0,0,0,2073,"202410011509"
"12","RCZ",0,0,0,0,0,0,0,0,0,0,0,0,0,0,2073,"202410011509"
"13","PUN",0,0,0,0,0,0,0,0,0,0,0,0,0,0,2073,"202410011509"
"14","MOT",0,0,0,0,0,0,0,0,0,0,0,0,0,0,2073,"202410011509"
"15","RAD",0,0,0,0,0,0,0,0,0,0,0,0,0,0,2073,"202410011509"
"16","LGD",0,0,0,0,0,0,0,0,0,0,0,0,0,0,2073,"202410011509"
"17","JAG",0,0,0,0,0,0,0,0,0,0,0,0,0,0,2073,"202410011509"
"18","KOR",0,0,0,0,0,0,0,0,0,0,0,0,0,0,2073,"202410011509"
"SUMA","EMPTY",872,0,1,0,0,0,0,0,0,0,0,2,0,34,2073,"202410011509"
"2023/24 - wiosna","EMPTY",1110,0,1,1,0,0,1,0,0,0,0,3,0,50,2073,"202410011509"
"2023/24 - jesień","EMPTY",1676,0,3,0,0,0,0,0,0,0,0,2,0,67,2073,"202410011509"
"2022/23 - wiosna","EMPTY",902,0,1,0,0,0,0,0,0,0,0,3,0,47,2073,"202410011509"
"1","STM",90,0,0,0,0,0,0,0,0,0,0,0,0,2,813,"202410011509"
"2","LPO",90,0,0,0,0,0,0,0,0,0,0,1,0,2,813,"202410011509"
"3","CRA",90,0,0,0,0,0,0,0,0,0,0,0,0,3,813,"202410011509"
"4","ŚLA",90,0,0,0,0,0,0,0,0,0,0,0,0,6,813,"202410011509"
"5","POG",90,0,0,0,0,0,0,0,0,0,0,0,0,1,813,"202410011509"
"6","RAD",90,1,0,0,0,0,0,0,0,0,0,0,0,9,813,"202410011509"
"7","JAG",90,0,0,0,0,0,0,0,0,0,0,0,0,2,813,"202410011509"
"8","GKS",90,0,0,0,0,0,0,0,0,0,0,0,0,1,813,"202410011509"
"9","PIA",90,0,0,0,0,0,0,0,0,0,0,0,0,6,813,"202410011509"
"10","LGD",90,0,0,0,0,0,0,0,0,0,0,0,0,2,813,"202410011509"
"11","KOR",0,0,0,0,0,0,0,0,0,0,0,0,0,0,813,"202410011509"
"12","MOT",0,0,0,0,0,0,0,0,0,0,0,0,0,0,813,"202410011509"
"13","GÓR",0,0,0,0,0,0,0,0,0,0,0,0,0,0,813,"202410011509"
"14","LEG",0,0,0,0,0,0,0,0,0,0,0,0,0,0,813,"202410011509"
"15","ZAG",0,0,0,0,0,0,0,0,0,0,0,0,0,0,813,"202410011509"
"16","PUN",0,0,0,0,0,0,0,0,0,0,0,0,0,0,813,"202410011509"
"17","RCZ",0,0,0,0,0,0,0,0,0,0,0,0,0,0,813,"202410011509"
"18","STM",0,0,0,0,0,0,0,0,0,0,0,0,0,0,813,"202410011509"
"SUMA","EMPTY",900,1,0,0,0,0,0,0,0,0,0,1,0,34,813,"202410011509"
"2023/24 - wiosna","EMPTY",1350,1,0,0,0,0,0,0,0,0,0,2,0,46,813,"202410011509"
"2023/24 - jesień","EMPTY",1132,1,0,0,0,0,0,1,0,0,0,4,0,38,813,"202410011509"
"2022/23 - wiosna","EMPTY",1176,0,0,0,0,0,0,0,0,0,0,3,0,29,813,"202410011509"
"2022/23 - jesień","EMPTY",972,0,0,0,0,0,0,0,0,0,0,2,0,35,813,"202410011509"
"2021/22 - wiosna","EMPTY",1340,1,0,0,1,0,0,0,0,0,0,2,0,25,813,"202410011509"
"2021/22 - jesień","EMPTY",1314,1,0,0,0,0,0,0,0,0,0,4,1,43,813,"202410011509"
"2020/21 - wiosna","EMPTY",436,0,0,0,0,0,0,0,0,0,0,2,0,13,813,"202410011509"
"2020/21 - jesień","EMPTY",1029,0,0,0,0,0,0,0,0,0,0,4,0,14,813,"202410011509"
"2019/20 - jesień","EMPTY",0,0,0,0,0,0,0,0,0,0,0,0,0,0,813,"202410011509"
"2018/19 - wiosna","EMPTY",102,0,0,0,0,0,0,0,0,0,0,0,0,9,813,"202410011509"
"2018/19 - jesień","EMPTY",338,0,0,0,0,0,0,0,0,0,0,2,0,7,813,"202410011509"
"2017/18 - wiosna","EMPTY",0,0,0,0,0,0,0,0,0,0,0,0,0,0,813,"202410011509"
"2017/18 - jesień","EMPTY",0,0,0,0,0,0,0,0,0,0,0,0,0,0,813,"202410011509"
"1","ZAG",32,0,0,0,0,0,0,0,0,0,0,0,0,2,2431,"202410011509"
"2","KOR",76,0,1,0,0,0,0,0,0,0,0,0,0,10,2431,"202410011509"
"3","PIA",64,0,0,0,0,0,0,0,0,0,0,0,0,2,2431,"202410011509"
"4","PUN",90,0,1,0,0,0,0,1,0,0,0,0,0,3,2431,"202410011509"
"5","RAD",90,0,0,0,0,0,0,0,0,0,0,0,0,3,2431,"202410011509"
"6","ŚLA",62,0,0,0,0,0,0,0,0,0,0,0,0,2,2431,"202410011509"
"7","MOT",77,0,0,0,0,0,0,0,0,0,0,1,0,2,2431,"202410011509"
"8","RCZ",90,0,0,0,0,0,0,0,0,0,0,0,0,2,2431,"202410011509"
"9","POG",90,0,0,0,0,0,0,0,0,0,0,0,0,2,2431,"202410011509"
"10","GÓR",90,0,1,0,0,0,0,0,0,0,0,0,0,6,2431,"202410011509"
"11","JAG",0,0,0,0,0,0,0,0,0,0,0,0,0,0,2431,"202410011509"
"12","LGD",0,0,0,0,0,0,0,0,0,0,0,0,0,0,2431,"202410011509"
"13","GKS",0,0,0,0,0,0,0,0,0,0,0,0,0,0,2431,"202410011509"
"14","WID",0,0,0,0,0,0,0,0,0,0,0,0,0,0,2431,"202410011509"
"15","LPO",0,0,0,0,0,0,0,0,0,0,0,0,0,0,2431,"202410011509"
"16","CRA",0,0,0,0,0,0,0,0,0,0,0,0,0,0,2431,"202410011509"
"17","STM",0,0,0,0,0,0,0,0,0,0,0,0,0,0,2431,"202410011509"
"18","ZAG",0,0,0,0,0,0,0,0,0,0,0,0,0,0,2431,"202410011509"
"SUMA","EMPTY",761,0,3,0,0,0,0,1,0,0,0,1,0,34,2431,"202410011509"
"1","ZAG",90,0,0,0,0,0,0,0,0,0,0,0,0,6,1715,"202410011509"
"2","KOR",90,0,0,0,0,0,0,0,0,0,0,0,0,6,1715,"202410011509"
"3","PIA",90,0,0,0,0,0,0,0,0,0,0,0,0,1,1715,"202410011509"
"4","PUN",90,0,0,0,0,0,0,0,0,1,0,0,0,6,1715,"202410011509"
"5","RAD",90,0,0,0,0,0,0,0,0,0,0,0,0,3,1715,"202410011509"
"6","ŚLA",45,0,0,0,0,0,0,0,0,0,0,0,0,2,1715,"202410011509"
"7","MOT",90,0,0,0,0,0,0,0,0,0,0,0,0,3,1715,"202410011509"
"8","RCZ",90,0,0,0,0,0,0,0,0,0,0,0,0,2,1715,"202410011509"
"9","POG",90,0,0,0,0,0,0,0,0,0,0,0,0,3,1715,"202410011509"
"10","GÓR",90,0,0,0,0,0,0,0,0,0,0,0,0,2,1715,"202410011509"
"11","JAG",0,0,0,0,0,0,0,0,0,0,0,0,0,0,1715,"202410011509"
"12","LGD",0,0,0,0,0,0,0,0,0,0,0,0,0,0,1715,"202410011509"
"13","GKS",0,0,0,0,0,0,0,0,0,0,0,0,0,0,1715,"202410011509"
"14","WID",0,0,0,0,0,0,0,0,0,0,0,0,0,0,1715,"202410011509"
"15","LPO",0,0,0,0,0,0,0,0,0,0,0,0,0,0,1715,"202410011509"
"16","CRA",0,0,0,0,0,0,0,0,0,0,0,0,0,0,1715,"202410011509"
"17","STM",0,0,0,0,0,0,0,0,0,0,0,0,0,0,1715,"202410011509"
"18","ZAG",0,0,0,0,0,0,0,0,0,0,0,0,0,0,1715,"202410011509"
"SUMA","EMPTY",855,0,0,0,0,0,0,0,0,1,0,0,0,34,1715,"202410011509"
"2023/24 - wiosna","EMPTY",450,0,0,0,0,0,0,0,0,0,0,0,0,20,1715,"202410011509"
"2023/24 - jesień","EMPTY",1620,0,1,0,0,0,0,0,0,0,0,0,0,61,1715,"202410011509"
"2022/23 - wiosna","EMPTY",900,0,0,0,0,0,0,0,0,0,0,1,0,33,1715,"202410011509"
"2022/23 - jesień","EMPTY",1530,0,0,0,0,0,0,0,0,0,0,0,0,62,1715,"202410011509"
"2021/22 - wiosna","EMPTY",0,0,0,0,0,0,0,0,0,0,0,0,0,0,1715,"202410011509"
"2021/22 - jesień","EMPTY",395,0,0,0,0,0,0,0,0,1,0,0,0,14,1715,"202410011509"
"1","RAD",72,0,0,0,0,0,0,0,0,0,0,1,0,1,979,"202410011509"
"2","STM",90,0,0,0,0,0,0,0,0,0,0,0,0,4,979,"202410011509"
"3","RCZ",80,0,0,0,0,0,0,0,0,0,0,0,0,2,979,"202410011509"
"4","PIA",90,0,0,0,0,0,0,0,0,0,0,0,0,2,979,"202410011509"
"5","MOT",90,0,0,0,0,0,0,0,0,0,0,0,0,3,979,"202410011509"
"6","JAG",90,1,0,0,0,0,0,0,0,0,0,0,0,8,979,"202410011509"
"7","ZAG",90,0,0,0,0,0,0,0,0,0,0,0,0,2,979,"202410011509"
"8","WID",90,1,0,0,0,0,0,0,0,0,0,0,0,7,979,"202410011509"
"9","GÓR",61,0,0,0,0,0,0,0,0,0,0,0,0,2,979,"202410011509"
"10","POG",90,0,0,0,0,0,0,0,0,0,0,0,0,3,979,"202410011509"
"11","PUN",0,0,0,0,0,0,0,0,0,0,0,0,0,0,979,"202410011509"
"12","ŚLA",0,0,0,0,0,0,0,0,0,0,0,0,0,0,979,"202410011509"
"13","LEG",0,0,0,0,0,0,0,0,0,0,0,0,0,0,979,"202410011509"
"14","KOR",0,0,0,0,0,0,0,0,0,0,0,0,0,0,979,"202410011509"
"15","CRA",0,0,0,0,0,0,0,0,0,0,0,0,0,0,979,"202410011509"
"16","LPO",0,0,0,0,0,0,0,0,0,0,0,0,0,0,979,"202410011509"
"17","LGD",0,0,0,0,0,0,0,0,0,0,0,0,0,0,979,"202410011509"
"18","RAD",0,0,0,0,0,0,0,0,0,0,0,0,0,0,979,"202410011509"
"SUMA","EMPTY",843,2,0,0,0,0,0,0,0,0,0,1,0,34,979,"202410011509"
"2019/20 - wiosna","EMPTY",0,0,0,0,0,0,0,0,0,0,0,0,0,0,979,"202410011509"
"2019/20 - jesień","EMPTY",0,0,0,0,0,0,0,0,0,0,0,0,0,0,979,"202410011509"
"2018/19 - wiosna","EMPTY",0,0,0,0,0,0,0,0,0,0,0,0,0,0,979,"202410011509"
"2018/19 - jesień","EMPTY",0,0,0,0,0,0,0,0,0,0,0,0,0,0,979,"202410011509"
"1","LEG",87,0,0,0,0,0,0,0,0,0,0,0,0,2,1770,"202410011509"
"2","POG",78,1,0,0,0,0,0,0,0,0,0,0,0,7,1770,"202410011509"
"3","PUN",90,0,0,0,0,0,0,0,0,0,0,0,0,4,1770,"202410011509"
"4","LGD",81,0,0,0,0,0,0,0,0,0,0,0,0,2,1770,"202410011509"
"5","LPO",0,0,0,0,0,0,0,0,0,0,0,0,0,0,1770,"202410011509"
"6","PIA",76,0,0,0,0,0,0,0,0,0,0,0,0,2,1770,"202410011509"
"7","GKS",83,0,0,0,0,0,0,0,0,0,0,0,0,4,1770,"202410011509"
"8","KOR",90,0,0,0,0,0,0,0,0,0,0,0,0,2,1770,"202410011509"
"9","RCZ",75,0,0,0,0,0,0,0,0,0,0,0,0,2,1770,"202410011509"
"10","RAD",90,1,0,0,0,0,0,0,0,0,0,0,0,9,1770,"202410011509"
"11","GÓR",0,0,0,0,0,0,0,0,0,0,0,0,0,0,1770,"202410011509"
"12","JAG",0,0,0,0,0,0,0,0,0,0,0,0,0,0,1770,"202410011509"
"13","STM",0,0,0,0,0,0,0,0,0,0,0,0,0,0,1770,"202410011509"
"14","ŚLA",0,0,0,0,0,0,0,0,0,0,0,0,0,0,1770,"202410011509"
"15","WID",0,0,0,0,0,0,0,0,0,0,0,0,0,0,1770,"202410011509"
"16","MOT",0,0,0,0,0,0,0,0,0,0,0,0,0,0,1770,"202410011509"
"17","CRA",0,0,0,0,0,0,0,0,0,0,0,0,0,0,1770,"202410011509"
"18","LEG",0,0,0,0,0,0,0,0,0,0,0,0,0,0,1770,"202410011509"
"SUMA","EMPTY",750,2,0,0,0,0,0,0,0,0,0,0,0,34,1770,"202410011509"
"2023/24 - wiosna","EMPTY",689,0,0,0,0,0,0,0,0,0,0,0,0,28,1770,"202410011509"
"2023/24 - jesień","EMPTY",1014,0,1,1,0,0,0,0,0,0,0,1,0,43,1770,"202410011509"
"2022/23 - wiosna","EMPTY",702,3,0,0,0,0,0,0,0,0,0,1,0,46,1770,"202410011509"
"2022/23 - jesień","EMPTY",402,0,0,0,0,0,0,0,0,0,0,1,0,22,1770,"202410011509"
"2021/22 - wiosna","EMPTY",149,1,1,0,0,0,0,0,0,0,0,0,0,20,1770,"202410011509"
"2021/22 - jesień","EMPTY",76,0,0,0,0,0,0,0,0,0,0,0,0,5,1770,"202410011509"
"1","STM",90,0,0,0,0,0,0,0,0,0,0,0,0,3,2354,"202410011509"
"2","LPO",90,0,0,0,0,0,0,0,0,0,0,0,0,4,2354,"202410011509"
"3","CRA",90,0,0,0,0,0,0,0,0,0,0,0,0,3,2354,"202410011509"
"4","ŚLA",90,0,0,0,0,0,0,0,0,0,0,0,0,6,2354,"202410011509"
"5","POG",90,0,0,0,0,0,0,0,0,0,0,0,0,2,2354,"202410011509"
"6","RAD",90,0,0,0,0,0,0,0,0,0,0,0,0,2,2354,"202410011509"
"7","JAG",90,0,0,0,0,0,0,0,0,0,0,1,0,2,2354,"202410011509"
"8","GKS",90,0,0,0,0,0,0,0,0,0,0,0,0,1,2354,"202410011509"
"9","PIA",90,0,0,0,0,0,0,0,0,0,0,0,0,8,2354,"202410011509"
"10","LGD",90,0,0,0,0,0,0,0,0,0,0,0,0,2,2354,"202410011509"
"11","KOR",0,0,0,0,0,0,0,0,0,0,0,0,0,0,2354,"202410011509"
"12","MOT",0,0,0,0,0,0,0,0,0,0,0,0,0,0,2354,"202410011509"
"13","GÓR",0,0,0,0,0,0,0,0,0,0,0,0,0,0,2354,"202410011509"
"14","LEG",0,0,0,0,0,0,0,0,0,0,0,0,0,0,2354,"202410011509"
"15","ZAG",0,0,0,0,0,0,0,0,0,0,0,0,0,0,2354,"202410011509"
"16","PUN",0,0,0,0,0,0,0,0,0,0,0,0,0,0,2354,"202410011509"
"17","RCZ",0,0,0,0,0,0,0,0,0,0,0,0,0,0,2354,"202410011509"
"18","STM",0,0,0,0,0,0,0,0,0,0,0,0,0,0,2354,"202410011509"
"SUMA","EMPTY",900,0,0,0,0,0,0,0,0,0,0,1,0,33,2354,"202410011509"
"2023/24 - wiosna","EMPTY",1260,0,0,0,0,0,0,1,0,0,0,1,0,45,2354,"202410011509"
"1","JAG",90,0,0,0,0,0,0,0,0,0,0,0,0,1,2160,"202410011509"
"2","GÓR",90,0,0,0,0,0,0,0,0,0,0,0,0,1,2160,"202410011509"
"3","ZAG",90,0,0,0,0,0,0,0,0,0,0,0,0,2,2160,"202410011509"
"4","LEG",90,0,0,0,0,0,0,0,0,0,0,0,0,1,2160,"202410011509"
"5","LGD",90,2,0,0,0,0,0,0,0,0,0,1,0,15,2160,"202410011509"
"6","MOT",90,0,0,0,0,0,0,0,0,0,0,0,0,5,2160,"202410011509"
"7","KOR",90,0,0,0,0,0,0,0,0,0,0,0,0,5,2160,"202410011509"
"8","PIA",90,0,0,0,0,0,0,0,0,0,0,0,0,2,2160,"202410011509"
"9","CRA",90,0,0,0,0,0,0,0,0,0,0,1,0,0,2160,"202410011509"
"10","RCZ",90,0,0,0,0,0,0,0,0,0,0,0,0,1,2160,"202410011509"
"11","GKS",0,0,0,0,0,0,0,0,0,0,0,0,0,0,2160,"202410011509"
"12","RAD",0,0,0,0,0,0,0,0,0,0,0,0,0,0,2160,"202410011509"
"13","POG",0,0,0,0,0,0,0,0,0,0,0,0,0,0,2160,"202410011509"
"14","LPO",0,0,0,0,0,0,0,0,0,0,0,0,0,0,2160,"202410011509"
"15","STM",0,0,0,0,0,0,0,0,0,0,0,0,0,0,2160,"202410011509"
"16","WID",0,0,0,0,0,0,0,0,0,0,0,0,0,0,2160,"202410011509"
"17","ŚLA",0,0,0,0,0,0,0,0,0,0,0,0,0,0,2160,"202410011509"
"18","JAG",0,0,0,0,0,0,0,0,0,0,0,0,0,0,2160,"202410011509"
"SUMA","EMPTY",900,2,0,0,0,0,0,0,0,0,0,2,0,33,2160,"202410011509"
"2023/24 - wiosna","EMPTY",1350,3,0,0,0,0,0,0,0,0,0,3,0,61,2160,"202410011509"
"2023/24 - jesień","EMPTY",1584,1,2,0,0,0,1,1,0,0,0,5,0,44,2160,"202410011509"
"1","RCZ",90,0,0,0,0,0,0,0,0,0,0,0,0,2,2424,"202410011509"
"2","LGD",90,0,1,0,0,0,0,0,0,0,0,0,0,7,2424,"202410011509"
"3","KOR",90,0,0,0,0,0,0,0,0,0,0,0,0,2,2424,"202410011509"
"5","GKS",90,0,0,0,0,0,0,0,0,0,0,0,0,3,2424,"202410011509"
"6","PUN",90,0,0,0,0,0,0,0,0,0,0,0,0,3,2424,"202410011509"
"7","LEG",90,0,1,0,0,0,0,0,0,0,0,0,0,5,2424,"202410011509"
"8","GÓR",90,0,0,0,0,0,0,0,0,0,0,0,0,4,2424,"202410011509"
"9","JAG",90,0,0,0,0,0,0,0,0,0,0,0,0,2,2424,"202410011509"
"9","STM",90,0,0,0,0,0,0,0,0,0,0,0,0,2,2424,"202410011509"
"10","ŚLA",90,0,0,0,0,0,0,0,0,0,0,0,0,3,2424,"202410011509"
"11","LPO",0,0,0,0,0,0,0,0,0,0,0,0,0,0,2424,"202410011509"
"12","WID",0,0,0,0,0,0,0,0,0,0,0,0,0,0,2424,"202410011509"
"13","CRA",0,0,0,0,0,0,0,0,0,0,0,0,0,0,2424,"202410011509"
"14","POG",0,0,0,0,0,0,0,0,0,0,0,0,0,0,2424,"202410011509"
"15","PIA",0,0,0,0,0,0,0,0,0,0,0,0,0,0,2424,"202410011509"
"16","ZAG",0,0,0,0,0,0,0,0,0,0,0,0,0,0,2424,"202410011509"
"17","RAD",0,0,0,0,0,0,0,0,0,0,0,0,0,0,2424,"202410011509"
"18","RCZ",0,0,0,0,0,0,0,0,0,0,0,0,0,0,2424,"202410011509"
"SUMA","EMPTY",900,0,2,0,0,0,0,0,0,0,0,0,0,33,2424,"202410011509"
"1","MOT",84,0,0,0,0,0,0,0,0,0,0,0,0,3,1168,"202410011509"
"2","CRA",71,0,0,0,0,0,0,0,0,0,0,0,0,2,1168,"202410011509"
"3","GKS",61,0,0,0,0,0,0,0,0,0,0,0,0,3,1168,"202410011509"
"4","LPO",72,0,0,0,0,0,0,0,0,0,0,0,0,2,1168,"202410011509"
"5","GÓR",71,0,0,0,0,0,0,0,0,0,0,0,0,2,1168,"202410011509"
"6","LGD",90,1,0,0,0,0,0,0,0,0,0,0,0,8,1168,"202410011509"
"7","PIA",90,0,0,0,0,0,0,0,0,0,0,0,0,2,1168,"202410011509"
"8","LEG",48,0,0,0,0,0,0,0,0,0,0,0,0,3,1168,"202410011509"
"9","ZAG",16,0,2,0,0,0,0,0,0,0,0,0,0,8,1168,"202410011509"
"10","PUN",0,0,0,0,0,0,0,0,0,0,0,0,0,0,1168,"202410011509"
"11","RAD",0,0,0,0,0,0,0,0,0,0,0,0,0,0,1168,"202410011509"
"12","POG",0,0,0,0,0,0,0,0,0,0,0,0,0,0,1168,"202410011509"
"13","ŚLA",0,0,0,0,0,0,0,0,0,0,0,0,0,0,1168,"202410011509"
"14","STM",0,0,0,0,0,0,0,0,0,0,0,0,0,0,1168,"202410011509"
"15","JAG",0,0,0,0,0,0,0,0,0,0,0,0,0,0,1168,"202410011509"
"16","KOR",0,0,0,0,0,0,0,0,0,0,0,0,0,0,1168,"202410011509"
"17","WID",0,0,0,0,0,0,0,0,0,0,0,0,0,0,1168,"202410011509"
"18","MOT",0,0,0,0,0,0,0,0,0,0,0,0,0,0,1168,"202410011509"
"SUMA","EMPTY",603,1,2,0,0,0,0,0,0,0,0,0,0,33,1168,"202410011509"
"2023/24 - wiosna","EMPTY",1134,2,3,0,0,0,0,0,0,0,0,0,0,51,1168,"202410011509"
"2023/24 - jesień","EMPTY",1487,3,1,0,0,0,2,0,1,0,0,3,0,54,1168,"202410011509"
"2022/23 - wiosna","EMPTY",866,3,1,0,0,0,0,0,0,0,0,3,0,42,1168,"202410011509"
"2022/23 - jesień","EMPTY",1312,3,0,0,0,1,0,0,0,0,0,2,0,49,1168,"202410011509"
"2019/20 - jesień","EMPTY",0,0,0,0,0,0,0,0,0,0,0,0,0,0,1168,"202410011509"
"2018/19 - wiosna","EMPTY",29,0,0,0,0,0,0,0,0,0,0,0,0,4,1168,"202410011509"
"1","LPO",83,0,0,0,0,0,0,0,0,0,0,0,0,2,1702,"202410011509"
"2","PUN",79,0,0,0,0,0,0,0,0,0,0,1,0,1,1702,"202410011509"
"3","POG",81,0,0,0,0,0,0,0,0,0,0,0,0,4,1702,"202410011509"
"4","RAD",45,0,0,0,0,0,0,0,0,0,0,0,0,3,1702,"202410011509"
"5","RCZ",29,0,0,0,0,0,0,0,0,0,0,0,0,2,1702,"202410011509"
"6","CRA",0,0,0,0,0,0,0,0,0,0,0,0,0,0,1702,"202410011509"
"7","LGD",45,0,0,0,0,0,0,0,0,0,0,0,0,2,1702,"202410011509"
"8","MOT",85,0,0,0,0,0,0,0,0,0,0,0,0,2,1702,"202410011509"
"9","GKS",71,2,0,0,0,0,0,0,0,0,0,0,0,15,1702,"202410011509"
"10","LEG",90,0,0,0,0,0,0,0,0,0,0,0,0,2,1702,"202410011509"
"11","ZAG",0,0,0,0,0,0,0,0,0,0,0,0,0,0,1702,"202410011509"
"12","STM",0,0,0,0,0,0,0,0,0,0,0,0,0,0,1702,"202410011509"
"13","WID",0,0,0,0,0,0,0,0,0,0,0,0,0,0,1702,"202410011509"
"14","JAG",0,0,0,0,0,0,0,0,0,0,0,0,0,0,1702,"202410011509"
"15","ŚLA",0,0,0,0,0,0,0,0,0,0,0,0,0,0,1702,"202410011509"
"16","PIA",0,0,0,0,0,0,0,0,0,0,0,0,0,0,1702,"202410011509"
"17","KOR",0,0,0,0,0,0,0,0,0,0,0,0,0,0,1702,"202410011509"
"18","LPO",0,0,0,0,0,0,0,0,0,0,0,0,0,0,1702,"202410011509"
"SUMA","EMPTY",608,2,0,0,0,0,0,0,0,0,0,1,0,33,1702,"202410011509"
"2023/24 - wiosna","EMPTY",943,1,3,1,0,0,0,0,0,0,0,1,0,43,1702,"202410011509"
"2023/24 - jesień","EMPTY",1030,2,1,0,0,0,0,0,0,0,0,2,0,44,1702,"202410011509"
"2022/23 - wiosna","EMPTY",1340,4,4,0,0,0,0,0,0,0,0,3,0,72,1702,"202410011509"
"2022/23 - jesień","EMPTY",920,2,5,0,0,0,1,0,0,0,0,2,0,59,1702,"202410011509"
"2021/22 - wiosna","EMPTY",1168,6,3,0,0,0,0,0,0,0,0,4,0,69,1702,"202410011509"
"2021/22 - jesień","EMPTY",1163,3,1,0,0,0,0,1,0,0,0,4,0,40,1702,"202410011509"
"1","RCZ",90,0,0,0,0,0,0,0,0,0,0,1,0,0,264,"202410011509"
"2","LGD",90,0,0,0,0,0,0,0,0,0,0,0,0,6,264,"202410011509"
"3","KOR",90,0,0,0,0,0,0,0,0,0,0,0,0,2,264,"202410011509"
"5","GKS",90,0,0,0,0,0,0,0,0,0,0,0,0,5,264,"202410011509"
"6","PUN",90,0,0,0,0,0,0,0,0,0,0,0,0,5,264,"202410011509"
"7","LEG",64,1,0,0,0,0,0,0,0,0,0,1,0,5,264,"202410011509"
"8","GÓR",90,0,0,0,0,0,0,0,0,0,0,0,0,6,264,"202410011509"
"9","JAG",71,0,0,0,0,0,0,0,0,0,0,0,0,1,264,"202410011509"
"9","STM",90,0,0,0,0,0,0,0,0,0,0,0,0,2,264,"202410011509"
"10","ŚLA",0,0,0,0,0,0,0,0,0,0,0,0,0,0,264,"202410011509"
"11","LPO",0,0,0,0,0,0,0,0,0,0,0,0,0,0,264,"202410011509"
"12","WID",0,0,0,0,0,0,0,0,0,0,0,0,0,0,264,"202410011509"
"13","CRA",0,0,0,0,0,0,0,0,0,0,0,0,0,0,264,"202410011509"
"14","POG",0,0,0,0,0,0,0,0,0,0,0,0,0,0,264,"202410011509"
"15","PIA",0,0,0,0,0,0,0,0,0,0,0,0,0,0,264,"202410011509"
"16","ZAG",0,0,0,0,0,0,0,0,0,0,0,0,0,0,264,"202410011509"
"17","RAD",0,0,0,0,0,0,0,0,0,0,0,0,0,0,264,"202410011509"
"18","RCZ",0,0,0,0,0,0,0,0,0,0,0,0,0,0,264,"202410011509"
"SUMA","EMPTY",765,1,0,0,0,0,0,0,0,0,0,2,0,32,264,"202410011509"
"2023/24 - wiosna","EMPTY",0,0,0,0,0,0,0,0,0,0,0,0,0,0,264,"202410011509"
"2023/24 - jesień","EMPTY",0,0,0,0,0,0,0,0,0,0,0,0,0,0,264,"202410011509"
"2022/23 - wiosna","EMPTY",0,0,0,0,0,0,0,0,0,0,0,0,0,0,264,"202410011509"
"2022/23 - jesień","EMPTY",0,0,0,0,0,0,0,0,0,0,0,0,0,0,264,"202410011509"
"2021/22 - wiosna","EMPTY",0,0,0,0,0,0,0,0,0,0,0,0,0,0,264,"202410011509"
"2021/22 - jesień","EMPTY",0,0,0,0,0,0,0,0,0,0,0,0,0,0,264,"202410011509"
"2020/21 - wiosna","EMPTY",0,0,0,0,0,0,0,0,0,0,0,0,0,0,264,"202410011509"
"2020/21 - jesień","EMPTY",0,0,0,0,0,0,0,0,0,0,0,0,0,0,264,"202410011509"
"2019/20 - jesień","EMPTY",0,0,0,0,0,0,0,0,0,0,0,0,0,0,264,"202410011509"
"2018/19 - wiosna","EMPTY",0,0,0,0,0,0,0,0,0,0,0,0,0,0,264,"202410011509"
"2018/19 - jesień","EMPTY",331,0,0,0,0,0,0,0,0,0,0,2,0,23,264,"202410011509"
"2017/18 - wiosna","EMPTY",725,0,0,0,0,0,0,0,0,0,0,1,0,37,264,"202410011509"
"2017/18 - jesień","EMPTY",456,1,0,0,0,0,0,0,0,0,0,2,0,19,264,"202410011509"
"2016/17 - wiosna","EMPTY",808,0,0,0,0,0,0,0,0,0,0,2,0,24,264,"202410011509"
"2016/17 - jesień","EMPTY",1421,0,0,0,0,0,0,1,0,0,0,3,0,52,264,"202410011509"
"1","PIA",90,0,0,0,0,0,0,0,0,0,0,1,0,1,2359,"202410011509"
"2","RCZ",90,0,0,0,0,0,0,0,0,0,0,0,0,6,2359,"202410011509"
"3","WID",90,0,0,0,0,0,0,0,0,0,0,0,0,0,2359,"202410011509"
"4","KOR",89,0,0,0,0,0,0,1,0,0,0,0,0,4,2359,"202410011509"
"5","JAG",90,0,1,0,0,0,0,0,0,0,0,0,0,6,2359,"202410011509"
"6","GÓR",65,0,0,0,0,0,0,0,0,0,0,0,0,2,2359,"202410011509"
"7","RAD",45,1,0,0,0,0,0,0,0,0,0,1,0,6,2359,"202410011509"
"8","POG",90,0,0,0,0,0,0,0,0,0,0,0,0,3,2359,"202410011509"
"9","PUN",45,0,0,0,0,0,0,0,0,0,0,0,0,2,2359,"202410011509"
"10","STM",60,0,0,0,0,0,0,0,0,0,0,0,0,2,2359,"202410011509"
"11","ŚLA",0,0,0,0,0,0,0,0,0,0,0,0,0,0,2359,"202410011509"
"12","LPO",0,0,0,0,0,0,0,0,0,0,0,0,0,0,2359,"202410011509"
"13","MOT",0,0,0,0,0,0,0,0,0,0,0,0,0,0,2359,"202410011509"
"14","LGD",0,0,0,0,0,0,0,0,0,0,0,0,0,0,2359,"202410011509"
"15","GKS",0,0,0,0,0,0,0,0,0,0,0,0,0,0,2359,"202410011509"
"16","LEG",0,0,0,0,0,0,0,0,0,0,0,0,0,0,2359,"202410011509"
"17","ZAG",0,0,0,0,0,0,0,0,0,0,0,0,0,0,2359,"202410011509"
"18","PIA",0,0,0,0,0,0,0,0,0,0,0,0,0,0,2359,"202410011509"
"SUMA","EMPTY",754,1,1,0,0,0,0,1,0,0,0,2,0,32,2359,"202410011509"
"2023/24 - wiosna","EMPTY",809,1,3,0,0,0,0,1,0,0,0,1,0,43,2359,"202410011509"
"1","KOR",24,1,0,0,0,0,0,0,0,0,0,0,0,7,1889,"202410011509"
"2","ZAG",69,0,0,0,0,0,0,0,0,0,0,0,0,2,1889,"202410011509"
"3","GÓR",90,0,0,0,0,0,0,0,0,0,0,0,0,2,1889,"202410011509"
"4","STM",83,0,0,0,0,0,0,0,0,0,0,0,0,4,1889,"202410011509"
"5","WID",78,1,0,0,0,0,0,0,0,0,0,0,0,9,1889,"202410011509"
"6","LPO",45,0,0,0,0,0,0,0,0,0,0,0,0,2,1889,"202410011509"
"7","ŚLA",15,0,0,0,0,0,0,0,0,0,0,0,0,2,1889,"202410011509"
"8","CRA",44,0,0,0,0,0,0,0,0,0,0,1,1,-2,1889,"202410011509"
"9","LEG",73,0,0,0,0,0,0,0,0,0,0,0,0,4,1889,"202410011509"
"10","GKS",61,0,0,0,0,0,0,0,0,0,0,0,0,2,1889,"202410011509"
"11","PIA",0,0,0,0,0,0,0,0,0,0,0,0,0,0,1889,"202410011509"
"12","RCZ",0,0,0,0,0,0,0,0,0,0,0,0,0,0,1889,"202410011509"
"13","PUN",0,0,0,0,0,0,0,0,0,0,0,0,0,0,1889,"202410011509"
"14","MOT",0,0,0,0,0,0,0,0,0,0,0,0,0,0,1889,"202410011509"
"15","RAD",0,0,0,0,0,0,0,0,0,0,0,0,0,0,1889,"202410011509"
"16","LGD",0,0,0,0,0,0,0,0,0,0,0,0,0,0,1889,"202410011509"
"17","JAG",0,0,0,0,0,0,0,0,0,0,0,0,0,0,1889,"202410011509"
"18","KOR",0,0,0,0,0,0,0,0,0,0,0,0,0,0,1889,"202410011509"
"SUMA","EMPTY",582,2,0,0,0,0,0,0,0,0,0,1,1,32,1889,"202410011509"
"2023/24 - wiosna","EMPTY",0,0,0,0,0,0,0,0,0,0,0,0,0,0,1889,"202410011509"
"2023/24 - jesień","EMPTY",0,0,0,0,0,0,0,0,0,0,0,0,0,0,1889,"202410011509"
"2022/23 - wiosna","EMPTY",0,0,0,0,0,0,0,0,0,0,0,0,0,0,1889,"202410011509"
"2022/23 - jesień","EMPTY",0,0,0,0,0,0,0,0,0,0,0,0,0,0,1889,"202410011509"
"2021/22 - wiosna","EMPTY",0,0,0,0,0,0,0,0,0,0,0,0,0,0,1889,"202410011509"
"1","RAD",71,0,0,0,0,0,0,0,0,0,0,0,0,2,423,"202410011509"
"2","STM",62,0,0,0,0,0,0,0,0,0,0,0,0,4,423,"202410011509"
"3","RCZ",65,0,0,0,0,0,0,0,0,0,0,0,0,2,423,"202410011509"
"4","PIA",23,0,0,0,0,0,0,0,0,0,0,0,0,1,423,"202410011509"
"5","MOT",63,0,0,0,0,0,0,0,0,0,0,0,0,3,423,"202410011509"
"6","JAG",88,1,0,0,0,0,0,0,0,0,0,0,0,9,423,"202410011509"
"7","ZAG",79,0,0,0,0,0,0,0,0,0,0,0,0,2,423,"202410011509"
"8","WID",89,0,1,0,0,0,0,0,0,0,0,0,0,5,423,"202410011509"
"9","GÓR",69,0,0,0,0,0,0,0,0,0,0,0,0,2,423,"202410011509"
"10","POG",90,0,0,0,0,0,0,0,0,0,0,1,0,2,423,"202410011509"
"11","PUN",0,0,0,0,0,0,0,0,0,0,0,0,0,0,423,"202410011509"
"12","ŚLA",0,0,0,0,0,0,0,0,0,0,0,0,0,0,423,"202410011509"
"13","LEG",0,0,0,0,0,0,0,0,0,0,0,0,0,0,423,"202410011509"
"14","KOR",0,0,0,0,0,0,0,0,0,0,0,0,0,0,423,"202410011509"
"15","CRA",0,0,0,0,0,0,0,0,0,0,0,0,0,0,423,"202410011509"
"16","LPO",0,0,0,0,0,0,0,0,0,0,0,0,0,0,423,"202410011509"
"17","LGD",0,0,0,0,0,0,0,0,0,0,0,0,0,0,423,"202410011509"
"18","RAD",0,0,0,0,0,0,0,0,0,0,0,0,0,0,423,"202410011509"
"SUMA","EMPTY",699,1,1,0,0,0,0,0,0,0,0,1,0,32,423,"202410011509"
"2023/24 - wiosna","EMPTY",0,0,0,0,0,0,0,0,0,0,0,0,0,0,423,"202410011509"
"2023/24 - jesień","EMPTY",0,0,0,0,0,0,0,0,0,0,0,0,0,0,423,"202410011509"
"2022/23 - wiosna","EMPTY",0,0,0,0,0,0,0,0,0,0,0,0,0,0,423,"202410011509"
"2022/23 - jesień","EMPTY",0,0,0,0,0,0,0,0,0,0,0,0,0,0,423,"202410011509"
"2021/22 - wiosna","EMPTY",0,0,0,0,0,0,0,0,0,0,0,0,0,0,423,"202410011509"
"2021/22 - jesień","EMPTY",0,0,0,0,0,0,0,0,0,0,0,0,0,0,423,"202410011509"
"2020/21 - wiosna","EMPTY",0,0,0,0,0,0,0,0,0,0,0,0,0,0,423,"202410011509"
"2020/21 - jesień","EMPTY",0,0,0,0,0,0,0,0,0,0,0,0,0,0,423,"202410011509"
"2019/20 - jesień","EMPTY",0,0,0,0,0,0,0,0,0,0,0,0,0,0,423,"202410011509"
"2018/19 - wiosna","EMPTY",0,0,0,0,0,0,0,0,0,0,0,0,0,0,423,"202410011509"
"2017/18 - wiosna","EMPTY",0,0,0,0,0,0,0,0,0,0,0,0,0,0,423,"202410011509"
"2017/18 - jesień","EMPTY",0,0,0,0,0,0,0,0,0,0,0,0,0,0,423,"202410011509"
"2016/17 - wiosna","EMPTY",30,0,0,0,0,0,0,0,0,0,0,0,0,2,423,"202410011509"
"2016/17 - jesień","EMPTY",274,1,0,0,0,0,0,0,0,0,0,0,0,34,423,"202410011509"
"2","GÓR",45,1,0,0,0,0,0,0,0,0,0,0,0,5,2473,"202410011509"
"3","ZAG",90,0,0,0,0,0,0,0,0,0,0,0,0,2,2473,"202410011509"
"4","LEG",84,0,0,0,0,0,1,0,0,0,0,0,0,4,2473,"202410011509"
"5","LGD",67,1,0,0,0,0,0,0,0,0,0,0,0,7,2473,"202410011509"
"6","MOT",68,0,0,0,0,0,0,0,0,0,0,0,0,2,2473,"202410011509"
"7","KOR",60,0,0,0,0,0,0,0,0,0,0,0,0,2,2473,"202410011509"
"8","PIA",90,0,1,0,0,0,0,1,0,0,0,0,0,3,2473,"202410011509"
"9","CRA",88,1,0,0,0,0,0,0,0,0,0,1,0,5,2473,"202410011509"
"10","RCZ",80,0,0,0,0,0,0,0,0,0,0,0,0,2,2473,"202410011509"
"11","GKS",0,0,0,0,0,0,0,0,0,0,0,0,0,0,2473,"202410011509"
"12","RAD",0,0,0,0,0,0,0,0,0,0,0,0,0,0,2473,"202410011509"
"13","POG",0,0,0,0,0,0,0,0,0,0,0,0,0,0,2473,"202410011509"
"14","LPO",0,0,0,0,0,0,0,0,0,0,0,0,0,0,2473,"202410011509"
"15","STM",0,0,0,0,0,0,0,0,0,0,0,0,0,0,2473,"202410011509"
"16","WID",0,0,0,0,0,0,0,0,0,0,0,0,0,0,2473,"202410011509"
"17","ŚLA",0,0,0,0,0,0,0,0,0,0,0,0,0,0,2473,"202410011509"
"18","JAG",0,0,0,0,0,0,0,0,0,0,0,0,0,0,2473,"202410011509"
"SUMA","EMPTY",672,3,1,0,0,0,1,1,0,0,0,1,0,32,2473,"202410011509"
"1","KOR",90,0,0,0,0,0,0,0,0,0,0,1,0,3,2280,"202410011509"
"2","ZAG",90,0,0,0,0,0,0,0,0,0,0,0,0,2,2280,"202410011509"
"3","GÓR",90,0,0,0,0,0,0,0,0,0,0,0,0,2,2280,"202410011509"
"4","STM",90,0,0,0,0,0,0,0,0,0,0,1,0,3,2280,"202410011509"
"5","WID",25,0,0,0,0,0,0,0,0,0,0,0,0,2,2280,"202410011509"
"6","LPO",45,0,0,0,0,0,0,0,0,0,0,0,0,1,2280,"202410011509"
"7","ŚLA",90,1,1,0,0,0,0,0,0,0,0,0,0,12,2280,"202410011509"
"8","CRA",90,0,0,0,0,0,0,0,0,0,0,1,0,1,2280,"202410011509"
"9","LEG",90,0,0,0,0,0,0,0,0,0,0,0,0,4,2280,"202410011509"
"10","GKS",90,0,0,0,0,0,0,0,0,0,0,0,0,2,2280,"202410011509"
"11","PIA",0,0,0,0,0,0,0,0,0,0,0,0,0,0,2280,"202410011509"
"12","RCZ",0,0,0,0,0,0,0,0,0,0,0,0,0,0,2280,"202410011509"
"13","PUN",0,0,0,0,0,0,0,0,0,0,0,0,0,0,2280,"202410011509"
"14","MOT",0,0,0,0,0,0,0,0,0,0,0,0,0,0,2280,"202410011509"
"15","RAD",0,0,0,0,0,0,0,0,0,0,0,0,0,0,2280,"202410011509"
"16","LGD",0,0,0,0,0,0,0,0,0,0,0,0,0,0,2280,"202410011509"
"17","JAG",0,0,0,0,0,0,0,0,0,0,0,0,0,0,2280,"202410011509"
"18","KOR",0,0,0,0,0,0,0,0,0,0,0,0,0,0,2280,"202410011509"
"SUMA","EMPTY",790,1,1,0,0,0,0,0,0,0,0,3,0,32,2280,"202410011509"
"2023/24 - wiosna","EMPTY",1232,4,0,0,0,0,0,0,0,0,0,3,0,58,2280,"202410011509"
"2023/24 - jesień","EMPTY",943,2,3,0,0,0,0,0,0,0,0,2,1,49,2280,"202410011509"
"1","GKS",89,0,1,0,0,0,0,0,0,0,0,1,0,5,2365,"202410011509"
"2","JAG",89,0,0,0,0,0,1,0,0,0,0,0,0,4,2365,"202410011509"
"4","GÓR",90,0,0,0,0,0,0,0,0,0,0,0,0,2,2365,"202410011509"
"5","LEG",67,0,0,0,0,0,0,0,0,0,0,0,0,2,2365,"202410011509"
"6","WID",90,0,0,0,0,0,0,0,0,0,0,0,0,2,2365,"202410011509"
"7","CRA",89,0,0,0,0,0,0,0,0,0,0,0,0,3,2365,"202410011509"
"8","LGD",90,0,0,0,0,0,0,0,0,0,0,0,0,2,2365,"202410011509"
"9","KOR",90,1,0,0,0,0,0,0,0,0,0,0,0,9,2365,"202410011509"
"10","ZAG",90,0,0,0,0,0,0,0,0,0,0,0,0,2,2365,"202410011509"
"11","RCZ",0,0,0,0,0,0,0,0,0,0,0,0,0,0,2365,"202410011509"
"12","PUN",0,0,0,0,0,0,0,0,0,0,0,0,0,0,2365,"202410011509"
"13","LPO",0,0,0,0,0,0,0,0,0,0,0,0,0,0,2365,"202410011509"
"14","PIA",0,0,0,0,0,0,0,0,0,0,0,0,0,0,2365,"202410011509"
"15","POG",0,0,0,0,0,0,0,0,0,0,0,0,0,0,2365,"202410011509"
"16","STM",0,0,0,0,0,0,0,0,0,0,0,0,0,0,2365,"202410011509"
"17","MOT",0,0,0,0,0,0,0,0,0,0,0,0,0,0,2365,"202410011509"
"18","ŚLA",0,0,0,0,0,0,0,0,0,0,0,0,0,0,2365,"202410011509"
"18","GKS",0,0,0,0,0,0,0,0,0,0,0,0,0,0,2365,"202410011509"
"SUMA","EMPTY",784,1,1,0,0,0,1,0,0,0,0,1,0,31,2365,"202410011509"
"2023/24 - wiosna","EMPTY",227,0,0,0,0,0,0,0,0,0,0,2,0,10,2365,"202410011509"
"1","RAD",90,0,0,0,0,0,0,0,0,0,0,0,0,1,2372,"202410011509"
"2","STM",90,0,0,0,0,0,0,0,0,0,0,0,0,7,2372,"202410011509"
"3","RCZ",90,0,0,0,0,0,0,0,0,0,0,0,0,2,2372,"202410011509"
"4","PIA",90,0,0,0,0,0,0,0,0,0,0,0,0,1,2372,"202410011509"
"5","MOT",90,0,0,0,0,0,0,0,0,0,0,0,0,6,2372,"202410011509"
"6","JAG",90,0,0,0,0,0,0,0,0,0,0,0,0,4,2372,"202410011509"
"7","ZAG",90,0,0,0,0,0,0,0,0,0,0,0,0,2,2372,"202410011509"
"8","WID",90,0,0,0,0,0,0,0,0,0,0,0,0,1,2372,"202410011509"
"9","GÓR",90,0,0,0,0,0,0,0,0,0,0,0,0,3,2372,"202410011509"
"10","POG",90,0,0,0,0,0,0,0,0,0,0,0,0,4,2372,"202410011509"
"11","PUN",0,0,0,0,0,0,0,0,0,0,0,0,0,0,2372,"202410011509"
"12","ŚLA",0,0,0,0,0,0,0,0,0,0,0,0,0,0,2372,"202410011509"
"13","LEG",0,0,0,0,0,0,0,0,0,0,0,0,0,0,2372,"202410011509"
"14","KOR",0,0,0,0,0,0,0,0,0,0,0,0,0,0,2372,"202410011509"
"15","CRA",0,0,0,0,0,0,0,0,0,0,0,0,0,0,2372,"202410011509"
"16","LPO",0,0,0,0,0,0,0,0,0,0,0,0,0,0,2372,"202410011509"
"17","LGD",0,0,0,0,0,0,0,0,0,0,0,0,0,0,2372,"202410011509"
"18","RAD",0,0,0,0,0,0,0,0,0,0,0,0,0,0,2372,"202410011509"
"SUMA","EMPTY",900,0,0,0,0,0,0,0,0,0,0,0,0,31,2372,"202410011509"
"1","JAG",90,0,0,0,0,0,0,0,0,0,0,0,0,2,2155,"202410011509"
"2","GÓR",90,0,0,0,0,0,0,0,0,0,0,0,0,3,2155,"202410011509"
"3","ZAG",90,0,0,0,0,0,0,0,0,0,0,0,0,3,2155,"202410011509"
"4","LEG",90,0,0,0,0,0,0,0,0,0,0,0,0,2,2155,"202410011509"
"5","LGD",90,0,0,0,0,0,0,0,0,0,0,0,0,4,2155,"202410011509"
"6","MOT",90,0,0,0,0,0,0,0,0,0,0,0,0,5,2155,"202410011509"
"7","KOR",90,0,0,0,0,0,0,0,0,0,0,0,0,6,2155,"202410011509"
"8","PIA",90,0,0,0,0,0,0,0,0,0,0,0,0,3,2155,"202410011509"
"9","CRA",90,0,0,0,0,0,0,0,0,0,0,0,0,3,2155,"202410011509"
"10","RCZ",0,0,0,0,0,0,0,0,0,0,0,0,0,0,2155,"202410011509"
"11","GKS",0,0,0,0,0,0,0,0,0,0,0,0,0,0,2155,"202410011509"
"12","RAD",0,0,0,0,0,0,0,0,0,0,0,0,0,0,2155,"202410011509"
"13","POG",0,0,0,0,0,0,0,0,0,0,0,0,0,0,2155,"202410011509"
"14","LPO",0,0,0,0,0,0,0,0,0,0,0,0,0,0,2155,"202410011509"
"15","STM",0,0,0,0,0,0,0,0,0,0,0,0,0,0,2155,"202410011509"
"16","WID",0,0,0,0,0,0,0,0,0,0,0,0,0,0,2155,"202410011509"
"17","ŚLA",0,0,0,0,0,0,0,0,0,0,0,0,0,0,2155,"202410011509"
"18","JAG",0,0,0,0,0,0,0,0,0,0,0,0,0,0,2155,"202410011509"
"SUMA","EMPTY",810,0,0,0,0,0,0,0,0,0,0,0,0,31,2155,"202410011509"
"2023/24 - wiosna","EMPTY",0,0,0,0,0,0,0,0,0,0,0,1,0,0,2155,"202410011509"
"2023/24 - jesień","EMPTY",540,0,0,0,0,0,0,0,0,0,0,0,0,16,2155,"202410011509"
"1","LEG",0,0,0,0,0,0,0,0,0,0,0,0,0,0,382,"202410011509"
"2","POG",90,0,0,0,0,0,0,0,0,0,0,0,0,2,382,"202410011509"
"3","PUN",90,0,0,0,0,0,0,0,0,0,0,1,0,5,382,"202410011509"
"4","LGD",90,0,0,0,0,0,0,0,0,0,0,0,0,3,382,"202410011509"
"5","LPO",90,0,0,0,0,0,0,0,0,0,0,0,0,2,382,"202410011509"
"6","PIA",90,0,0,0,0,0,0,0,0,0,0,0,0,2,382,"202410011509"
"7","GKS",90,0,0,0,0,0,0,0,0,0,0,0,0,8,382,"202410011509"
"8","KOR",90,0,0,0,0,0,0,0,0,0,0,0,0,2,382,"202410011509"
"9","RCZ",90,0,0,0,0,0,0,0,0,0,0,0,0,-2,382,"202410011509"
"10","RAD",90,0,0,0,0,0,0,0,0,0,0,0,0,9,382,"202410011509"
"11","GÓR",0,0,0,0,0,0,0,0,0,0,0,0,0,0,382,"202410011509"
"12","JAG",0,0,0,0,0,0,0,0,0,0,0,0,0,0,382,"202410011509"
"13","STM",0,0,0,0,0,0,0,0,0,0,0,0,0,0,382,"202410011509"
"14","ŚLA",0,0,0,0,0,0,0,0,0,0,0,0,0,0,382,"202410011509"
"15","WID",0,0,0,0,0,0,0,0,0,0,0,0,0,0,382,"202410011509"
"16","MOT",0,0,0,0,0,0,0,0,0,0,0,0,0,0,382,"202410011509"
"17","CRA",0,0,0,0,0,0,0,0,0,0,0,0,0,0,382,"202410011509"
"18","LEG",0,0,0,0,0,0,0,0,0,0,0,0,0,0,382,"202410011509"
"SUMA","EMPTY",810,0,0,0,0,0,0,0,0,0,0,1,0,31,382,"202410011509"
"2023/24 - wiosna","EMPTY",900,0,0,0,0,0,0,0,0,0,0,0,0,27,382,"202410011509"
"2023/24 - jesień","EMPTY",90,0,0,0,0,0,0,0,0,0,0,0,0,2,382,"202410011509"
"2022/23 - wiosna","EMPTY",630,0,0,0,0,0,0,0,0,0,0,1,0,29,382,"202410011509"
"2022/23 - jesień","EMPTY",0,0,0,0,0,0,0,0,0,0,0,0,0,0,382,"202410011509"
"2021/22 - wiosna","EMPTY",371,0,0,0,0,0,0,0,0,0,0,0,0,3,382,"202410011509"
"2021/22 - jesień","EMPTY",1836,0,0,0,0,0,0,0,0,2,0,2,0,54,382,"202410011509"
"2020/21 - wiosna","EMPTY",1512,0,0,0,0,0,0,0,0,1,0,0,0,51,382,"202410011509"
"2020/21 - jesień","EMPTY",1352,0,0,0,0,0,0,0,0,0,0,0,0,46,382,"202410011509"
"2019/20 - wiosna","EMPTY",1167,0,0,0,0,0,0,0,0,0,0,0,0,27,382,"202410011509"
"2019/20 - jesień","EMPTY",505,0,0,0,0,0,0,0,0,0,0,0,0,19,382,"202410011509"
"2018/19 - wiosna","EMPTY",270,0,0,0,0,0,0,0,0,0,0,0,0,12,382,"202410011509"
"2018/19 - jesień","EMPTY",1778,0,0,0,0,0,0,0,0,0,0,1,1,47,382,"202410011509"
"2017/18 - wiosna","EMPTY",1350,0,0,0,0,0,0,0,0,0,0,0,0,63,382,"202410011509"
"2017/18 - jesień","EMPTY",0,0,0,0,0,0,0,0,0,0,0,0,0,0,382,"202410011509"
"2016/17 - wiosna","EMPTY",0,0,0,0,0,0,0,0,0,0,0,0,0,0,382,"202410011509"
"2016/17 - jesień","EMPTY",0,0,0,0,0,0,0,0,0,0,0,0,0,0,382,"202410011509"
"1","PIA",0,0,0,0,0,0,0,0,0,0,0,0,0,0,1696,"202410011509"
"2","RCZ",67,0,0,0,0,0,0,0,0,0,0,1,0,4,1696,"202410011509"
"3","WID",89,0,0,0,0,0,0,0,0,0,0,0,0,1,1696,"202410011509"
"4","KOR",90,0,0,0,0,0,0,0,0,0,0,0,0,6,1696,"202410011509"
"5","JAG",90,1,0,0,0,0,0,0,0,0,0,0,0,8,1696,"202410011509"
"6","GÓR",90,0,0,0,0,0,0,0,0,0,0,0,0,2,1696,"202410011509"
"7","RAD",81,0,0,0,0,0,0,0,0,0,0,1,0,0,1696,"202410011509"
"8","POG",90,0,0,0,0,0,0,0,0,0,0,0,0,3,1696,"202410011509"
"9","PUN",90,0,0,0,0,0,0,0,0,0,0,0,0,3,1696,"202410011509"
"10","STM",90,0,0,0,0,0,1,0,0,0,0,0,0,4,1696,"202410011509"
"11","ŚLA",0,0,0,0,0,0,0,0,0,0,0,0,0,0,1696,"202410011509"
"12","LPO",0,0,0,0,0,0,0,0,0,0,0,0,0,0,1696,"202410011509"
"13","MOT",0,0,0,0,0,0,0,0,0,0,0,0,0,0,1696,"202410011509"
"14","LGD",0,0,0,0,0,0,0,0,0,0,0,0,0,0,1696,"202410011509"
"15","GKS",0,0,0,0,0,0,0,0,0,0,0,0,0,0,1696,"202410011509"
"16","LEG",0,0,0,0,0,0,0,0,0,0,0,0,0,0,1696,"202410011509"
"17","ZAG",0,0,0,0,0,0,0,0,0,0,0,0,0,0,1696,"202410011509"
"18","PIA",0,0,0,0,0,0,0,0,0,0,0,0,0,0,1696,"202410011509"
"SUMA","EMPTY",777,1,0,0,0,0,1,0,0,0,0,2,0,31,1696,"202410011509"
"2023/24 - wiosna","EMPTY",0,0,0,0,0,0,0,0,0,0,0,0,0,0,1696,"202410011509"
"2023/24 - jesień","EMPTY",1015,0,0,0,1,0,0,1,0,0,0,1,0,25,1696,"202410011509"
"2022/23 - wiosna","EMPTY",1305,1,0,0,0,0,0,0,0,0,0,2,0,43,1696,"202410011509"
"2022/23 - jesień","EMPTY",859,0,1,0,0,0,0,1,0,0,0,3,0,34,1696,"202410011509"
"2021/22 - wiosna","EMPTY",189,0,0,0,0,0,0,0,0,0,0,0,0,6,1696,"202410011509"
"2021/22 - jesień","EMPTY",1547,0,0,0,0,0,0,0,0,0,0,2,0,38,1696,"202410011509"
"1","LPO",90,0,0,0,0,0,0,0,0,0,0,0,0,2,1471,"202410011509"
"2","PUN",11,0,0,0,0,0,0,0,0,0,0,0,0,1,1471,"202410011509"
"3","POG",81,0,0,0,0,0,0,0,0,0,0,0,0,4,1471,"202410011509"
"4","RAD",45,0,0,0,0,0,0,0,0,0,0,1,0,2,1471,"202410011509"
"5","RCZ",90,0,0,0,0,0,0,0,0,0,0,0,0,3,1471,"202410011509"
"6","CRA",66,0,0,0,0,0,0,0,0,0,0,0,0,2,1471,"202410011509"
"7","LGD",22,0,1,0,0,0,0,0,0,0,0,0,0,4,1471,"202410011509"
"8","MOT",0,0,0,0,0,0,0,0,0,0,0,0,0,0,1471,"202410011509"
"9","GKS",72,0,1,0,0,0,0,0,0,0,0,1,0,6,1471,"202410011509"
"10","LEG",65,1,0,0,0,1,0,0,0,0,0,0,0,7,1471,"202410011509"
"11","ZAG",0,0,0,0,0,0,0,0,0,0,0,0,0,0,1471,"202410011509"
"12","STM",0,0,0,0,0,0,0,0,0,0,0,0,0,0,1471,"202410011509"
"13","WID",0,0,0,0,0,0,0,0,0,0,0,0,0,0,1471,"202410011509"
"14","JAG",0,0,0,0,0,0,0,0,0,0,0,0,0,0,1471,"202410011509"
"15","ŚLA",0,0,0,0,0,0,0,0,0,0,0,0,0,0,1471,"202410011509"
"16","PIA",0,0,0,0,0,0,0,0,0,0,0,0,0,0,1471,"202410011509"
"17","KOR",0,0,0,0,0,0,0,0,0,0,0,0,0,0,1471,"202410011509"
"18","LPO",0,0,0,0,0,0,0,0,0,0,0,0,0,0,1471,"202410011509"
"SUMA","EMPTY",542,1,2,0,0,1,0,0,0,0,0,2,0,31,1471,"202410011509"
"2023/24 - wiosna","EMPTY",459,3,0,0,0,0,0,0,0,0,0,1,0,41,1471,"202410011509"
"2023/24 - jesień","EMPTY",878,0,0,0,0,0,0,0,0,0,0,1,0,37,1471,"202410011509"
"2022/23 - wiosna","EMPTY",0,0,0,0,0,0,0,0,0,0,0,0,0,0,1471,"202410011509"
"2022/23 - jesień","EMPTY",0,0,0,0,0,0,0,0,0,0,0,0,0,0,1471,"202410011509"
"2021/22 - wiosna","EMPTY",0,0,0,0,0,0,0,0,0,0,0,0,0,0,1471,"202410011509"
"2021/22 - jesień","EMPTY",0,0,0,0,0,0,0,0,0,0,0,0,0,0,1471,"202410011509"
"2020/21 - wiosna","EMPTY",0,0,0,0,0,0,0,0,0,0,0,0,0,0,1471,"202410011509"
"2020/21 - jesień","EMPTY",0,0,0,0,0,0,0,0,0,0,0,0,0,0,1471,"202410011509"
"1","LEG",35,0,0,0,0,0,0,0,0,0,0,0,0,0,2239,"202410011509"
"2","POG",90,0,0,0,0,0,0,0,0,0,0,0,0,1,2239,"202410011509"
"3","PUN",90,1,0,0,0,0,0,0,0,0,0,0,0,13,2239,"202410011509"
"4","LGD",90,0,0,0,0,0,0,0,0,0,0,0,0,2,2239,"202410011509"
"5","LPO",90,0,0,0,0,0,0,0,0,0,0,0,0,2,2239,"202410011509"
"6","PIA",90,0,0,0,0,0,0,0,0,0,0,0,0,2,2239,"202410011509"
"7","GKS",90,0,0,0,0,0,0,0,0,0,0,0,0,6,2239,"202410011509"
"8","KOR",90,0,0,0,0,0,0,0,0,0,0,0,0,1,2239,"202410011509"
"9","RCZ",90,0,0,0,0,0,0,0,0,0,0,0,0,-2,2239,"202410011509"
"10","RAD",90,0,0,0,0,0,0,0,0,0,0,0,0,6,2239,"202410011509"
"11","GÓR",0,0,0,0,0,0,0,0,0,0,0,0,0,0,2239,"202410011509"
"12","JAG",0,0,0,0,0,0,0,0,0,0,0,0,0,0,2239,"202410011509"
"13","STM",0,0,0,0,0,0,0,0,0,0,0,0,0,0,2239,"202410011509"
"14","ŚLA",0,0,0,0,0,0,0,0,0,0,0,0,0,0,2239,"202410011509"
"15","WID",0,0,0,0,0,0,0,0,0,0,0,0,0,0,2239,"202410011509"
"16","MOT",0,0,0,0,0,0,0,0,0,0,0,0,0,0,2239,"202410011509"
"17","CRA",0,0,0,0,0,0,0,0,0,0,0,0,0,0,2239,"202410011509"
"18","LEG",0,0,0,0,0,0,0,0,0,0,0,0,0,0,2239,"202410011509"
"SUMA","EMPTY",845,1,0,0,0,0,0,0,0,0,0,0,0,31,2239,"202410011509"
"2023/24 - wiosna","EMPTY",0,0,0,0,0,0,0,0,0,0,0,0,0,0,2239,"202410011509"
"2023/24 - jesień","EMPTY",0,0,0,0,0,0,0,0,0,0,0,0,0,0,2239,"202410011509"
"1","LPO",90,0,0,0,0,0,0,0,0,0,0,0,0,2,1493,"202410011509"
"2","PUN",90,0,0,0,0,0,0,0,0,0,0,0,0,1,1493,"202410011509"
"3","POG",90,0,0,0,0,0,0,0,0,0,0,0,0,6,1493,"202410011509"
"4","RAD",90,0,0,0,0,0,0,0,0,0,0,0,0,4,1493,"202410011509"
"5","RCZ",90,0,0,0,0,0,0,0,0,0,0,0,0,7,1493,"202410011509"
"6","CRA",90,0,0,0,0,0,0,0,0,0,0,0,0,0,1493,"202410011509"
"7","LGD",90,0,0,0,0,0,0,0,0,0,0,0,0,0,1493,"202410011509"
"8","MOT",90,0,0,0,0,0,0,0,0,0,0,0,0,2,1493,"202410011509"
"9","GKS",90,0,0,0,0,0,0,0,0,0,0,0,0,6,1493,"202410011509"
"10","LEG",90,0,0,0,0,0,0,0,0,0,0,0,0,3,1493,"202410011509"
"11","ZAG",0,0,0,0,0,0,0,0,0,0,0,0,0,0,1493,"202410011509"
"12","STM",0,0,0,0,0,0,0,0,0,0,0,0,0,0,1493,"202410011509"
"13","WID",0,0,0,0,0,0,0,0,0,0,0,0,0,0,1493,"202410011509"
"14","JAG",0,0,0,0,0,0,0,0,0,0,0,0,0,0,1493,"202410011509"
"15","ŚLA",0,0,0,0,0,0,0,0,0,0,0,0,0,0,1493,"202410011509"
"16","PIA",0,0,0,0,0,0,0,0,0,0,0,0,0,0,1493,"202410011509"
"17","KOR",0,0,0,0,0,0,0,0,0,0,0,0,0,0,1493,"202410011509"
"18","LPO",0,0,0,0,0,0,0,0,0,0,0,0,0,0,1493,"202410011509"
"SUMA","EMPTY",900,0,0,0,0,0,0,0,0,0,0,0,0,31,1493,"202410011509"
"2023/24 - wiosna","EMPTY",0,0,0,0,0,0,0,0,0,0,0,0,0,0,1493,"202410011509"
"2023/24 - jesień","EMPTY",0,0,0,0,0,0,0,0,0,0,0,0,0,0,1493,"202410011509"
"2022/23 - wiosna","EMPTY",270,0,0,0,0,0,0,0,0,0,0,0,0,8,1493,"202410011509"
"2022/23 - jesień","EMPTY",990,0,0,0,0,0,0,0,0,1,0,1,0,34,1493,"202410011509"
"2021/22 - wiosna","EMPTY",1014,0,0,0,0,0,0,0,0,0,0,0,0,25,1493,"202410011509"
"2021/22 - jesień","EMPTY",1366,0,0,0,0,0,0,0,0,1,0,1,0,40,1493,"202410011509"
"2020/21 - wiosna","EMPTY",771,0,0,0,0,0,0,0,0,0,0,0,0,28,1493,"202410011509"
"2020/21 - jesień","EMPTY",286,0,0,0,0,0,0,1,0,0,0,1,0,9,1493,"202410011509"
"1","CRA",90,0,0,0,0,0,0,0,0,0,0,0,0,2,1241,"202410011509"
"2","ŚLA",90,0,0,0,0,0,0,0,0,0,0,0,0,6,1241,"202410011509"
"3","LEG",79,0,0,0,0,0,0,0,0,0,0,0,0,3,1241,"202410011509"
"4","GKS",17,0,0,0,0,0,0,0,0,0,0,0,0,1,1241,"202410011509"
"5","STM",90,0,0,0,0,0,0,0,0,0,0,0,0,1,1241,"202410011509"
"6","ZAG",90,0,0,0,0,0,0,0,0,0,0,0,0,6,1241,"202410011509"
"7","RCZ",89,0,0,0,0,0,0,0,0,0,0,0,0,6,1241,"202410011509"
"8","PUN",90,0,0,0,0,0,0,0,0,0,0,0,0,2,1241,"202410011509"
"9","WID",90,0,0,0,0,0,0,0,0,0,0,0,0,2,1241,"202410011509"
"10","JAG",90,0,0,0,0,0,0,0,0,0,0,0,0,2,1241,"202410011509"
"11","POG",0,0,0,0,0,0,0,0,0,0,0,0,0,0,1241,"202410011509"
"12","KOR",0,0,0,0,0,0,0,0,0,0,0,0,0,0,1241,"202410011509"
"13","LGD",0,0,0,0,0,0,0,0,0,0,0,0,0,0,1241,"202410011509"
"14","RAD",0,0,0,0,0,0,0,0,0,0,0,0,0,0,1241,"202410011509"
"15","MOT",0,0,0,0,0,0,0,0,0,0,0,0,0,0,1241,"202410011509"
"16","GÓR",0,0,0,0,0,0,0,0,0,0,0,0,0,0,1241,"202410011509"
"17","LPO",0,0,0,0,0,0,0,0,0,0,0,0,0,0,1241,"202410011509"
"18","CRA",0,0,0,0,0,0,0,0,0,0,0,0,0,0,1241,"202410011509"
"SUMA","EMPTY",815,0,0,0,0,0,0,0,0,0,0,0,0,31,1241,"202410011509"
"2023/24 - wiosna","EMPTY",694,1,1,0,0,0,1,0,0,0,0,2,0,35,1241,"202410011509"
"2023/24 - jesień","EMPTY",465,1,0,0,0,0,1,1,0,0,0,3,0,30,1241,"202410011509"
"2022/23 - wiosna","EMPTY",0,0,0,0,0,0,0,0,0,0,0,0,0,0,1241,"202410011509"
"2022/23 - jesień","EMPTY",90,0,0,0,0,0,0,0,0,0,0,1,0,0,1241,"202410011509"
"2021/22 - wiosna","EMPTY",1281,2,0,0,0,1,0,0,0,0,0,5,0,63,1241,"202410011509"
"2021/22 - jesień","EMPTY",1460,0,0,0,0,0,0,0,0,0,0,1,0,34,1241,"202410011509"
"2020/21 - wiosna","EMPTY",1360,0,0,0,0,0,0,1,0,0,0,3,0,46,1241,"202410011509"
"2020/21 - jesień","EMPTY",864,0,0,0,0,0,0,0,0,0,0,1,0,17,1241,"202410011509"
"2019/20 - wiosna","EMPTY",214,0,0,0,0,0,0,0,0,0,0,0,0,11,1241,"202410011509"
"2019/20 - jesień","EMPTY",793,0,0,0,1,0,0,1,0,0,0,4,1,27,1241,"202410011509"
"1","GÓR",17,0,0,0,0,0,0,0,0,0,0,0,0,2,244,"202410011509"
"2","WID",0,0,0,0,0,0,0,0,0,0,0,0,0,0,244,"202410011509"
"3","LGD",90,0,0,0,0,0,0,0,0,0,0,0,0,3,244,"202410011509"
"4","RCZ",90,0,0,0,0,0,0,0,0,0,0,0,0,3,244,"202410011509"
"5","ZAG",90,0,0,0,0,0,0,0,0,0,0,0,0,4,244,"202410011509"
"6","POG",90,0,0,0,0,0,0,0,0,0,0,1,0,3,244,"202410011509"
"7","STM",78,0,0,0,0,0,0,0,0,0,0,0,0,4,244,"202410011509"
"8","JAG",90,0,0,0,0,0,0,0,0,0,0,0,0,4,244,"202410011509"
"9","ŚLA",90,0,0,0,0,0,0,0,0,0,0,0,0,5,244,"202410011509"
"10","KOR",90,0,0,0,0,0,0,0,0,0,0,0,0,3,244,"202410011509"
"11","MOT",0,0,0,0,0,0,0,0,0,0,0,0,0,0,244,"202410011509"
"12","CRA",0,0,0,0,0,0,0,0,0,0,0,0,0,0,244,"202410011509"
"13","RAD",0,0,0,0,0,0,0,0,0,0,0,0,0,0,244,"202410011509"
"14","PUN",0,0,0,0,0,0,0,0,0,0,0,0,0,0,244,"202410011509"
"15","LEG",0,0,0,0,0,0,0,0,0,0,0,0,0,0,244,"202410011509"
"16","GKS",0,0,0,0,0,0,0,0,0,0,0,0,0,0,244,"202410011509"
"17","PIA",0,0,0,0,0,0,0,0,0,0,0,0,0,0,244,"202410011509"
"18","GÓR",0,0,0,0,0,0,0,0,0,0,0,0,0,0,244,"202410011509"
"SUMA","EMPTY",725,0,0,0,0,0,0,0,0,0,0,1,0,31,244,"202410011509"
"2023/24 - wiosna","EMPTY",1183,1,0,0,0,0,0,0,0,0,0,1,0,43,244,"202410011509"
"2023/24 - jesień","EMPTY",1311,0,1,1,0,0,0,0,0,0,0,7,1,39,244,"202410011509"
"2022/23 - wiosna","EMPTY",1084,1,1,0,0,0,0,1,0,0,0,4,1,43,244,"202410011509"
"2022/23 - jesień","EMPTY",835,0,1,0,0,0,0,0,0,0,0,2,0,34,244,"202410011509"
"2021/22 - wiosna","EMPTY",910,0,0,0,0,0,0,0,0,0,0,0,0,33,244,"202410011509"
"2021/22 - jesień","EMPTY",380,1,0,0,0,0,0,0,0,0,0,0,0,27,244,"202410011509"
"2020/21 - wiosna","EMPTY",0,0,0,0,0,0,0,0,0,0,0,0,0,0,244,"202410011509"
"2020/21 - jesień","EMPTY",0,0,0,0,0,0,0,0,0,0,0,0,0,0,244,"202410011509"
"2019/20 - jesień","EMPTY",0,0,0,0,0,0,0,0,0,0,0,0,0,0,244,"202410011509"
"2018/19 - wiosna","EMPTY",0,0,0,0,0,0,0,0,0,0,0,0,0,0,244,"202410011509"
"2017/18 - wiosna","EMPTY",0,0,0,0,0,0,0,0,0,0,0,0,0,0,244,"202410011509"
"2017/18 - jesień","EMPTY",90,0,0,0,0,0,0,0,0,0,0,1,0,2,244,"202410011509"
"2016/17 - wiosna","EMPTY",1293,1,1,0,0,0,0,0,0,0,0,1,0,54,244,"202410011509"
"2016/17 - jesień","EMPTY",1549,1,0,0,0,1,0,0,0,0,0,5,0,57,244,"202410011509"
"1","LGD",88,0,0,0,0,0,0,0,0,0,0,0,0,2,1268,"202410011509"
"2","PIA",71,0,0,0,0,0,0,0,0,0,0,0,0,2,1268,"202410011509"
"4","WID",90,0,0,0,0,0,0,0,0,0,0,0,0,3,1268,"202410011509"
"5","KOR",90,1,0,0,0,0,0,0,0,0,0,0,0,7,1268,"202410011509"
"6","LEG",90,0,1,0,0,0,0,0,0,0,0,0,0,5,1268,"202410011509"
"7","POG",90,0,2,0,0,0,0,0,0,0,0,0,0,8,1268,"202410011509"
"8","STM",0,0,0,0,0,0,0,0,0,0,0,0,0,0,1268,"202410011509"
"9","LPO",90,0,0,0,0,0,0,0,0,0,0,0,0,2,1268,"202410011509"
"10","MOT",90,0,0,0,0,0,0,0,0,0,0,0,0,2,1268,"202410011509"
"11","CRA",0,0,0,0,0,0,0,0,0,0,0,0,0,0,1268,"202410011509"
"12","GKS",0,0,0,0,0,0,0,0,0,0,0,0,0,0,1268,"202410011509"
"13","RCZ",0,0,0,0,0,0,0,0,0,0,0,0,0,0,1268,"202410011509"
"14","ZAG",0,0,0,0,0,0,0,0,0,0,0,0,0,0,1268,"202410011509"
"15","GÓR",0,0,0,0,0,0,0,0,0,0,0,0,0,0,1268,"202410011509"
"16","JAG",0,0,0,0,0,0,0,0,0,0,0,0,0,0,1268,"202410011509"
"17","PUN",0,0,0,0,0,0,0,0,0,0,0,0,0,0,1268,"202410011509"
"18","RAD",0,0,0,0,0,0,0,0,0,0,0,0,0,0,1268,"202410011509"
"18","LGD",0,0,0,0,0,0,0,0,0,0,0,0,0,0,1268,"202410011509"
"SUMA","EMPTY",699,1,3,0,0,0,0,0,0,0,0,0,0,31,1268,"202410011509"
"2023/24 - wiosna","EMPTY",916,1,4,0,0,0,0,0,0,0,0,4,0,45,1268,"202410011509"
"2023/24 - jesień","EMPTY",1470,2,2,1,0,0,0,1,0,0,0,2,0,69,1268,"202410011509"
"2022/23 - wiosna","EMPTY",778,1,1,0,0,0,0,0,0,0,0,4,0,27,1268,"202410011509"
"2022/23 - jesień","EMPTY",1231,2,1,0,0,0,0,0,0,0,0,2,0,47,1268,"202410011509"
"2021/22 - wiosna","EMPTY",1019,1,1,0,0,0,0,0,1,0,0,2,0,28,1268,"202410011509"
"2021/22 - jesień","EMPTY",1519,1,0,0,0,0,0,0,0,0,0,2,1,45,1268,"202410011509"
"2020/21 - wiosna","EMPTY",753,0,0,0,0,0,0,0,0,0,0,1,0,29,1268,"202410011509"
"2020/21 - jesień","EMPTY",916,4,2,0,0,4,0,0,0,0,0,1,0,58,1268,"202410011509"
"2019/20 - wiosna","EMPTY",1457,4,4,0,0,2,0,0,0,0,0,2,0,73,1268,"202410011509"
"2019/20 - jesień","EMPTY",1540,4,4,0,0,3,0,0,0,0,0,4,0,85,1268,"202410011509"
"1","WID",81,1,0,0,0,0,0,0,0,0,0,0,0,6,1880,"202410011509"
"2","GKS",90,0,0,0,0,0,0,0,0,0,0,0,0,2,1880,"202410011509"
"3","JAG",76,0,0,0,0,0,0,0,0,0,0,0,0,2,1880,"202410011509"
"4","POG",90,0,0,0,0,0,0,0,0,0,0,1,0,1,1880,"202410011509"
"5","PIA",90,1,0,0,0,0,0,0,0,0,0,1,0,7,1880,"202410011509"
"6","KOR",90,0,1,0,0,0,0,0,0,0,0,0,0,5,1880,"202410011509"
"7","LPO",90,0,0,0,0,0,0,0,0,0,0,0,0,2,1880,"202410011509"
"8","ŚLA",0,0,0,0,0,0,0,0,0,0,0,0,0,0,1880,"202410011509"
"9","MOT",86,0,0,0,0,0,0,0,0,0,0,0,0,3,1880,"202410011509"
"10","CRA",60,0,0,0,0,0,0,0,0,0,0,0,0,2,1880,"202410011509"
"11","LGD",0,0,0,0,0,0,0,0,0,0,0,0,0,0,1880,"202410011509"
"12","GÓR",0,0,0,0,0,0,0,0,0,0,0,0,0,0,1880,"202410011509"
"13","ZAG",0,0,0,0,0,0,0,0,0,0,0,0,0,0,1880,"202410011509"
"14","RCZ",0,0,0,0,0,0,0,0,0,0,0,0,0,0,1880,"202410011509"
"15","PUN",0,0,0,0,0,0,0,0,0,0,0,0,0,0,1880,"202410011509"
"16","RAD",0,0,0,0,0,0,0,0,0,0,0,0,0,0,1880,"202410011509"
"17","LEG",0,0,0,0,0,0,0,0,0,0,0,0,0,0,1880,"202410011509"
"18","WID",0,0,0,0,0,0,0,0,0,0,0,0,0,0,1880,"202410011509"
"SUMA","EMPTY",753,2,1,0,0,0,0,0,0,0,0,2,0,30,1880,"202410011509"
"2023/24 - wiosna","EMPTY",1298,8,0,0,0,1,1,0,0,0,0,3,0,66,1880,"202410011509"
"2023/24 - jesień","EMPTY",1366,8,5,0,0,0,0,0,0,0,0,2,0,90,1880,"202410011509"
"2022/23 - wiosna","EMPTY",0,0,0,0,0,0,0,0,0,0,0,0,0,0,1880,"202410011509"
"2022/23 - jesień","EMPTY",0,0,0,0,0,0,0,0,0,0,0,0,0,0,1880,"202410011509"
"2021/22 - wiosna","EMPTY",63,0,0,0,0,0,0,0,0,0,0,0,0,4,1880,"202410011509"
"1","JAG",45,0,0,0,0,0,0,0,0,0,0,1,0,0,2161,"202410011509"
"2","GÓR",77,0,0,0,0,0,0,0,0,0,0,1,0,1,2161,"202410011509"
"3","ZAG",62,0,0,0,0,0,0,0,0,0,0,0,0,2,2161,"202410011509"
"4","LEG",90,0,0,0,0,0,0,0,0,0,0,0,0,2,2161,"202410011509"
"5","LGD",90,1,1,0,0,0,0,0,0,0,0,0,0,12,2161,"202410011509"
"6","MOT",90,0,0,0,0,0,0,0,0,0,0,0,0,3,2161,"202410011509"
"7","KOR",90,0,0,0,0,0,0,0,0,0,0,0,0,3,2161,"202410011509"
"8","PIA",90,0,0,0,0,0,0,0,0,0,0,0,0,2,2161,"202410011509"
"9","CRA",90,0,1,0,0,0,0,0,0,0,0,0,0,5,2161,"202410011509"
"10","RCZ",0,0,0,0,0,0,0,0,0,0,0,0,0,0,2161,"202410011509"
"11","GKS",0,0,0,0,0,0,0,0,0,0,0,0,0,0,2161,"202410011509"
"12","RAD",0,0,0,0,0,0,0,0,0,0,0,0,0,0,2161,"202410011509"
"13","POG",0,0,0,0,0,0,0,0,0,0,0,0,0,0,2161,"202410011509"
"14","LPO",0,0,0,0,0,0,0,0,0,0,0,0,0,0,2161,"202410011509"
"15","STM",0,0,0,0,0,0,0,0,0,0,0,0,0,0,2161,"202410011509"
"16","WID",0,0,0,0,0,0,0,0,0,0,0,0,0,0,2161,"202410011509"
"17","ŚLA",0,0,0,0,0,0,0,0,0,0,0,0,0,0,2161,"202410011509"
"18","JAG",0,0,0,0,0,0,0,0,0,0,0,0,0,0,2161,"202410011509"
"SUMA","EMPTY",724,1,2,0,0,0,0,0,0,0,0,2,0,30,2161,"202410011509"
"2023/24 - wiosna","EMPTY",889,0,0,0,0,0,0,0,0,0,0,0,0,27,2161,"202410011509"
"2023/24 - jesień","EMPTY",1142,0,1,0,0,0,0,1,0,0,0,5,1,29,2161,"202410011509"
"1","PUN",28,0,0,0,0,0,0,0,0,0,0,0,0,2,2447,"202410011509"
"2","RAD",90,0,0,0,0,0,0,0,0,0,0,0,0,2,2447,"202410011509"
"3","STM",90,0,0,0,0,0,0,0,0,0,0,0,0,6,2447,"202410011509"
"5","CRA",90,0,0,0,0,0,0,0,0,0,0,1,0,-2,2447,"202410011509"
"6","GKS",90,0,0,0,0,0,0,0,0,0,0,0,0,0,2447,"202410011509"
"7","WID",90,0,0,0,0,0,0,0,0,0,0,0,0,6,2447,"202410011509"
"8","LPO",90,0,0,0,0,0,0,0,0,0,0,0,0,-2,2447,"202410011509"
"9","MOT",90,0,0,0,0,0,0,0,0,0,0,0,0,6,2447,"202410011509"
"9","LGD",90,0,1,0,0,0,0,0,0,0,0,1,0,6,2447,"202410011509"
"10","PIA",90,0,0,0,0,0,0,0,0,0,0,0,0,6,2447,"202410011509"
"11","LEG",0,0,0,0,0,0,0,0,0,0,0,0,0,0,2447,"202410011509"
"12","ZAG",0,0,0,0,0,0,0,0,0,0,0,0,0,0,2447,"202410011509"
"13","KOR",0,0,0,0,0,0,0,0,0,0,0,0,0,0,2447,"202410011509"
"14","GÓR",0,0,0,0,0,0,0,0,0,0,0,0,0,0,2447,"202410011509"
"15","RCZ",0,0,0,0,0,0,0,0,0,0,0,0,0,0,2447,"202410011509"
"16","ŚLA",0,0,0,0,0,0,0,0,0,0,0,0,0,0,2447,"202410011509"
"17","POG",0,0,0,0,0,0,0,0,0,0,0,0,0,0,2447,"202410011509"
"18","PUN",0,0,0,0,0,0,0,0,0,0,0,0,0,0,2447,"202410011509"
"SUMA","EMPTY",838,0,1,0,0,0,0,0,0,0,0,2,0,30,2447,"202410011509"
"1","CRA",89,0,0,0,0,0,0,0,0,0,0,0,0,2,432,"202410011509"
"2","ŚLA",90,0,1,0,0,0,0,0,0,0,0,0,0,7,432,"202410011509"
"3","LEG",90,0,0,0,0,0,0,0,0,0,0,0,0,3,432,"202410011509"
"4","GKS",90,0,0,0,0,0,0,0,0,0,0,0,0,2,432,"202410011509"
"5","STM",90,0,0,0,0,0,0,0,0,0,0,0,0,2,432,"202410011509"
"6","ZAG",90,0,0,0,0,0,0,0,0,0,0,0,0,4,432,"202410011509"
"7","RCZ",90,0,0,0,0,0,0,0,0,0,0,0,0,4,432,"202410011509"
"8","PUN",86,0,0,0,0,0,0,0,0,0,0,0,0,2,432,"202410011509"
"9","WID",90,0,0,0,0,0,0,0,0,0,0,0,0,2,432,"202410011509"
"10","JAG",90,0,0,0,0,0,0,0,0,0,0,0,0,2,432,"202410011509"
"11","POG",0,0,0,0,0,0,0,0,0,0,0,0,0,0,432,"202410011509"
"12","KOR",0,0,0,0,0,0,0,0,0,0,0,0,0,0,432,"202410011509"
"13","LGD",0,0,0,0,0,0,0,0,0,0,0,0,0,0,432,"202410011509"
"14","RAD",0,0,0,0,0,0,0,0,0,0,0,0,0,0,432,"202410011509"
"15","MOT",0,0,0,0,0,0,0,0,0,0,0,0,0,0,432,"202410011509"
"16","GÓR",0,0,0,0,0,0,0,0,0,0,0,0,0,0,432,"202410011509"
"17","LPO",0,0,0,0,0,0,0,0,0,0,0,0,0,0,432,"202410011509"
"18","CRA",0,0,0,0,0,0,0,0,0,0,0,0,0,0,432,"202410011509"
"SUMA","EMPTY",895,0,1,0,0,0,0,0,0,0,0,0,0,30,432,"202410011509"
"2023/24 - wiosna","EMPTY",1241,1,0,0,0,0,0,0,0,0,0,1,0,45,432,"202410011509"
"2023/24 - jesień","EMPTY",1520,1,1,0,0,0,0,0,0,0,0,4,0,50,432,"202410011509"
"2022/23 - wiosna","EMPTY",1394,3,3,0,0,0,0,0,0,0,0,2,0,77,432,"202410011509"
"2022/23 - jesień","EMPTY",1350,0,1,0,0,0,0,0,0,0,0,4,0,37,432,"202410011509"
"2021/22 - wiosna","EMPTY",1221,2,1,0,0,1,0,1,1,0,0,4,0,35,432,"202410011509"
"2021/22 - jesień","EMPTY",1798,6,1,0,0,5,0,0,0,0,0,2,0,82,432,"202410011509"
"2020/21 - wiosna","EMPTY",1382,1,0,0,0,0,0,1,0,0,0,3,0,37,432,"202410011509"
"2020/21 - jesień","EMPTY",1260,2,0,0,0,1,0,0,0,0,0,3,0,38,432,"202410011509"
"2019/20 - jesień","EMPTY",0,0,0,0,0,0,0,0,0,0,0,0,0,0,432,"202410011509"
"2018/19 - wiosna","EMPTY",0,0,0,0,0,0,0,0,0,0,0,0,0,0,432,"202410011509"
"2017/18 - wiosna","EMPTY",0,0,0,0,0,0,0,0,0,0,0,0,0,0,432,"202410011509"
"2017/18 - jesień","EMPTY",0,0,0,0,0,0,0,0,0,0,0,0,0,0,432,"202410011509"
"2016/17 - wiosna","EMPTY",0,0,0,0,0,0,0,0,0,0,0,0,0,0,432,"202410011509"
"2016/17 - jesień","EMPTY",0,0,0,0,0,0,0,0,0,0,0,0,0,0,432,"202410011509"
"1","CRA",1,0,0,0,0,0,0,0,0,0,0,0,0,1,714,"202410011509"
"2","ŚLA",50,0,0,0,0,0,0,0,0,0,0,1,0,1,714,"202410011509"
"3","LEG",64,0,0,0,0,0,0,0,0,0,0,0,0,3,714,"202410011509"
"4","GKS",73,0,1,0,0,0,0,0,0,0,0,0,0,5,714,"202410011509"
"5","STM",45,0,0,0,0,0,0,0,0,0,0,0,0,1,714,"202410011509"
"6","ZAG",90,1,0,0,0,0,0,0,0,0,0,0,0,9,714,"202410011509"
"7","RCZ",89,0,0,0,0,0,0,0,0,0,0,0,0,4,714,"202410011509"
"8","PUN",90,0,0,0,0,0,0,0,0,0,0,1,0,1,714,"202410011509"
"9","WID",60,0,0,0,0,0,0,0,0,0,0,0,0,2,714,"202410011509"
"10","JAG",68,0,0,0,0,0,0,0,0,0,0,0,0,2,714,"202410011509"
"11","POG",0,0,0,0,0,0,0,0,0,0,0,0,0,0,714,"202410011509"
"12","KOR",0,0,0,0,0,0,0,0,0,0,0,0,0,0,714,"202410011509"
"13","LGD",0,0,0,0,0,0,0,0,0,0,0,0,0,0,714,"202410011509"
"14","RAD",0,0,0,0,0,0,0,0,0,0,0,0,0,0,714,"202410011509"
"15","MOT",0,0,0,0,0,0,0,0,0,0,0,0,0,0,714,"202410011509"
"16","GÓR",0,0,0,0,0,0,0,0,0,0,0,0,0,0,714,"202410011509"
"17","LPO",0,0,0,0,0,0,0,0,0,0,0,0,0,0,714,"202410011509"
"18","CRA",0,0,0,0,0,0,0,0,0,0,0,0,0,0,714,"202410011509"
"SUMA","EMPTY",630,1,1,0,0,0,0,0,0,0,0,2,0,29,714,"202410011509"
"2023/24 - wiosna","EMPTY",346,0,0,0,0,0,0,0,0,0,0,1,0,11,714,"202410011509"
"2023/24 - jesień","EMPTY",793,2,1,0,0,0,0,0,0,0,0,2,0,48,714,"202410011509"
"2022/23 - wiosna","EMPTY",657,1,0,0,0,0,0,0,0,0,0,1,0,26,714,"202410011509"
"2022/23 - jesień","EMPTY",843,2,5,0,0,0,1,0,0,0,0,2,0,58,714,"202410011509"
"2021/22 - wiosna","EMPTY",1277,4,1,0,0,0,0,0,1,0,0,0,0,68,714,"202410011509"
"2021/22 - jesień","EMPTY",1288,2,7,0,0,1,0,0,0,0,0,2,0,66,714,"202410011509"
"2020/21 - wiosna","EMPTY",0,0,0,0,0,0,0,0,0,0,0,0,0,0,714,"202410011509"
"2020/21 - jesień","EMPTY",0,0,0,0,0,0,0,0,0,0,0,0,0,0,714,"202410011509"
"2019/20 - jesień","EMPTY",0,0,0,0,0,0,0,0,0,0,0,0,0,0,714,"202410011509"
"2018/19 - wiosna","EMPTY",0,0,0,0,0,0,0,0,0,0,0,0,0,0,714,"202410011509"
"2017/18 - wiosna","EMPTY",1251,6,1,0,0,1,0,0,0,0,0,0,0,83,714,"202410011509"
"2017/18 - jesień","EMPTY",1595,4,4,0,0,0,0,0,0,0,0,1,0,101,714,"202410011509"
"1","KOR",1,0,0,0,0,0,0,0,0,0,0,0,0,2,2002,"202410011509"
"2","ZAG",21,0,0,0,0,0,0,0,0,0,0,0,0,1,2002,"202410011509"
"3","GÓR",20,0,0,0,0,0,0,0,0,0,0,0,0,1,2002,"202410011509"
"4","STM",90,0,0,0,0,0,0,0,0,0,0,0,0,6,2002,"202410011509"
"5","WID",90,0,0,0,0,0,0,0,0,0,0,0,0,6,2002,"202410011509"
"6","LPO",90,0,0,0,0,0,0,0,0,0,0,0,0,1,2002,"202410011509"
"7","ŚLA",90,0,0,0,0,0,0,0,0,0,0,0,0,1,2002,"202410011509"
"8","CRA",90,1,0,0,0,0,0,0,0,0,0,0,0,7,2002,"202410011509"
"9","LEG",90,0,0,0,0,0,0,0,0,0,0,1,0,5,2002,"202410011509"
"10","GKS",90,0,0,0,0,0,0,0,0,0,0,1,0,-1,2002,"202410011509"
"11","PIA",0,0,0,0,0,0,0,0,0,0,0,0,0,0,2002,"202410011509"
"12","RCZ",0,0,0,0,0,0,0,0,0,0,0,0,0,0,2002,"202410011509"
"13","PUN",0,0,0,0,0,0,0,0,0,0,0,0,0,0,2002,"202410011509"
"14","MOT",0,0,0,0,0,0,0,0,0,0,0,0,0,0,2002,"202410011509"
"15","RAD",0,0,0,0,0,0,0,0,0,0,0,0,0,0,2002,"202410011509"
"16","LGD",0,0,0,0,0,0,0,0,0,0,0,0,0,0,2002,"202410011509"
"17","JAG",0,0,0,0,0,0,0,0,0,0,0,0,0,0,2002,"202410011509"
"18","KOR",0,0,0,0,0,0,0,0,0,0,0,0,0,0,2002,"202410011509"
"SUMA","EMPTY",672,1,0,0,0,0,0,0,0,0,0,2,0,29,2002,"202410011509"
"2023/24 - wiosna","EMPTY",713,1,0,0,0,0,0,1,0,0,0,0,0,29,2002,"202410011509"
"2023/24 - jesień","EMPTY",244,0,0,0,0,0,0,0,0,0,0,0,0,15,2002,"202410011509"
"2022/23 - wiosna","EMPTY",144,0,0,0,0,0,0,0,0,0,0,0,0,8,2002,"202410011509"
"2022/23 - jesień","EMPTY",673,0,0,0,0,0,0,0,0,0,0,6,0,8,2002,"202410011509"
"1","WID",75,0,1,0,0,0,0,0,0,0,0,0,0,5,1263,"202410011509"
"2","GKS",90,0,0,0,0,0,0,0,0,0,0,0,0,2,1263,"202410011509"
"3","JAG",83,0,0,0,0,0,0,0,0,0,0,0,0,2,1263,"202410011509"
"4","POG",88,0,0,0,0,0,0,0,0,0,0,0,0,2,1263,"202410011509"
"5","PIA",89,0,0,0,0,0,0,0,0,0,0,1,0,3,1263,"202410011509"
"6","KOR",90,1,0,0,0,0,0,0,0,0,0,0,0,7,1263,"202410011509"
"7","LPO",90,0,0,0,0,0,0,0,0,0,0,0,0,2,1263,"202410011509"
"8","ŚLA",0,0,0,0,0,0,0,0,0,0,0,0,0,0,1263,"202410011509"
"9","MOT",86,0,0,0,0,0,0,0,0,0,0,0,0,4,1263,"202410011509"
"10","CRA",89,0,0,0,0,0,0,0,0,0,0,0,0,2,1263,"202410011509"
"11","LGD",0,0,0,0,0,0,0,0,0,0,0,0,0,0,1263,"202410011509"
"12","GÓR",0,0,0,0,0,0,0,0,0,0,0,0,0,0,1263,"202410011509"
"13","ZAG",0,0,0,0,0,0,0,0,0,0,0,0,0,0,1263,"202410011509"
"14","RCZ",0,0,0,0,0,0,0,0,0,0,0,0,0,0,1263,"202410011509"
"15","PUN",0,0,0,0,0,0,0,0,0,0,0,0,0,0,1263,"202410011509"
"16","RAD",0,0,0,0,0,0,0,0,0,0,0,0,0,0,1263,"202410011509"
"17","LEG",0,0,0,0,0,0,0,0,0,0,0,0,0,0,1263,"202410011509"
"18","WID",0,0,0,0,0,0,0,0,0,0,0,0,0,0,1263,"202410011509"
"SUMA","EMPTY",780,1,1,0,0,0,0,0,0,0,0,1,0,29,1263,"202410011509"
"2023/24 - wiosna","EMPTY",1298,0,4,0,0,0,0,0,0,0,0,0,0,55,1263,"202410011509"
"2023/24 - jesień","EMPTY",1577,3,4,1,0,0,0,0,0,0,0,1,0,74,1263,"202410011509"
"2022/23 - wiosna","EMPTY",1119,0,2,0,0,0,0,0,1,0,0,1,0,38,1263,"202410011509"
"2022/23 - jesień","EMPTY",1324,4,3,0,0,1,0,0,0,0,0,0,0,78,1263,"202410011509"
"2021/22 - wiosna","EMPTY",1003,1,4,0,0,1,0,0,0,0,0,2,0,43,1263,"202410011509"
"2021/22 - jesień","EMPTY",16,0,0,0,0,0,0,0,0,0,0,1,0,0,1263,"202410011509"
"2020/21 - wiosna","EMPTY",1293,1,3,0,0,1,0,0,1,0,0,1,0,50,1263,"202410011509"
"2020/21 - jesień","EMPTY",1046,5,3,0,0,3,0,1,0,0,0,0,0,62,1263,"202410011509"
"2019/20 - wiosna","EMPTY",0,0,0,0,0,0,0,0,0,0,0,0,0,0,1263,"202410011509"
"2019/20 - jesień","EMPTY",164,0,0,0,0,0,0,0,0,0,0,0,0,10,1263,"202410011509"
"1","PUN",90,0,0,0,0,0,0,0,0,0,0,1,0,5,1795,"202410011509"
"2","RAD",90,0,0,0,0,0,0,1,0,0,0,1,0,0,1795,"202410011509"
"3","STM",90,0,0,0,0,0,0,0,0,0,0,0,0,6,1795,"202410011509"
"5","CRA",90,0,0,0,0,0,0,0,0,0,0,0,0,-1,1795,"202410011509"
"6","GKS",90,0,0,0,0,0,0,0,0,0,0,0,0,1,1795,"202410011509"
"7","WID",0,0,0,0,0,0,0,0,0,0,0,0,0,0,1795,"202410011509"
"8","LPO",0,0,0,0,0,0,0,0,0,0,0,0,0,0,1795,"202410011509"
"9","MOT",90,0,0,0,0,0,0,0,0,0,0,0,0,8,1795,"202410011509"
"9","LGD",90,0,0,0,0,0,0,0,0,0,0,0,0,3,1795,"202410011509"
"10","PIA",90,0,0,0,0,0,0,0,0,0,0,0,0,6,1795,"202410011509"
"11","LEG",0,0,0,0,0,0,0,0,0,0,0,0,0,0,1795,"202410011509"
"12","ZAG",0,0,0,0,0,0,0,0,0,0,0,0,0,0,1795,"202410011509"
"13","KOR",0,0,0,0,0,0,0,0,0,0,0,0,0,0,1795,"202410011509"
"14","GÓR",0,0,0,0,0,0,0,0,0,0,0,0,0,0,1795,"202410011509"
"15","RCZ",0,0,0,0,0,0,0,0,0,0,0,0,0,0,1795,"202410011509"
"16","ŚLA",0,0,0,0,0,0,0,0,0,0,0,0,0,0,1795,"202410011509"
"17","POG",0,0,0,0,0,0,0,0,0,0,0,0,0,0,1795,"202410011509"
"18","PUN",0,0,0,0,0,0,0,0,0,0,0,0,0,0,1795,"202410011509"
"SUMA","EMPTY",720,0,0,0,0,0,0,1,0,0,0,2,0,28,1795,"202410011509"
"2023/24 - wiosna","EMPTY",0,0,0,0,0,0,0,0,0,0,0,0,0,0,1795,"202410011509"
"2023/24 - jesień","EMPTY",0,0,0,0,0,0,0,0,0,0,0,1,0,0,1795,"202410011509"
"2022/23 - wiosna","EMPTY",225,0,0,0,0,0,0,0,0,1,0,0,0,12,1795,"202410011509"
"2022/23 - jesień","EMPTY",0,0,0,0,0,0,0,0,0,0,0,0,0,0,1795,"202410011509"
"2021/22 - wiosna","EMPTY",0,0,0,0,0,0,0,0,0,0,0,0,0,0,1795,"202410011509"
"2021/22 - jesień","EMPTY",0,0,0,0,0,0,0,0,0,0,0,0,0,0,1795,"202410011509"
"1","LPO",45,0,0,0,0,0,0,0,0,0,0,0,0,1,1553,"202410011509"
"2","PUN",62,0,1,0,0,0,0,0,0,0,0,0,0,5,1553,"202410011509"
"3","POG",9,1,0,0,0,0,0,0,0,0,0,0,0,6,1553,"202410011509"
"4","RAD",40,1,0,0,0,0,0,0,0,0,0,1,0,5,1553,"202410011509"
"5","RCZ",0,0,0,0,0,0,0,0,0,0,0,0,0,0,1553,"202410011509"
"6","CRA",59,0,0,0,0,0,0,0,0,0,0,0,0,2,1553,"202410011509"
"7","LGD",87,0,0,0,0,0,0,0,0,0,0,0,0,2,1553,"202410011509"
"8","MOT",65,0,0,0,0,0,0,0,0,0,0,0,0,2,1553,"202410011509"
"9","GKS",68,0,0,0,0,0,0,0,0,0,0,0,0,3,1553,"202410011509"
"10","LEG",45,0,0,0,0,0,0,0,0,0,0,0,0,2,1553,"202410011509"
"11","ZAG",0,0,0,0,0,0,0,0,0,0,0,0,0,0,1553,"202410011509"
"12","STM",0,0,0,0,0,0,0,0,0,0,0,0,0,0,1553,"202410011509"
"13","WID",0,0,0,0,0,0,0,0,0,0,0,0,0,0,1553,"202410011509"
"14","JAG",0,0,0,0,0,0,0,0,0,0,0,0,0,0,1553,"202410011509"
"15","ŚLA",0,0,0,0,0,0,0,0,0,0,0,0,0,0,1553,"202410011509"
"16","PIA",0,0,0,0,0,0,0,0,0,0,0,0,0,0,1553,"202410011509"
"17","KOR",0,0,0,0,0,0,0,0,0,0,0,0,0,0,1553,"202410011509"
"18","LPO",0,0,0,0,0,0,0,0,0,0,0,0,0,0,1553,"202410011509"
"SUMA","EMPTY",480,2,1,0,0,0,0,0,0,0,0,1,0,28,1553,"202410011509"
"2023/24 - wiosna","EMPTY",51,0,0,0,0,0,0,0,0,0,0,0,0,5,1553,"202410011509"
"2023/24 - jesień","EMPTY",560,1,1,0,0,0,0,0,0,0,0,2,0,31,1553,"202410011509"
"2022/23 - wiosna","EMPTY",890,3,1,0,0,0,2,0,0,0,0,4,0,47,1553,"202410011509"
"2022/23 - jesień","EMPTY",1119,3,1,0,0,0,1,0,0,0,0,2,0,53,1553,"202410011509"
"2021/22 - wiosna","EMPTY",827,5,1,0,0,0,1,0,0,0,0,1,0,53,1553,"202410011509"
"2021/22 - jesień","EMPTY",935,6,3,0,0,0,0,0,0,0,0,1,0,71,1553,"202410011509"
"2020/21 - wiosna","EMPTY",744,0,1,0,0,0,0,0,0,0,0,3,0,28,1553,"202410011509"
"2020/21 - jesień","EMPTY",761,2,2,0,0,0,1,0,0,0,0,0,0,42,1553,"202410011509"
"1","RAD",26,0,0,0,0,0,0,0,0,0,0,0,0,1,1616,"202410011509"
"2","STM",90,0,0,0,0,0,0,0,0,0,0,0,0,3,1616,"202410011509"
"3","RCZ",65,0,0,0,0,0,0,0,0,0,0,0,0,2,1616,"202410011509"
"4","PIA",89,2,0,0,0,0,0,0,0,0,0,1,0,10,1616,"202410011509"
"5","MOT",84,0,0,0,0,0,0,0,0,0,0,0,0,2,1616,"202410011509"
"6","JAG",90,0,1,0,0,0,0,0,0,0,0,1,0,5,1616,"202410011509"
"7","ZAG",80,0,0,0,0,0,0,0,0,0,0,0,0,2,1616,"202410011509"
"8","WID",0,0,0,0,0,0,0,0,0,0,0,0,0,0,1616,"202410011509"
"9","GÓR",0,0,0,0,0,0,0,0,0,0,0,0,0,0,1616,"202410011509"
"10","POG",79,0,0,0,0,0,0,0,0,0,0,0,0,3,1616,"202410011509"
"11","PUN",0,0,0,0,0,0,0,0,0,0,0,0,0,0,1616,"202410011509"
"12","ŚLA",0,0,0,0,0,0,0,0,0,0,0,0,0,0,1616,"202410011509"
"13","LEG",0,0,0,0,0,0,0,0,0,0,0,0,0,0,1616,"202410011509"
"14","KOR",0,0,0,0,0,0,0,0,0,0,0,0,0,0,1616,"202410011509"
"15","CRA",0,0,0,0,0,0,0,0,0,0,0,0,0,0,1616,"202410011509"
"16","LPO",0,0,0,0,0,0,0,0,0,0,0,0,0,0,1616,"202410011509"
"17","LGD",0,0,0,0,0,0,0,0,0,0,0,0,0,0,1616,"202410011509"
"18","RAD",0,0,0,0,0,0,0,0,0,0,0,0,0,0,1616,"202410011509"
"SUMA","EMPTY",603,2,1,0,0,0,0,0,0,0,0,2,0,28,1616,"202410011509"
"2023/24 - wiosna","EMPTY",513,4,0,0,0,0,0,0,0,0,0,1,0,35,1616,"202410011509"
"2023/24 - jesień","EMPTY",343,0,1,0,0,0,1,0,0,0,0,0,0,16,1616,"202410011509"
"2022/23 - wiosna","EMPTY",1416,3,1,0,0,0,0,0,1,0,0,0,0,53,1616,"202410011509"
"2022/23 - jesień","EMPTY",1247,5,3,0,0,0,0,0,0,0,0,4,0,59,1616,"202410011509"
"2021/22 - wiosna","EMPTY",946,4,1,0,0,0,1,0,1,0,0,1,0,45,1616,"202410011509"
"2021/22 - jesień","EMPTY",1249,5,1,0,0,0,0,0,0,0,0,3,0,55,1616,"202410011509"
"2020/21 - wiosna","EMPTY",493,0,0,0,0,0,0,0,0,0,0,1,0,16,1616,"202410011509"
"1","STM",62,0,0,0,0,0,0,0,0,0,0,0,0,2,1398,"202410011509"
"2","LPO",69,1,0,0,0,0,0,0,0,0,0,0,0,9,1398,"202410011509"
"3","CRA",89,0,0,0,0,0,0,0,0,0,0,0,0,3,1398,"202410011509"
"4","ŚLA",64,0,0,0,0,0,0,0,0,0,0,0,0,3,1398,"202410011509"
"5","POG",57,0,0,0,0,0,0,0,0,0,0,0,0,2,1398,"202410011509"
"6","RAD",60,0,0,0,0,0,0,0,0,0,0,0,0,3,1398,"202410011509"
"7","JAG",45,0,0,0,0,0,0,0,0,0,0,1,0,1,1398,"202410011509"
"8","GKS",61,0,0,0,0,0,0,0,0,0,0,0,0,2,1398,"202410011509"
"9","PIA",27,0,0,0,0,0,0,0,0,0,0,0,0,2,1398,"202410011509"
"10","LGD",45,0,0,0,0,0,0,0,0,0,0,0,0,1,1398,"202410011509"
"11","KOR",0,0,0,0,0,0,0,0,0,0,0,0,0,0,1398,"202410011509"
"12","MOT",0,0,0,0,0,0,0,0,0,0,0,0,0,0,1398,"202410011509"
"13","GÓR",0,0,0,0,0,0,0,0,0,0,0,0,0,0,1398,"202410011509"
"14","LEG",0,0,0,0,0,0,0,0,0,0,0,0,0,0,1398,"202410011509"
"15","ZAG",0,0,0,0,0,0,0,0,0,0,0,0,0,0,1398,"202410011509"
"16","PUN",0,0,0,0,0,0,0,0,0,0,0,0,0,0,1398,"202410011509"
"17","RCZ",0,0,0,0,0,0,0,0,0,0,0,0,0,0,1398,"202410011509"
"18","STM",0,0,0,0,0,0,0,0,0,0,0,0,0,0,1398,"202410011509"
"SUMA","EMPTY",579,1,0,0,0,0,0,0,0,0,0,1,0,28,1398,"202410011509"
"2023/24 - wiosna","EMPTY",0,0,0,0,0,0,0,0,0,0,0,0,0,0,1398,"202410011509"
"2023/24 - jesień","EMPTY",0,0,0,0,0,0,0,0,0,0,0,0,0,0,1398,"202410011509"
"2022/23 - wiosna","EMPTY",138,0,0,0,0,0,0,0,0,0,0,2,0,5,1398,"202410011509"
"2022/23 - jesień","EMPTY",169,1,0,0,0,0,0,0,0,0,0,1,0,19,1398,"202410011509"
"2021/22 - wiosna","EMPTY",0,0,0,0,0,0,0,0,0,0,0,0,0,0,1398,"202410011509"
"2021/22 - jesień","EMPTY",0,0,0,0,0,0,0,0,0,0,0,0,0,0,1398,"202410011509"
"2020/21 - wiosna","EMPTY",2,0,0,0,0,0,0,0,0,0,0,0,0,1,1398,"202410011509"
"2020/21 - jesień","EMPTY",0,0,0,0,0,0,0,0,0,0,0,0,0,0,1398,"202410011509"
"2019/20 - wiosna","EMPTY",35,0,0,0,0,0,0,0,0,0,0,0,0,3,1398,"202410011509"
"1","LEG",67,0,0,0,0,0,0,0,0,0,0,0,0,2,633,"202410011509"
"2","POG",70,0,1,0,0,0,0,0,0,0,0,0,0,5,633,"202410011509"
"3","PUN",90,0,0,0,0,0,0,0,0,0,0,0,0,4,633,"202410011509"
"4","LGD",71,0,0,0,0,0,0,0,0,0,0,0,0,2,633,"202410011509"
"5","LPO",69,0,0,0,0,0,0,0,0,0,0,0,0,2,633,"202410011509"
"6","PIA",68,0,0,0,0,0,0,0,0,0,0,1,0,1,633,"202410011509"
"7","GKS",22,0,0,0,0,0,0,0,0,0,0,0,0,2,633,"202410011509"
"8","KOR",50,0,0,0,0,0,0,0,0,0,0,0,0,1,633,"202410011509"
"9","RCZ",82,0,1,0,0,0,0,0,0,0,0,0,0,5,633,"202410011509"
"10","RAD",80,0,0,0,0,0,0,0,0,0,0,0,0,4,633,"202410011509"
"11","GÓR",0,0,0,0,0,0,0,0,0,0,0,0,0,0,633,"202410011509"
"12","JAG",0,0,0,0,0,0,0,0,0,0,0,0,0,0,633,"202410011509"
"13","STM",0,0,0,0,0,0,0,0,0,0,0,0,0,0,633,"202410011509"
"14","ŚLA",0,0,0,0,0,0,0,0,0,0,0,0,0,0,633,"202410011509"
"15","WID",0,0,0,0,0,0,0,0,0,0,0,0,0,0,633,"202410011509"
"16","MOT",0,0,0,0,0,0,0,0,0,0,0,0,0,0,633,"202410011509"
"17","CRA",0,0,0,0,0,0,0,0,0,0,0,0,0,0,633,"202410011509"
"18","LEG",0,0,0,0,0,0,0,0,0,0,0,0,0,0,633,"202410011509"
"SUMA","EMPTY",669,0,2,0,0,0,0,0,0,0,0,1,0,28,633,"202410011509"
"2023/24 - wiosna","EMPTY",833,1,0,0,0,0,0,0,0,0,0,0,0,37,633,"202410011509"
"2023/24 - jesień","EMPTY",914,4,1,0,0,0,0,0,0,0,0,1,0,50,633,"202410011509"
"2022/23 - wiosna","EMPTY",494,0,0,0,0,0,0,0,0,0,0,1,0,30,633,"202410011509"
"2022/23 - jesień","EMPTY",742,3,2,0,0,0,0,0,0,0,0,3,0,56,633,"202410011509"
"2021/22 - wiosna","EMPTY",1088,2,1,0,0,0,1,0,0,0,0,1,0,56,633,"202410011509"
"2021/22 - jesień","EMPTY",1202,5,1,0,0,0,0,0,0,0,0,2,0,72,633,"202410011509"
"2020/21 - wiosna","EMPTY",354,0,0,0,0,0,0,0,0,0,0,2,0,19,633,"202410011509"
"2020/21 - jesień","EMPTY",244,0,1,0,0,0,0,0,0,0,0,0,0,9,633,"202410011509"
"2019/20 - wiosna","EMPTY",868,1,3,0,0,0,0,0,0,0,0,2,0,39,633,"202410011509"
"2019/20 - jesień","EMPTY",998,1,3,0,0,0,0,0,0,0,0,1,0,62,633,"202410011509"
"2018/19 - wiosna","EMPTY",1259,0,2,0,0,0,1,0,0,0,0,2,0,57,633,"202410011509"
"2018/19 - jesień","EMPTY",1373,3,2,0,0,0,1,0,0,0,0,3,0,72,633,"202410011509"
"2017/18 - wiosna","EMPTY",463,0,0,0,0,0,0,0,0,0,0,0,0,25,633,"202410011509"
"2017/18 - jesień","EMPTY",744,1,0,0,0,0,0,0,0,0,0,2,0,45,633,"202410011509"
"1","RAD",0,0,0,0,0,0,0,0,0,0,0,0,0,0,2176,"202410011509"
"2","STM",18,0,0,0,0,0,0,0,0,0,0,0,0,2,2176,"202410011509"
"3","RCZ",73,0,0,0,0,0,0,0,0,0,0,0,0,2,2176,"202410011509"
"4","PIA",67,0,1,0,0,0,0,0,0,0,0,0,0,5,2176,"202410011509"
"5","MOT",90,0,0,0,0,0,0,0,0,0,0,0,0,3,2176,"202410011509"
"6","JAG",81,1,0,0,0,0,0,0,0,0,0,1,0,7,2176,"202410011509"
"7","ZAG",80,0,0,0,0,0,0,0,0,0,0,0,0,2,2176,"202410011509"
"8","WID",90,0,0,0,0,0,0,0,0,0,0,0,0,2,2176,"202410011509"
"9","GÓR",90,0,0,0,0,0,0,0,0,0,0,0,0,2,2176,"202410011509"
"10","POG",90,0,0,0,0,0,0,0,0,0,0,0,0,3,2176,"202410011509"
"11","PUN",0,0,0,0,0,0,0,0,0,0,0,0,0,0,2176,"202410011509"
"12","ŚLA",0,0,0,0,0,0,0,0,0,0,0,0,0,0,2176,"202410011509"
"13","LEG",0,0,0,0,0,0,0,0,0,0,0,0,0,0,2176,"202410011509"
"14","KOR",0,0,0,0,0,0,0,0,0,0,0,0,0,0,2176,"202410011509"
"15","CRA",0,0,0,0,0,0,0,0,0,0,0,0,0,0,2176,"202410011509"
"16","LPO",0,0,0,0,0,0,0,0,0,0,0,0,0,0,2176,"202410011509"
"17","LGD",0,0,0,0,0,0,0,0,0,0,0,0,0,0,2176,"202410011509"
"18","RAD",0,0,0,0,0,0,0,0,0,0,0,0,0,0,2176,"202410011509"
"SUMA","EMPTY",679,1,1,0,0,0,0,0,0,0,0,1,0,28,2176,"202410011509"
"2023/24 - wiosna","EMPTY",0,0,0,0,0,0,0,0,0,0,0,0,0,0,2176,"202410011509"
"2023/24 - jesień","EMPTY",0,0,0,0,0,0,0,0,0,0,0,0,0,0,2176,"202410011509"
"1","LEG",55,0,0,0,0,0,0,0,0,0,0,0,0,2,2200,"202410011509"
"2","POG",90,0,0,0,0,0,0,0,0,0,0,0,0,2,2200,"202410011509"
"3","PUN",86,0,0,0,0,0,0,0,0,0,0,1,0,3,2200,"202410011509"
"4","LGD",90,0,0,0,0,0,0,0,0,0,0,0,0,2,2200,"202410011509"
"5","LPO",81,0,0,0,0,0,0,0,0,0,0,0,0,2,2200,"202410011509"
"6","PIA",45,0,0,0,0,0,0,0,0,0,0,1,0,1,2200,"202410011509"
"7","GKS",54,0,0,0,0,0,0,0,0,0,0,0,0,3,2200,"202410011509"
"8","KOR",82,0,0,0,0,0,0,0,0,0,0,0,0,2,2200,"202410011509"
"9","RCZ",90,1,0,0,0,0,0,0,0,0,0,0,0,7,2200,"202410011509"
"10","RAD",89,0,0,0,0,0,0,0,0,0,0,0,0,4,2200,"202410011509"
"11","GÓR",0,0,0,0,0,0,0,0,0,0,0,0,0,0,2200,"202410011509"
"12","JAG",0,0,0,0,0,0,0,0,0,0,0,0,0,0,2200,"202410011509"
"13","STM",0,0,0,0,0,0,0,0,0,0,0,0,0,0,2200,"202410011509"
"14","ŚLA",0,0,0,0,0,0,0,0,0,0,0,0,0,0,2200,"202410011509"
"15","WID",0,0,0,0,0,0,0,0,0,0,0,0,0,0,2200,"202410011509"
"16","MOT",0,0,0,0,0,0,0,0,0,0,0,0,0,0,2200,"202410011509"
"17","CRA",0,0,0,0,0,0,0,0,0,0,0,0,0,0,2200,"202410011509"
"18","LEG",0,0,0,0,0,0,0,0,0,0,0,0,0,0,2200,"202410011509"
"SUMA","EMPTY",762,1,0,0,0,0,0,0,0,0,0,2,0,28,2200,"202410011509"
"2023/24 - wiosna","EMPTY",525,1,2,0,0,0,0,0,0,0,0,1,0,32,2200,"202410011509"
"2023/24 - jesień","EMPTY",309,0,0,0,0,0,0,0,0,0,0,0,0,22,2200,"202410011509"
"1","PUN",81,0,0,0,0,0,0,0,0,0,0,0,0,3,2205,"202410011509"
"2","RAD",27,0,0,0,0,0,0,0,0,0,0,0,0,2,2205,"202410011509"
"3","STM",60,1,0,0,0,0,0,0,0,0,0,1,0,6,2205,"202410011509"
"5","CRA",33,0,0,0,0,0,0,0,0,0,0,0,0,1,2205,"202410011509"
"6","GKS",56,1,0,0,0,0,0,0,0,0,0,0,0,6,2205,"202410011509"
"7","WID",76,1,0,0,0,0,0,0,0,0,0,0,0,7,2205,"202410011509"
"8","LPO",83,0,0,0,0,0,0,0,0,0,0,1,0,1,2205,"202410011509"
"9","MOT",0,0,0,0,0,0,0,0,0,0,0,0,0,0,2205,"202410011509"
"9","LGD",0,0,0,0,0,0,0,0,0,0,0,0,0,0,2205,"202410011509"
"10","PIA",11,0,0,0,0,0,0,0,0,0,0,0,0,2,2205,"202410011509"
"11","LEG",0,0,0,0,0,0,0,0,0,0,0,0,0,0,2205,"202410011509"
"12","ZAG",0,0,0,0,0,0,0,0,0,0,0,0,0,0,2205,"202410011509"
"13","KOR",0,0,0,0,0,0,0,0,0,0,0,0,0,0,2205,"202410011509"
"14","GÓR",0,0,0,0,0,0,0,0,0,0,0,0,0,0,2205,"202410011509"
"15","RCZ",0,0,0,0,0,0,0,0,0,0,0,0,0,0,2205,"202410011509"
"16","ŚLA",0,0,0,0,0,0,0,0,0,0,0,0,0,0,2205,"202410011509"
"17","POG",0,0,0,0,0,0,0,0,0,0,0,0,0,0,2205,"202410011509"
"18","PUN",0,0,0,0,0,0,0,0,0,0,0,0,0,0,2205,"202410011509"
"SUMA","EMPTY",427,3,0,0,0,0,0,0,0,0,0,2,0,28,2205,"202410011509"
"2023/24 - wiosna","EMPTY",1094,6,2,0,0,2,0,0,1,0,0,1,0,63,2205,"202410011509"
"2023/24 - jesień","EMPTY",934,6,2,0,0,3,0,0,0,0,0,2,0,67,2205,"202410011509"
"1","LPO",0,0,0,0,0,0,0,0,0,0,0,0,0,0,2461,"202410011509"
"2","PUN",11,0,0,0,0,0,0,0,0,0,0,0,0,1,2461,"202410011509"
"3","POG",9,0,0,0,0,0,0,0,0,0,0,0,0,2,2461,"202410011509"
"4","RAD",5,0,0,0,0,0,0,0,0,0,0,0,0,2,2461,"202410011509"
"5","RCZ",81,0,0,0,0,0,0,0,0,0,0,0,0,3,2461,"202410011509"
"6","CRA",58,1,1,0,0,0,0,0,0,0,0,0,0,11,2461,"202410011509"
"7","LGD",90,0,0,0,0,0,0,0,0,0,0,1,0,1,2461,"202410011509"
"8","MOT",90,0,0,0,0,0,0,0,0,0,0,0,0,2,2461,"202410011509"
"9","GKS",82,0,0,0,0,0,0,0,0,0,0,0,0,4,2461,"202410011509"
"10","LEG",65,0,0,0,0,0,0,0,0,0,0,0,0,2,2461,"202410011509"
"11","ZAG",0,0,0,0,0,0,0,0,0,0,0,0,0,0,2461,"202410011509"
"12","STM",0,0,0,0,0,0,0,0,0,0,0,0,0,0,2461,"202410011509"
"13","WID",0,0,0,0,0,0,0,0,0,0,0,0,0,0,2461,"202410011509"
"14","JAG",0,0,0,0,0,0,0,0,0,0,0,0,0,0,2461,"202410011509"
"15","ŚLA",0,0,0,0,0,0,0,0,0,0,0,0,0,0,2461,"202410011509"
"16","PIA",0,0,0,0,0,0,0,0,0,0,0,0,0,0,2461,"202410011509"
"17","KOR",0,0,0,0,0,0,0,0,0,0,0,0,0,0,2461,"202410011509"
"18","LPO",0,0,0,0,0,0,0,0,0,0,0,0,0,0,2461,"202410011509"
"SUMA","EMPTY",491,1,1,0,0,0,0,0,0,0,0,1,0,28,2461,"202410011509"
"1","PIA",76,0,0,0,0,0,0,0,0,0,0,0,0,2,1697,"202410011509"
"2","RCZ",90,0,0,0,0,0,0,0,0,0,0,0,0,6,1697,"202410011509"
"3","WID",89,0,0,0,0,0,0,0,0,0,0,1,0,0,1697,"202410011509"
"4","KOR",90,0,0,0,0,0,0,0,0,0,0,1,0,5,1697,"202410011509"
"5","JAG",90,0,0,0,0,0,0,0,0,0,0,0,0,2,1697,"202410011509"
"6","GÓR",90,0,0,0,0,0,0,0,0,0,0,1,0,1,1697,"202410011509"
"7","RAD",90,0,0,0,0,0,0,0,0,0,0,0,0,1,1697,"202410011509"
"8","POG",90,0,0,0,0,0,0,0,0,0,0,0,0,3,1697,"202410011509"
"9","PUN",90,1,0,0,0,0,0,0,0,0,0,1,0,8,1697,"202410011509"
"10","STM",0,0,0,0,0,0,0,0,0,0,0,0,0,0,1697,"202410011509"
"11","ŚLA",0,0,0,0,0,0,0,0,0,0,0,0,0,0,1697,"202410011509"
"12","LPO",0,0,0,0,0,0,0,0,0,0,0,0,0,0,1697,"202410011509"
"13","MOT",0,0,0,0,0,0,0,0,0,0,0,0,0,0,1697,"202410011509"
"14","LGD",0,0,0,0,0,0,0,0,0,0,0,0,0,0,1697,"202410011509"
"15","GKS",0,0,0,0,0,0,0,0,0,0,0,0,0,0,1697,"202410011509"
"16","LEG",0,0,0,0,0,0,0,0,0,0,0,0,0,0,1697,"202410011509"
"17","ZAG",0,0,0,0,0,0,0,0,0,0,0,0,0,0,1697,"202410011509"
"18","PIA",0,0,0,0,0,0,0,0,0,0,0,0,0,0,1697,"202410011509"
"SUMA","EMPTY",795,1,0,0,0,0,0,0,0,0,0,4,0,28,1697,"202410011509"
"2023/24 - wiosna","EMPTY",991,2,0,1,0,0,0,0,0,0,0,3,0,49,1697,"202410011509"
"2023/24 - jesień","EMPTY",597,0,0,0,0,0,0,1,0,0,0,3,1,11,1697,"202410011509"
"2022/23 - wiosna","EMPTY",1071,1,1,1,0,0,0,0,0,0,0,1,0,40,1697,"202410011509"
"2022/23 - jesień","EMPTY",886,0,2,0,0,0,0,0,0,0,0,4,0,47,1697,"202410011509"
"2021/22 - wiosna","EMPTY",716,0,2,0,0,0,0,0,0,0,0,1,0,32,1697,"202410011509"
"2021/22 - jesień","EMPTY",537,3,0,0,0,0,0,0,0,0,0,1,0,38,1697,"202410011509"
"1","JAG",89,0,0,0,0,0,0,0,0,0,0,0,0,2,679,"202410011509"
"2","GÓR",89,1,0,0,0,0,0,0,0,0,0,0,0,8,679,"202410011509"
"3","ZAG",78,0,0,0,0,0,0,0,0,0,0,0,0,2,679,"202410011509"
"4","LEG",85,0,0,0,0,0,0,0,0,0,0,0,0,3,679,"202410011509"
"5","LGD",90,0,0,0,0,0,0,0,0,0,0,0,0,3,679,"202410011509"
"6","MOT",82,0,0,0,0,0,0,0,0,0,0,1,0,2,679,"202410011509"
"7","KOR",71,0,0,0,0,0,0,0,0,0,0,0,0,3,679,"202410011509"
"8","PIA",90,0,0,0,0,0,0,0,0,0,0,0,0,2,679,"202410011509"
"9","CRA",83,0,0,0,0,0,0,0,0,0,0,0,0,2,679,"202410011509"
"10","RCZ",56,0,0,0,0,0,0,0,0,0,0,1,0,1,679,"202410011509"
"11","GKS",0,0,0,0,0,0,0,0,0,0,0,0,0,0,679,"202410011509"
"12","RAD",0,0,0,0,0,0,0,0,0,0,0,0,0,0,679,"202410011509"
"13","POG",0,0,0,0,0,0,0,0,0,0,0,0,0,0,679,"202410011509"
"14","LPO",0,0,0,0,0,0,0,0,0,0,0,0,0,0,679,"202410011509"
"15","STM",0,0,0,0,0,0,0,0,0,0,0,0,0,0,679,"202410011509"
"16","WID",0,0,0,0,0,0,0,0,0,0,0,0,0,0,679,"202410011509"
"17","ŚLA",0,0,0,0,0,0,0,0,0,0,0,0,0,0,679,"202410011509"
"18","JAG",0,0,0,0,0,0,0,0,0,0,0,0,0,0,679,"202410011509"
"SUMA","EMPTY",813,1,0,0,0,0,0,0,0,0,0,2,0,28,679,"202410011509"
"2023/24 - wiosna","EMPTY",1162,0,2,0,0,0,0,0,0,0,0,2,0,39,679,"202410011509"
"2023/24 - jesień","EMPTY",1072,0,0,0,0,0,1,0,0,0,0,6,0,26,679,"202410011509"
"2022/23 - wiosna","EMPTY",0,0,0,0,0,0,0,0,0,0,0,0,0,0,679,"202410011509"
"2022/23 - jesień","EMPTY",0,0,0,0,0,0,0,0,0,0,0,0,0,0,679,"202410011509"
"2021/22 - wiosna","EMPTY",0,0,0,0,0,0,0,0,0,0,0,0,0,0,679,"202410011509"
"2021/22 - jesień","EMPTY",0,0,0,0,0,0,0,0,0,0,0,0,0,0,679,"202410011509"
"2020/21 - wiosna","EMPTY",0,0,0,0,0,0,0,0,0,0,0,0,0,0,679,"202410011509"
"2020/21 - jesień","EMPTY",0,0,0,0,0,0,0,0,0,0,0,0,0,0,679,"202410011509"
"2019/20 - jesień","EMPTY",0,0,0,0,0,0,0,0,0,0,0,0,0,0,679,"202410011509"
"2018/19 - wiosna","EMPTY",116,0,0,0,0,0,0,0,0,0,0,0,0,6,679,"202410011509"
"2018/19 - jesień","EMPTY",156,0,0,0,0,0,0,0,0,0,0,0,0,9,679,"202410011509"
"2017/18 - wiosna","EMPTY",0,0,0,0,0,0,0,0,0,0,0,0,0,0,679,"202410011509"
"2017/18 - jesień","EMPTY",0,0,0,0,0,0,0,0,0,0,0,0,0,0,679,"202410011509"
"2016/17 - wiosna","EMPTY",0,0,0,0,0,0,0,0,0,0,0,0,0,0,679,"202410011509"
"1","GÓR",27,0,0,0,0,0,0,0,0,0,0,1,0,1,2234,"202410011509"
"2","WID",18,0,0,0,0,0,0,0,0,0,0,0,0,1,2234,"202410011509"
"3","LGD",16,0,0,0,0,0,0,0,0,0,0,0,0,2,2234,"202410011509"
"4","RCZ",21,0,0,0,0,0,0,0,0,0,0,0,0,1,2234,"202410011509"
"5","ZAG",64,0,1,0,0,0,0,0,0,0,0,0,0,7,2234,"202410011509"
"6","POG",21,1,0,0,0,0,0,0,0,0,0,1,0,6,2234,"202410011509"
"7","STM",30,0,0,0,0,0,0,0,0,0,0,0,0,2,2234,"202410011509"
"8","JAG",15,0,0,1,0,0,0,0,0,0,0,0,0,4,2234,"202410011509"
"9","ŚLA",27,0,0,0,0,0,0,0,0,0,0,0,0,2,2234,"202410011509"
"10","KOR",31,0,0,0,0,0,0,0,0,0,0,0,0,2,2234,"202410011509"
"11","MOT",0,0,0,0,0,0,0,0,0,0,0,0,0,0,2234,"202410011509"
"12","CRA",0,0,0,0,0,0,0,0,0,0,0,0,0,0,2234,"202410011509"
"13","RAD",0,0,0,0,0,0,0,0,0,0,0,0,0,0,2234,"202410011509"
"14","PUN",0,0,0,0,0,0,0,0,0,0,0,0,0,0,2234,"202410011509"
"15","LEG",0,0,0,0,0,0,0,0,0,0,0,0,0,0,2234,"202410011509"
"16","GKS",0,0,0,0,0,0,0,0,0,0,0,0,0,0,2234,"202410011509"
"17","PIA",0,0,0,0,0,0,0,0,0,0,0,0,0,0,2234,"202410011509"
"18","GÓR",0,0,0,0,0,0,0,0,0,0,0,0,0,0,2234,"202410011509"
"SUMA","EMPTY",270,1,1,1,0,0,0,0,0,0,0,2,0,28,2234,"202410011509"
"2023/24 - wiosna","EMPTY",453,0,0,0,0,0,0,0,0,0,0,1,0,16,2234,"202410011509"
"2023/24 - jesień","EMPTY",178,0,0,0,0,0,0,0,0,0,0,1,0,8,2234,"202410011509"
"1","GKS",89,0,1,0,0,0,0,0,0,0,0,1,0,6,1225,"202410011509"
"2","JAG",90,0,0,0,0,0,0,0,0,0,0,0,0,0,1225,"202410011509"
"4","GÓR",0,0,0,0,0,0,0,0,0,0,0,0,0,0,1225,"202410011509"
"5","LEG",0,0,0,0,0,0,0,0,0,0,0,0,0,0,1225,"202410011509"
"6","WID",0,0,0,0,0,0,0,0,0,0,0,0,0,0,1225,"202410011509"
"7","CRA",90,0,0,0,0,0,0,0,0,0,0,0,0,3,1225,"202410011509"
"8","LGD",90,0,0,0,0,0,0,0,0,0,0,0,0,2,1225,"202410011509"
"9","KOR",76,0,2,0,0,0,0,0,0,0,0,0,0,15,1225,"202410011509"
"10","ZAG",90,0,0,0,0,0,0,0,0,0,0,0,0,2,1225,"202410011509"
"11","RCZ",0,0,0,0,0,0,0,0,0,0,0,0,0,0,1225,"202410011509"
"12","PUN",0,0,0,0,0,0,0,0,0,0,0,0,0,0,1225,"202410011509"
"13","LPO",0,0,0,0,0,0,0,0,0,0,0,0,0,0,1225,"202410011509"
"14","PIA",0,0,0,0,0,0,0,0,0,0,0,0,0,0,1225,"202410011509"
"15","POG",0,0,0,0,0,0,0,0,0,0,0,0,0,0,1225,"202410011509"
"16","STM",0,0,0,0,0,0,0,0,0,0,0,0,0,0,1225,"202410011509"
"17","MOT",0,0,0,0,0,0,0,0,0,0,0,0,0,0,1225,"202410011509"
"18","ŚLA",0,0,0,0,0,0,0,0,0,0,0,0,0,0,1225,"202410011509"
"18","GKS",0,0,0,0,0,0,0,0,0,0,0,0,0,0,1225,"202410011509"
"SUMA","EMPTY",525,0,3,0,0,0,0,0,0,0,0,1,0,28,1225,"202410011509"
"2023/24 - wiosna","EMPTY",1004,1,0,0,0,0,0,0,0,0,0,2,0,20,1225,"202410011509"
"2023/24 - jesień","EMPTY",1304,0,1,1,0,0,0,0,0,0,0,3,0,47,1225,"202410011509"
"2022/23 - wiosna","EMPTY",950,2,1,0,0,0,0,0,0,0,0,3,0,42,1225,"202410011509"
"2022/23 - jesień","EMPTY",1530,2,1,0,0,0,0,0,0,0,0,3,0,69,1225,"202410011509"
"2021/22 - wiosna","EMPTY",1385,1,0,0,0,0,0,0,0,0,0,1,0,56,1225,"202410011509"
"2021/22 - jesień","EMPTY",1842,2,1,0,1,0,0,1,0,0,0,2,0,53,1225,"202410011509"
"2020/21 - wiosna","EMPTY",1354,2,1,0,0,0,0,0,0,0,0,1,0,77,1225,"202410011509"
"2020/21 - jesień","EMPTY",1025,2,2,0,0,0,0,0,0,0,0,1,0,43,1225,"202410011509"
"2019/20 - wiosna","EMPTY",876,0,0,0,0,0,0,0,0,0,0,3,0,13,1225,"202410011509"
"2019/20 - jesień","EMPTY",1725,1,1,0,0,0,0,0,0,0,0,3,0,46,1225,"202410011509"
"1","RCZ",59,0,0,0,0,0,0,0,0,0,0,0,0,2,1522,"202410011509"
"2","LGD",75,1,0,0,0,0,0,0,0,0,0,0,0,7,1522,"202410011509"
"3","KOR",63,0,0,0,0,0,0,0,0,0,0,1,0,1,1522,"202410011509"
"5","GKS",82,0,0,0,0,0,0,0,0,0,0,0,0,2,1522,"202410011509"
"6","PUN",89,0,0,0,0,0,0,0,0,0,0,0,0,2,1522,"202410011509"
"7","LEG",64,0,0,0,0,0,0,0,0,0,0,0,0,2,1522,"202410011509"
"8","GÓR",83,0,0,0,0,0,0,0,0,0,0,0,0,3,1522,"202410011509"
"9","JAG",60,0,0,0,0,0,0,0,0,0,0,0,0,2,1522,"202410011509"
"9","STM",90,0,0,0,0,0,0,0,0,0,0,0,0,2,1522,"202410011509"
"10","ŚLA",90,0,1,0,0,0,0,0,0,0,0,1,0,5,1522,"202410011509"
"11","LPO",0,0,0,0,0,0,0,0,0,0,0,0,0,0,1522,"202410011509"
"12","WID",0,0,0,0,0,0,0,0,0,0,0,0,0,0,1522,"202410011509"
"13","CRA",0,0,0,0,0,0,0,0,0,0,0,0,0,0,1522,"202410011509"
"14","POG",0,0,0,0,0,0,0,0,0,0,0,0,0,0,1522,"202410011509"
"15","PIA",0,0,0,0,0,0,0,0,0,0,0,0,0,0,1522,"202410011509"
"16","ZAG",0,0,0,0,0,0,0,0,0,0,0,0,0,0,1522,"202410011509"
"17","RAD",0,0,0,0,0,0,0,0,0,0,0,0,0,0,1522,"202410011509"
"18","RCZ",0,0,0,0,0,0,0,0,0,0,0,0,0,0,1522,"202410011509"
"SUMA","EMPTY",755,1,1,0,0,0,0,0,0,0,0,2,0,28,1522,"202410011509"
"2023/24 - wiosna","EMPTY",0,0,0,0,0,0,0,0,0,0,0,0,0,0,1522,"202410011509"
"2023/24 - jesień","EMPTY",0,0,0,0,0,0,0,0,0,0,0,0,0,0,1522,"202410011509"
"2022/23 - wiosna","EMPTY",0,0,0,0,0,0,0,0,0,0,0,0,0,0,1522,"202410011509"
"2022/23 - jesień","EMPTY",0,0,0,0,0,0,0,0,0,0,0,0,0,0,1522,"202410011509"
"2021/22 - wiosna","EMPTY",0,0,0,0,0,0,0,0,0,0,0,0,0,0,1522,"202410011509"
"2021/22 - jesień","EMPTY",0,0,0,0,0,0,0,0,0,0,0,0,0,0,1522,"202410011509"
"2020/21 - wiosna","EMPTY",323,1,1,0,0,0,0,0,0,0,0,1,0,26,1522,"202410011509"
"2020/21 - jesień","EMPTY",864,1,0,0,0,0,0,0,0,0,0,0,0,35,1522,"202410011509"
"1","JAG",90,0,0,0,0,0,0,0,0,0,0,1,0,0,1524,"202410011509"
"2","GÓR",90,0,0,0,0,0,0,0,0,0,0,0,0,1,1524,"202410011509"
"3","ZAG",90,0,0,0,0,0,0,0,0,0,0,0,0,2,1524,"202410011509"
"4","LEG",90,0,0,0,0,0,0,0,0,0,0,0,0,1,1524,"202410011509"
"5","LGD",90,0,2,0,0,0,0,0,0,0,0,0,0,12,1524,"202410011509"
"6","MOT",90,0,0,0,0,0,0,0,0,0,0,1,0,4,1524,"202410011509"
"7","KOR",90,0,0,0,0,0,0,0,0,0,0,0,0,5,1524,"202410011509"
"8","PIA",90,0,0,0,0,0,0,0,0,0,0,0,0,2,1524,"202410011509"
"9","CRA",90,0,0,0,0,0,0,0,0,0,0,1,0,0,1524,"202410011509"
"10","RCZ",90,0,0,0,0,0,0,0,0,0,0,0,0,1,1524,"202410011509"
"11","GKS",0,0,0,0,0,0,0,0,0,0,0,0,0,0,1524,"202410011509"
"12","RAD",0,0,0,0,0,0,0,0,0,0,0,0,0,0,1524,"202410011509"
"13","POG",0,0,0,0,0,0,0,0,0,0,0,0,0,0,1524,"202410011509"
"14","LPO",0,0,0,0,0,0,0,0,0,0,0,0,0,0,1524,"202410011509"
"15","STM",0,0,0,0,0,0,0,0,0,0,0,0,0,0,1524,"202410011509"
"16","WID",0,0,0,0,0,0,0,0,0,0,0,0,0,0,1524,"202410011509"
"17","ŚLA",0,0,0,0,0,0,0,0,0,0,0,0,0,0,1524,"202410011509"
"18","JAG",0,0,0,0,0,0,0,0,0,0,0,0,0,0,1524,"202410011509"
"SUMA","EMPTY",900,0,2,0,0,0,0,0,0,0,0,3,0,28,1524,"202410011509"
"2023/24 - wiosna","EMPTY",1350,1,2,0,1,0,0,1,0,0,0,2,0,25,1524,"202410011509"
"2023/24 - jesień","EMPTY",1710,1,1,1,0,0,0,0,0,0,0,1,0,63,1524,"202410011509"
"2022/23 - wiosna","EMPTY",1440,2,0,0,0,0,1,0,0,0,0,2,0,64,1524,"202410011509"
"2022/23 - jesień","EMPTY",1336,2,1,0,0,0,0,0,0,0,0,4,0,52,1524,"202410011509"
"2021/22 - wiosna","EMPTY",1359,3,3,0,0,0,0,0,0,0,0,0,0,60,1524,"202410011509"
"2021/22 - jesień","EMPTY",1854,1,1,0,0,0,0,0,0,0,0,3,0,70,1524,"202410011509"
"2020/21 - wiosna","EMPTY",0,0,0,0,0,0,0,0,0,0,0,0,0,0,1524,"202410011509"
"2020/21 - jesień","EMPTY",801,0,2,0,0,0,0,1,0,0,0,1,0,34,1524,"202410011509"
"1","MOT",90,0,0,0,0,0,0,0,0,0,0,0,0,6,1545,"202410011509"
"2","CRA",71,0,0,0,0,0,0,0,0,0,0,0,0,2,1545,"202410011509"
"3","GKS",7,0,0,0,0,0,0,0,0,0,0,0,0,2,1545,"202410011509"
"4","LPO",0,0,0,0,0,0,0,0,0,0,0,0,0,0,1545,"202410011509"
"5","GÓR",0,0,0,0,0,0,0,0,0,0,0,0,0,0,1545,"202410011509"
"6","LGD",67,0,0,0,0,0,0,0,0,0,0,0,0,2,1545,"202410011509"
"7","PIA",51,0,0,0,0,0,0,0,0,0,0,0,0,1,1545,"202410011509"
"8","LEG",90,0,0,0,0,0,0,0,0,0,0,0,0,6,1545,"202410011509"
"9","ZAG",90,0,0,0,0,0,0,0,0,0,0,0,0,3,1545,"202410011509"
"10","PUN",90,0,0,0,0,0,0,0,0,0,0,1,0,5,1545,"202410011509"
"11","RAD",0,0,0,0,0,0,0,0,0,0,0,0,0,0,1545,"202410011509"
"12","POG",0,0,0,0,0,0,0,0,0,0,0,0,0,0,1545,"202410011509"
"13","ŚLA",0,0,0,0,0,0,0,0,0,0,0,0,0,0,1545,"202410011509"
"14","STM",0,0,0,0,0,0,0,0,0,0,0,0,0,0,1545,"202410011509"
"15","JAG",0,0,0,0,0,0,0,0,0,0,0,0,0,0,1545,"202410011509"
"16","KOR",0,0,0,0,0,0,0,0,0,0,0,0,0,0,1545,"202410011509"
"17","WID",0,0,0,0,0,0,0,0,0,0,0,0,0,0,1545,"202410011509"
"18","MOT",0,0,0,0,0,0,0,0,0,0,0,0,0,0,1545,"202410011509"
"SUMA","EMPTY",556,0,0,0,0,0,0,0,0,0,0,1,0,27,1545,"202410011509"
"2023/24 - wiosna","EMPTY",185,0,0,0,0,0,0,0,0,0,0,1,0,4,1545,"202410011509"
"2023/24 - jesień","EMPTY",0,0,0,0,0,0,0,0,0,0,0,0,0,0,1545,"202410011509"
"2022/23 - wiosna","EMPTY",0,0,0,0,0,0,0,0,0,0,0,0,0,0,1545,"202410011509"
"2022/23 - jesień","EMPTY",1209,1,0,0,0,0,0,0,0,0,0,1,0,54,1545,"202410011509"
"2021/22 - wiosna","EMPTY",1285,0,1,0,0,0,0,1,0,0,0,5,0,42,1545,"202410011509"
"2021/22 - jesień","EMPTY",1787,2,0,0,0,0,0,2,0,0,0,4,0,46,1545,"202410011509"
"2020/21 - wiosna","EMPTY",1332,0,1,0,0,0,0,0,0,0,0,4,0,45,1545,"202410011509"
"2020/21 - jesień","EMPTY",866,0,1,0,0,0,0,0,0,0,0,0,1,30,1545,"202410011509"
"1","ZAG",58,0,0,0,0,0,0,0,0,0,0,0,0,3,2317,"202410011509"
"2","KOR",0,0,0,0,0,0,0,0,0,0,0,0,0,0,2317,"202410011509"
"3","PIA",26,0,0,0,0,0,0,0,0,0,0,0,0,1,2317,"202410011509"
"4","PUN",90,1,0,0,0,0,0,0,0,0,0,0,0,8,2317,"202410011509"
"5","RAD",80,0,0,0,0,0,0,0,0,0,0,0,0,3,2317,"202410011509"
"6","ŚLA",75,0,0,0,0,0,0,0,0,0,0,0,0,2,2317,"202410011509"
"7","MOT",20,0,1,0,0,0,0,0,0,0,0,0,0,6,2317,"202410011509"
"8","RCZ",17,0,0,0,0,0,0,0,0,0,0,0,0,1,2317,"202410011509"
"9","POG",22,0,0,0,0,0,0,0,0,0,0,0,0,1,2317,"202410011509"
"10","GÓR",90,0,0,0,0,0,0,0,0,0,0,0,0,2,2317,"202410011509"
"11","JAG",0,0,0,0,0,0,0,0,0,0,0,0,0,0,2317,"202410011509"
"12","LGD",0,0,0,0,0,0,0,0,0,0,0,0,0,0,2317,"202410011509"
"13","GKS",0,0,0,0,0,0,0,0,0,0,0,0,0,0,2317,"202410011509"
"14","WID",0,0,0,0,0,0,0,0,0,0,0,0,0,0,2317,"202410011509"
"15","LPO",0,0,0,0,0,0,0,0,0,0,0,0,0,0,2317,"202410011509"
"16","CRA",0,0,0,0,0,0,0,0,0,0,0,0,0,0,2317,"202410011509"
"17","STM",0,0,0,0,0,0,0,0,0,0,0,0,0,0,2317,"202410011509"
"18","ZAG",0,0,0,0,0,0,0,0,0,0,0,0,0,0,2317,"202410011509"
"SUMA","EMPTY",478,1,1,0,0,0,0,0,0,0,0,0,0,27,2317,"202410011509"
"2023/24 - wiosna","EMPTY",808,0,0,0,0,0,0,0,0,0,0,0,0,24,2317,"202410011509"
"1","PUN",9,1,0,0,0,0,0,0,0,0,0,1,0,5,2389,"202410011509"
"2","RAD",63,0,0,0,0,0,0,0,0,0,0,0,0,3,2389,"202410011509"
"3","STM",30,0,0,0,0,0,1,0,0,0,0,0,0,4,2389,"202410011509"
"5","CRA",57,1,0,0,0,0,0,0,0,0,0,0,0,6,2389,"202410011509"
"6","GKS",34,0,0,0,0,0,0,0,0,0,0,1,0,0,2389,"202410011509"
"7","WID",14,0,0,0,0,0,0,0,0,0,0,0,0,2,2389,"202410011509"
"8","LPO",29,0,0,0,0,0,0,0,0,0,0,0,0,1,2389,"202410011509"
"9","MOT",15,0,0,0,0,0,0,0,0,0,0,0,0,3,2389,"202410011509"
"9","LGD",82,0,0,0,0,0,0,0,0,0,0,0,0,3,2389,"202410011509"
"10","PIA",0,0,0,0,0,0,0,0,0,0,0,0,0,0,2389,"202410011509"
"11","LEG",0,0,0,0,0,0,0,0,0,0,0,0,0,0,2389,"202410011509"
"12","ZAG",0,0,0,0,0,0,0,0,0,0,0,0,0,0,2389,"202410011509"
"13","KOR",0,0,0,0,0,0,0,0,0,0,0,0,0,0,2389,"202410011509"
"14","GÓR",0,0,0,0,0,0,0,0,0,0,0,0,0,0,2389,"202410011509"
"15","RCZ",0,0,0,0,0,0,0,0,0,0,0,0,0,0,2389,"202410011509"
"16","ŚLA",0,0,0,0,0,0,0,0,0,0,0,0,0,0,2389,"202410011509"
"17","POG",0,0,0,0,0,0,0,0,0,0,0,0,0,0,2389,"202410011509"
"18","PUN",0,0,0,0,0,0,0,0,0,0,0,0,0,0,2389,"202410011509"
"SUMA","EMPTY",333,2,0,0,0,0,1,0,0,0,0,2,0,27,2389,"202410011509"
"1","CRA (PIA)",90,0,0,0,0,0,0,0,0,0,0,0,0,2,1386,"202410011509"
"2","ŚLA (PIA)",90,0,0,0,0,0,0,0,0,0,0,0,0,7,1386,"202410011509"
"3","LEG (PIA)",90,0,0,0,0,0,0,0,0,0,0,0,0,4,1386,"202410011509"
"4","GKS (PIA)",90,0,0,0,0,0,0,0,0,0,0,0,0,1,1386,"202410011509"
"5","STM (PIA)",45,0,0,0,0,0,0,0,0,0,0,0,0,2,1386,"202410011509"
"6","LGD",0,0,0,0,0,0,0,0,0,0,0,0,0,0,1386,"202410011509"
"7","PIA",0,0,0,0,0,0,0,0,0,0,0,0,0,0,1386,"202410011509"
"8","LEG",25,0,0,0,0,0,0,0,0,0,0,0,0,2,1386,"202410011509"
"9","ZAG",65,0,0,0,0,0,0,0,0,0,0,0,0,3,1386,"202410011509"
"10","PUN",89,0,0,0,0,0,0,0,0,0,0,0,0,6,1386,"202410011509"
"11","RAD",0,0,0,0,0,0,0,0,0,0,0,0,0,0,1386,"202410011509"
"12","POG",0,0,0,0,0,0,0,0,0,0,0,0,0,0,1386,"202410011509"
"13","ŚLA",0,0,0,0,0,0,0,0,0,0,0,0,0,0,1386,"202410011509"
"14","STM",0,0,0,0,0,0,0,0,0,0,0,0,0,0,1386,"202410011509"
"15","JAG",0,0,0,0,0,0,0,0,0,0,0,0,0,0,1386,"202410011509"
"16","KOR",0,0,0,0,0,0,0,0,0,0,0,0,0,0,1386,"202410011509"
"17","WID",0,0,0,0,0,0,0,0,0,0,0,0,0,0,1386,"202410011509"
"18","MOT",0,0,0,0,0,0,0,0,0,0,0,0,0,0,1386,"202410011509"
"SUMA","EMPTY",584,0,0,0,0,0,0,0,0,0,0,0,0,27,1386,"202410011509"
"2023/24 - wiosna","EMPTY",982,0,0,0,0,0,0,1,0,0,0,1,0,21,1386,"202410011509"
"2023/24 - jesień","EMPTY",1494,1,1,0,0,0,1,0,0,0,0,3,1,62,1386,"202410011509"
"2022/23 - wiosna","EMPTY",1364,0,1,0,0,0,0,1,0,0,0,2,0,68,1386,"202410011509"
"2022/23 - jesień","EMPTY",1079,0,0,0,0,0,0,0,0,0,0,0,1,27,1386,"202410011509"
"2021/22 - wiosna","EMPTY",1286,1,0,0,0,0,0,1,0,0,0,2,0,61,1386,"202410011509"
"2021/22 - jesień","EMPTY",978,0,0,0,0,0,0,1,0,0,0,0,0,25,1386,"202410011509"
"2020/21 - wiosna","EMPTY",0,0,0,0,0,0,0,0,0,0,0,0,0,0,1386,"202410011509"
"2020/21 - jesień","EMPTY",0,0,0,0,0,0,0,0,0,0,0,0,0,0,1386,"202410011509"
"2019/20 - wiosna","EMPTY",74,0,0,0,0,0,0,0,0,0,0,0,0,3,1386,"202410011509"
"1","RCZ",47,0,0,0,0,0,0,0,0,0,0,0,0,1,2415,"202410011509"
"2","LGD",90,0,0,0,0,0,0,0,0,0,0,0,0,6,2415,"202410011509"
"3","KOR",63,0,0,0,0,0,0,0,0,0,0,0,0,2,2415,"202410011509"
"5","GKS",8,0,0,0,0,0,0,0,0,0,0,1,0,0,2415,"202410011509"
"6","PUN",0,0,0,0,0,0,0,0,0,0,0,0,0,0,2415,"202410011509"
"7","LEG",26,0,0,0,0,0,0,0,0,0,0,0,0,0,2415,"202410011509"
"8","GÓR",90,0,0,0,0,0,0,0,0,0,0,0,0,6,2415,"202410011509"
"9","JAG",90,0,0,0,0,0,0,0,0,0,0,0,0,1,2415,"202410011509"
"9","STM",62,0,0,0,0,0,0,0,0,0,0,0,0,2,2415,"202410011509"
"10","ŚLA",90,1,0,0,0,0,0,0,0,0,0,1,0,9,2415,"202410011509"
"11","LPO",0,0,0,0,0,0,0,0,0,0,0,0,0,0,2415,"202410011509"
"12","WID",0,0,0,0,0,0,0,0,0,0,0,0,0,0,2415,"202410011509"
"13","CRA",0,0,0,0,0,0,0,0,0,0,0,0,0,0,2415,"202410011509"
"14","POG",0,0,0,0,0,0,0,0,0,0,0,0,0,0,2415,"202410011509"
"15","PIA",0,0,0,0,0,0,0,0,0,0,0,0,0,0,2415,"202410011509"
"16","ZAG",0,0,0,0,0,0,0,0,0,0,0,0,0,0,2415,"202410011509"
"17","RAD",0,0,0,0,0,0,0,0,0,0,0,0,0,0,2415,"202410011509"
"18","RCZ",0,0,0,0,0,0,0,0,0,0,0,0,0,0,2415,"202410011509"
"SUMA","EMPTY",566,1,0,0,0,0,0,0,0,0,0,2,0,27,2415,"202410011509"
"1","RCZ",90,0,0,0,0,0,0,0,0,0,0,0,0,2,2419,"202410011509"
"2","LGD",90,1,0,0,0,0,0,0,0,0,0,0,0,9,2419,"202410011509"
"3","KOR",90,1,0,0,0,1,0,0,0,0,0,0,0,7,2419,"202410011509"
"5","GKS",90,0,0,0,0,0,0,0,0,0,0,0,0,3,2419,"202410011509"
"6","PUN",78,0,0,0,0,0,0,0,0,0,0,0,0,3,2419,"202410011509"
"7","LEG",90,0,0,0,0,0,0,0,0,0,0,1,0,1,2419,"202410011509"
"8","GÓR",0,0,0,0,0,0,0,0,0,0,0,0,0,0,2419,"202410011509"
"9","JAG",0,0,0,0,0,0,0,0,0,0,0,0,0,0,2419,"202410011509"
"9","STM",0,0,0,0,0,0,0,0,0,0,0,0,0,0,2419,"202410011509"
"10","ŚLA",29,0,0,0,0,0,0,0,0,0,0,0,0,2,2419,"202410011509"
"11","LPO",0,0,0,0,0,0,0,0,0,0,0,0,0,0,2419,"202410011509"
"12","WID",0,0,0,0,0,0,0,0,0,0,0,0,0,0,2419,"202410011509"
"13","CRA",0,0,0,0,0,0,0,0,0,0,0,0,0,0,2419,"202410011509"
"14","POG",0,0,0,0,0,0,0,0,0,0,0,0,0,0,2419,"202410011509"
"15","PIA",0,0,0,0,0,0,0,0,0,0,0,0,0,0,2419,"202410011509"
"16","ZAG",0,0,0,0,0,0,0,0,0,0,0,0,0,0,2419,"202410011509"
"17","RAD",0,0,0,0,0,0,0,0,0,0,0,0,0,0,2419,"202410011509"
"18","RCZ",0,0,0,0,0,0,0,0,0,0,0,0,0,0,2419,"202410011509"
"SUMA","EMPTY",557,2,0,0,0,1,0,0,0,0,0,1,0,27,2419,"202410011509"
"1","RCZ",31,0,0,0,0,0,0,0,0,0,0,0,0,1,2423,"202410011509"
"2","LGD",63,0,0,0,0,0,0,0,0,0,0,0,0,4,2423,"202410011509"
"3","KOR",27,0,0,0,0,0,0,0,0,0,0,0,0,1,2423,"202410011509"
"5","GKS",66,0,0,0,0,0,0,0,0,0,0,0,0,3,2423,"202410011509"
"6","PUN",78,0,0,0,0,0,0,0,0,0,0,0,0,3,2423,"202410011509"
"7","LEG",90,1,0,0,0,0,0,0,0,0,0,1,0,6,2423,"202410011509"
"8","GÓR",90,0,0,0,0,0,0,0,0,0,0,1,0,3,2423,"202410011509"
"9","JAG",60,0,0,0,0,0,0,0,0,0,0,0,0,2,2423,"202410011509"
"9","STM",90,0,0,0,0,0,0,0,0,0,0,1,0,1,2423,"202410011509"
"10","ŚLA",61,0,0,0,0,0,0,0,0,0,0,0,0,3,2423,"202410011509"
"11","LPO",0,0,0,0,0,0,0,0,0,0,0,0,0,0,2423,"202410011509"
"12","WID",0,0,0,0,0,0,0,0,0,0,0,0,0,0,2423,"202410011509"
"13","CRA",0,0,0,0,0,0,0,0,0,0,0,0,0,0,2423,"202410011509"
"14","POG",0,0,0,0,0,0,0,0,0,0,0,0,0,0,2423,"202410011509"
"15","PIA",0,0,0,0,0,0,0,0,0,0,0,0,0,0,2423,"202410011509"
"16","ZAG",0,0,0,0,0,0,0,0,0,0,0,0,0,0,2423,"202410011509"
"17","RAD",0,0,0,0,0,0,0,0,0,0,0,0,0,0,2423,"202410011509"
"18","RCZ",0,0,0,0,0,0,0,0,0,0,0,0,0,0,2423,"202410011509"
"SUMA","EMPTY",656,1,0,0,0,0,0,0,0,0,0,3,0,27,2423,"202410011509"
"1","GKS",90,0,0,0,0,0,0,0,0,0,0,0,0,3,2435,"202410011509"
"2","JAG",90,0,0,0,0,0,0,0,0,0,0,0,0,0,2435,"202410011509"
"4","GÓR",90,0,0,0,0,0,0,0,0,0,0,0,0,1,2435,"202410011509"
"5","LEG",90,0,0,0,0,0,0,0,0,0,0,0,0,-1,2435,"202410011509"
"6","WID",90,1,0,0,0,0,0,0,0,0,0,0,0,6,2435,"202410011509"
"7","CRA",87,1,0,0,0,0,0,0,0,0,0,1,0,8,2435,"202410011509"
"8","LGD",90,0,0,0,0,0,0,0,0,0,0,0,0,2,2435,"202410011509"
"9","KOR",90,0,0,0,0,0,0,0,0,0,0,0,0,6,2435,"202410011509"
"10","ZAG",73,0,0,0,0,0,0,0,0,0,0,0,0,2,2435,"202410011509"
"11","RCZ",0,0,0,0,0,0,0,0,0,0,0,0,0,0,2435,"202410011509"
"12","PUN",0,0,0,0,0,0,0,0,0,0,0,0,0,0,2435,"202410011509"
"13","LPO",0,0,0,0,0,0,0,0,0,0,0,0,0,0,2435,"202410011509"
"14","PIA",0,0,0,0,0,0,0,0,0,0,0,0,0,0,2435,"202410011509"
"15","POG",0,0,0,0,0,0,0,0,0,0,0,0,0,0,2435,"202410011509"
"16","STM",0,0,0,0,0,0,0,0,0,0,0,0,0,0,2435,"202410011509"
"17","MOT",0,0,0,0,0,0,0,0,0,0,0,0,0,0,2435,"202410011509"
"18","ŚLA",0,0,0,0,0,0,0,0,0,0,0,0,0,0,2435,"202410011509"
"18","GKS",0,0,0,0,0,0,0,0,0,0,0,0,0,0,2435,"202410011509"
"SUMA","EMPTY",790,2,0,0,0,0,0,0,0,0,0,1,0,27,2435,"202410011509"
"7","STM",12,0,0,0,0,0,0,0,0,0,0,0,0,2,2498,"202410011509"
"8","JAG",29,0,0,0,0,0,0,0,0,0,0,0,0,2,2498,"202410011509"
"9","ŚLA",63,0,0,0,0,0,0,0,0,0,0,0,0,4,2498,"202410011509"
"10","KOR",73,3,0,0,0,0,0,0,0,0,0,0,0,19,2498,"202410011509"
"11","MOT",0,0,0,0,0,0,0,0,0,0,0,0,0,0,2498,"202410011509"
"12","CRA",0,0,0,0,0,0,0,0,0,0,0,0,0,0,2498,"202410011509"
"13","RAD",0,0,0,0,0,0,0,0,0,0,0,0,0,0,2498,"202410011509"
"14","PUN",0,0,0,0,0,0,0,0,0,0,0,0,0,0,2498,"202410011509"
"15","LEG",0,0,0,0,0,0,0,0,0,0,0,0,0,0,2498,"202410011509"
"16","GKS",0,0,0,0,0,0,0,0,0,0,0,0,0,0,2498,"202410011509"
"17","PIA",0,0,0,0,0,0,0,0,0,0,0,0,0,0,2498,"202410011509"
"18","GÓR",0,0,0,0,0,0,0,0,0,0,0,0,0,0,2498,"202410011509"
"SUMA","EMPTY",177,3,0,0,0,0,0,0,0,0,0,0,0,27,2498,"202410011509"
"1","WID",90,0,0,0,0,0,0,0,0,0,0,0,0,2,2243,"202410011509"
"2","GKS",20,0,0,0,0,0,0,0,0,0,0,0,0,1,2243,"202410011509"
"3","JAG",62,0,0,0,0,0,0,0,0,0,0,0,0,2,2243,"202410011509"
"4","POG",90,0,0,0,0,0,0,0,0,0,0,1,0,1,2243,"202410011509"
"5","PIA",90,0,1,0,0,0,0,0,0,0,0,0,0,7,2243,"202410011509"
"6","KOR",76,0,0,0,0,0,0,0,0,0,0,0,0,2,2243,"202410011509"
"7","LPO",90,0,0,0,0,0,0,0,0,0,0,0,0,2,2243,"202410011509"
"8","ŚLA",0,0,0,0,0,0,0,0,0,0,0,0,0,0,2243,"202410011509"
"9","MOT",90,0,0,0,0,0,0,0,0,0,0,0,0,4,2243,"202410011509"
"10","CRA",90,1,0,0,0,0,0,0,0,0,0,1,0,6,2243,"202410011509"
"11","LGD",0,0,0,0,0,0,0,0,0,0,0,0,0,0,2243,"202410011509"
"12","GÓR",0,0,0,0,0,0,0,0,0,0,0,0,0,0,2243,"202410011509"
"13","ZAG",0,0,0,0,0,0,0,0,0,0,0,0,0,0,2243,"202410011509"
"14","RCZ",0,0,0,0,0,0,0,0,0,0,0,0,0,0,2243,"202410011509"
"15","PUN",0,0,0,0,0,0,0,0,0,0,0,0,0,0,2243,"202410011509"
"16","RAD",0,0,0,0,0,0,0,0,0,0,0,0,0,0,2243,"202410011509"
"17","LEG",0,0,0,0,0,0,0,0,0,0,0,0,0,0,2243,"202410011509"
"18","WID",0,0,0,0,0,0,0,0,0,0,0,0,0,0,2243,"202410011509"
"SUMA","EMPTY",698,1,1,0,0,0,0,0,0,0,0,2,0,27,2243,"202410011509"
"2023/24 - wiosna","EMPTY",1146,2,0,0,0,0,0,0,0,0,0,2,0,48,2243,"202410011509"
"2023/24 - jesień","EMPTY",832,0,1,0,0,0,0,0,0,0,0,1,0,34,2243,"202410011509"
"1","MOT (RCZ)",0,0,0,0,0,0,0,0,0,0,0,0,0,0,480,"202410011509"
"2","STM",62,0,0,0,0,0,0,0,0,0,0,0,0,4,480,"202410011509"
"3","RCZ",0,0,0,0,0,0,0,0,0,0,0,0,0,0,480,"202410011509"
"4","PIA",83,0,1,0,0,0,0,0,0,0,0,0,0,5,480,"202410011509"
"5","MOT",75,0,0,0,0,0,0,0,0,0,0,0,0,3,480,"202410011509"
"6","JAG",45,0,1,0,0,0,0,0,0,0,0,0,0,6,480,"202410011509"
"7","ZAG",71,0,0,0,0,0,0,0,0,0,0,0,0,2,480,"202410011509"
"8","WID",89,0,0,0,0,0,0,0,0,0,0,0,0,2,480,"202410011509"
"9","GÓR",82,0,0,0,0,0,0,0,0,0,0,0,0,2,480,"202410011509"
"10","POG",90,0,0,0,0,0,0,0,0,0,0,0,0,3,480,"202410011509"
"11","PUN",0,0,0,0,0,0,0,0,0,0,0,0,0,0,480,"202410011509"
"12","ŚLA",0,0,0,0,0,0,0,0,0,0,0,0,0,0,480,"202410011509"
"13","LEG",0,0,0,0,0,0,0,0,0,0,0,0,0,0,480,"202410011509"
"14","KOR",0,0,0,0,0,0,0,0,0,0,0,0,0,0,480,"202410011509"
"15","CRA",0,0,0,0,0,0,0,0,0,0,0,0,0,0,480,"202410011509"
"16","LPO",0,0,0,0,0,0,0,0,0,0,0,0,0,0,480,"202410011509"
"17","LGD",0,0,0,0,0,0,0,0,0,0,0,0,0,0,480,"202410011509"
"18","RAD",0,0,0,0,0,0,0,0,0,0,0,0,0,0,480,"202410011509"
"SUMA","EMPTY",597,0,2,0,0,0,0,0,0,0,0,0,0,27,480,"202410011509"
"2023/24 - wiosna","EMPTY",879,2,0,1,0,1,1,0,0,0,0,0,0,48,480,"202410011509"
"2023/24 - jesień","EMPTY",1218,5,2,2,0,1,0,0,0,0,0,1,0,85,480,"202410011509"
"2022/23 - wiosna","EMPTY",758,3,1,1,0,0,0,0,0,0,0,1,0,56,480,"202410011509"
"2022/23 - jesień","EMPTY",1063,7,3,0,0,0,0,0,0,0,0,2,0,94,480,"202410011509"
"2021/22 - wiosna","EMPTY",1254,4,3,0,0,0,0,0,0,0,0,0,0,69,480,"202410011509"
"2021/22 - jesień","EMPTY",1397,4,4,0,0,0,0,0,0,0,0,1,0,80,480,"202410011509"
"2020/21 - wiosna","EMPTY",1052,1,1,0,0,0,0,0,0,0,0,2,0,36,480,"202410011509"
"2020/21 - jesień","EMPTY",1215,4,2,0,0,0,0,0,0,0,0,0,0,68,480,"202410011509"
"2019/20 - jesień","EMPTY",0,0,0,0,0,0,0,0,0,0,0,0,0,0,480,"202410011509"
"2018/19 - wiosna","EMPTY",0,0,0,0,0,0,0,0,0,0,0,0,0,0,480,"202410011509"
"2017/18 - wiosna","EMPTY",0,0,0,0,0,0,0,0,0,0,0,0,0,0,480,"202410011509"
"2017/18 - jesień","EMPTY",0,0,0,0,0,0,0,0,0,0,0,0,0,0,480,"202410011509"
"2016/17 - wiosna","EMPTY",673,1,1,0,0,0,0,0,0,0,0,0,0,31,480,"202410011509"
"2016/17 - jesień","EMPTY",193,0,0,0,0,0,0,0,0,0,0,0,0,12,480,"202410011509"
"1","PIA",65,0,0,0,0,0,0,0,0,0,0,0,0,2,1012,"202410011509"
"2","RCZ",81,0,0,0,0,0,0,0,0,0,0,0,0,4,1012,"202410011509"
"3","WID",75,0,0,0,0,0,0,0,0,0,0,0,0,2,1012,"202410011509"
"4","KOR",81,0,0,0,0,0,0,0,0,0,0,0,0,4,1012,"202410011509"
"5","JAG",60,0,0,0,0,0,0,0,0,0,0,0,0,3,1012,"202410011509"
"6","GÓR",25,0,0,0,0,0,0,0,0,0,0,0,0,2,1012,"202410011509"
"7","RAD",69,0,0,0,0,0,0,0,0,0,0,0,0,2,1012,"202410011509"
"8","POG",83,0,0,0,0,0,0,0,0,0,0,0,0,3,1012,"202410011509"
"9","PUN",90,0,0,0,0,0,0,0,0,0,0,0,0,3,1012,"202410011509"
"10","STM",61,0,0,0,0,0,0,0,0,0,0,0,0,2,1012,"202410011509"
"11","ŚLA",0,0,0,0,0,0,0,0,0,0,0,0,0,0,1012,"202410011509"
"12","LPO",0,0,0,0,0,0,0,0,0,0,0,0,0,0,1012,"202410011509"
"13","MOT",0,0,0,0,0,0,0,0,0,0,0,0,0,0,1012,"202410011509"
"14","LGD",0,0,0,0,0,0,0,0,0,0,0,0,0,0,1012,"202410011509"
"15","GKS",0,0,0,0,0,0,0,0,0,0,0,0,0,0,1012,"202410011509"
"16","LEG",0,0,0,0,0,0,0,0,0,0,0,0,0,0,1012,"202410011509"
"17","ZAG",0,0,0,0,0,0,0,0,0,0,0,0,0,0,1012,"202410011509"
"18","PIA",0,0,0,0,0,0,0,0,0,0,0,0,0,0,1012,"202410011509"
"SUMA","EMPTY",690,0,0,0,0,0,0,0,0,0,0,0,0,27,1012,"202410011509"
"2023/24 - wiosna","EMPTY",1032,0,0,0,0,0,0,0,0,0,0,3,0,33,1012,"202410011509"
"2023/24 - jesień","EMPTY",1,0,0,0,0,0,0,0,0,0,0,0,0,2,1012,"202410011509"
"2022/23 - wiosna","EMPTY",252,0,0,0,0,0,0,0,0,0,0,1,0,19,1012,"202410011509"
"2022/23 - jesień","EMPTY",238,0,0,0,0,0,0,0,0,0,0,0,0,16,1012,"202410011509"
"2021/22 - wiosna","EMPTY",918,2,0,0,0,0,0,0,0,0,0,0,0,44,1012,"202410011509"
"2021/22 - jesień","EMPTY",1864,5,0,0,0,0,0,0,0,0,0,3,0,71,1012,"202410011509"
"2020/21 - wiosna","EMPTY",1388,2,0,0,0,0,0,0,0,0,0,2,0,54,1012,"202410011509"
"2020/21 - jesień","EMPTY",1111,0,0,0,0,0,0,0,0,0,0,2,0,33,1012,"202410011509"
"2019/20 - wiosna","EMPTY",1043,0,0,0,0,0,0,0,0,0,0,1,0,38,1012,"202410011509"
"2019/20 - jesień","EMPTY",1577,0,0,0,0,0,0,0,0,0,0,3,0,65,1012,"202410011509"
"2018/19 - wiosna","EMPTY",67,0,0,0,0,0,0,0,0,0,0,0,0,16,1012,"202410011509"
"2018/19 - jesień","EMPTY",92,1,0,0,0,0,0,0,0,0,0,0,0,17,1012,"202410011509"
"1","MOT",12,0,0,0,0,0,0,0,0,0,0,0,0,2,2325,"202410011509"
"2","CRA",19,0,0,0,0,0,0,0,0,0,0,0,0,1,2325,"202410011509"
"3","GKS",10,0,0,0,0,0,0,0,0,0,0,0,0,2,2325,"202410011509"
"4","LPO",76,0,0,0,0,0,0,0,0,0,0,1,0,4,2325,"202410011509"
"5","GÓR",45,0,0,0,0,0,0,0,0,0,0,0,0,2,2325,"202410011509"
"6","LGD",84,0,0,0,0,0,0,0,0,0,0,0,0,3,2325,"202410011509"
"7","PIA",45,0,0,0,0,0,0,0,0,0,0,0,0,2,2325,"202410011509"
"8","LEG",34,0,0,0,0,0,0,0,0,0,0,0,0,2,2325,"202410011509"
"9","ZAG",25,1,0,0,0,0,0,0,0,0,0,0,0,8,2325,"202410011509"
"10","PUN",0,0,0,0,0,0,0,0,0,0,0,0,0,0,2325,"202410011509"
"11","RAD",0,0,0,0,0,0,0,0,0,0,0,0,0,0,2325,"202410011509"
"12","POG",0,0,0,0,0,0,0,0,0,0,0,0,0,0,2325,"202410011509"
"13","ŚLA",0,0,0,0,0,0,0,0,0,0,0,0,0,0,2325,"202410011509"
"14","STM",0,0,0,0,0,0,0,0,0,0,0,0,0,0,2325,"202410011509"
"15","JAG",0,0,0,0,0,0,0,0,0,0,0,0,0,0,2325,"202410011509"
"16","KOR",0,0,0,0,0,0,0,0,0,0,0,0,0,0,2325,"202410011509"
"17","WID",0,0,0,0,0,0,0,0,0,0,0,0,0,0,2325,"202410011509"
"18","MOT",0,0,0,0,0,0,0,0,0,0,0,0,0,0,2325,"202410011509"
"SUMA","EMPTY",350,1,0,0,0,0,0,0,0,0,0,1,0,26,2325,"202410011509"
"2023/24 - wiosna","EMPTY",609,0,0,0,0,0,0,1,0,0,0,1,0,24,2325,"202410011509"
"1","GKS",77,0,0,0,0,0,0,0,0,0,0,0,0,3,184,"202410011509"
"2","JAG",45,0,0,0,0,0,0,0,0,0,0,0,0,2,184,"202410011509"
"4","GÓR",20,0,0,0,0,0,0,0,0,0,0,0,0,1,184,"202410011509"
"5","LEG",45,0,0,0,0,0,0,0,0,0,0,0,0,2,184,"202410011509"
"6","WID",25,0,1,0,0,0,0,0,0,0,0,0,0,4,184,"202410011509"
"7","CRA",75,0,1,0,0,0,0,0,0,0,0,0,0,6,184,"202410011509"
"8","LGD",78,0,0,0,0,0,0,0,0,0,0,0,0,2,184,"202410011509"
"9","KOR",69,0,0,0,0,0,0,0,0,0,0,0,0,4,184,"202410011509"
"10","ZAG",73,0,0,0,0,0,0,0,0,0,0,0,0,2,184,"202410011509"
"11","RCZ",0,0,0,0,0,0,0,0,0,0,0,0,0,0,184,"202410011509"
"12","PUN",0,0,0,0,0,0,0,0,0,0,0,0,0,0,184,"202410011509"
"13","LPO",0,0,0,0,0,0,0,0,0,0,0,0,0,0,184,"202410011509"
"14","PIA",0,0,0,0,0,0,0,0,0,0,0,0,0,0,184,"202410011509"
"15","POG",0,0,0,0,0,0,0,0,0,0,0,0,0,0,184,"202410011509"
"16","STM",0,0,0,0,0,0,0,0,0,0,0,0,0,0,184,"202410011509"
"17","MOT",0,0,0,0,0,0,0,0,0,0,0,0,0,0,184,"202410011509"
"18","ŚLA",0,0,0,0,0,0,0,0,0,0,0,0,0,0,184,"202410011509"
"18","GKS",0,0,0,0,0,0,0,0,0,0,0,0,0,0,184,"202410011509"
"SUMA","EMPTY",507,0,2,0,0,0,0,0,0,0,0,0,0,26,184,"202410011509"
"2023/24 - wiosna","EMPTY",964,0,3,0,0,0,0,0,0,0,0,2,1,36,184,"202410011509"
"2023/24 - jesień","EMPTY",1349,2,4,0,0,0,1,0,1,0,0,3,0,64,184,"202410011509"
"2022/23 - wiosna","EMPTY",1362,1,2,0,0,0,1,0,0,0,0,3,0,47,184,"202410011509"
"2022/23 - jesień","EMPTY",1071,6,6,0,0,1,0,0,0,0,0,2,1,85,184,"202410011509"
"2021/22 - wiosna","EMPTY",718,1,2,0,0,0,0,0,0,0,0,3,0,31,184,"202410011509"
"2021/22 - jesień","EMPTY",1071,3,4,0,0,1,0,0,0,0,0,3,0,68,184,"202410011509"
"2020/21 - wiosna","EMPTY",339,2,1,0,0,0,0,0,0,0,0,3,0,23,184,"202410011509"
"2020/21 - jesień","EMPTY",0,0,0,0,0,0,0,0,0,0,0,0,0,0,184,"202410011509"
"2019/20 - wiosna","EMPTY",0,0,0,0,0,0,0,0,0,0,0,0,0,0,184,"202410011509"
"2019/20 - jesień","EMPTY",772,1,0,0,0,0,2,0,0,0,0,4,0,51,184,"202410011509"
"2018/19 - wiosna","EMPTY",0,0,0,0,0,0,0,0,0,0,0,0,0,0,184,"202410011509"
"2018/19 - jesień","EMPTY",551,1,0,0,0,0,0,0,0,0,0,2,0,36,184,"202410011509"
"2017/18 - wiosna","EMPTY",45,0,0,0,0,0,0,0,0,0,0,0,0,1,184,"202410011509"
"2017/18 - jesień","EMPTY",835,1,2,0,0,0,0,0,0,0,0,4,0,39,184,"202410011509"
"2016/17 - wiosna","EMPTY",1336,0,4,0,0,0,0,0,0,0,0,3,0,72,184,"202410011509"
"2016/17 - jesień","EMPTY",1266,2,1,0,0,0,0,0,0,0,0,4,0,72,184,"202410011509"
"1","KOR",90,0,0,0,0,0,0,0,0,0,0,0,0,6,1250,"202410011509"
"2","ZAG",90,0,0,0,0,0,0,1,0,0,0,0,0,-1,1250,"202410011509"
"3","GÓR",90,0,0,0,0,0,0,0,0,0,0,0,0,2,1250,"202410011509"
"4","STM",90,0,0,0,0,0,0,0,0,0,0,0,0,7,1250,"202410011509"
"5","WID",90,0,0,0,0,0,0,0,0,0,0,0,0,6,1250,"202410011509"
"6","LPO",45,0,0,0,0,0,0,0,0,0,0,0,1,-2,1250,"202410011509"
"7","ŚLA",0,0,0,0,0,0,0,0,0,0,0,0,0,0,1250,"202410011509"
"8","CRA",89,0,0,0,0,0,0,0,0,0,0,0,0,1,1250,"202410011509"
"9","LEG",90,0,0,0,0,0,0,0,0,0,0,0,0,7,1250,"202410011509"
"10","GKS",90,0,0,0,0,0,0,0,0,0,0,0,0,0,1250,"202410011509"
"11","PIA",0,0,0,0,0,0,0,0,0,0,0,0,0,0,1250,"202410011509"
"12","RCZ",0,0,0,0,0,0,0,0,0,0,0,0,0,0,1250,"202410011509"
"13","PUN",0,0,0,0,0,0,0,0,0,0,0,0,0,0,1250,"202410011509"
"14","MOT",0,0,0,0,0,0,0,0,0,0,0,0,0,0,1250,"202410011509"
"15","RAD",0,0,0,0,0,0,0,0,0,0,0,0,0,0,1250,"202410011509"
"16","LGD",0,0,0,0,0,0,0,0,0,0,0,0,0,0,1250,"202410011509"
"17","JAG",0,0,0,0,0,0,0,0,0,0,0,0,0,0,1250,"202410011509"
"18","KOR",0,0,0,0,0,0,0,0,0,0,0,0,0,0,1250,"202410011509"
"SUMA","EMPTY",764,0,0,0,0,0,0,1,0,0,0,0,1,26,1250,"202410011509"
"2023/24 - wiosna","EMPTY",737,0,0,0,0,0,0,1,0,0,0,2,0,34,1250,"202410011509"
"2023/24 - jesień","EMPTY",1217,0,0,0,0,0,0,0,0,0,0,1,0,43,1250,"202410011509"
"2022/23 - wiosna","EMPTY",1337,0,0,0,0,0,0,1,0,0,0,3,0,38,1250,"202410011509"
"2022/23 - jesień","EMPTY",1303,0,0,0,0,0,0,0,0,0,0,2,0,36,1250,"202410011509"
"2021/22 - wiosna","EMPTY",463,0,0,0,0,0,0,0,0,0,0,0,1,16,1250,"202410011509"
"2021/22 - jesień","EMPTY",1644,0,0,0,0,0,0,1,0,0,0,0,0,51,1250,"202410011509"
"2020/21 - wiosna","EMPTY",1250,0,0,0,1,0,0,0,0,0,0,1,0,45,1250,"202410011509"
"2020/21 - jesień","EMPTY",1324,0,0,0,0,0,0,0,0,0,0,0,0,56,1250,"202410011509"
"2019/20 - wiosna","EMPTY",1436,0,1,0,1,0,0,1,0,0,0,1,0,36,1250,"202410011509"
"2019/20 - jesień","EMPTY",1335,0,0,0,0,0,0,0,0,0,0,0,0,71,1250,"202410011509"
"1","LEG",90,0,0,0,0,0,0,0,0,0,0,0,0,2,20,"202410011509"
"2","POG",90,0,0,0,0,0,0,0,0,0,0,0,0,2,20,"202410011509"
"3","PUN",90,0,1,0,0,0,0,0,0,0,0,0,0,7,20,"202410011509"
"4","LGD",71,0,0,0,0,0,0,0,0,0,0,0,0,2,20,"202410011509"
"5","LPO",0,0,0,0,0,0,0,0,0,0,0,0,0,0,20,"202410011509"
"6","PIA",90,0,0,0,0,0,0,0,0,0,0,0,0,2,20,"202410011509"
"7","GKS",90,0,0,0,0,0,0,0,0,0,0,1,0,3,20,"202410011509"
"8","KOR",67,0,0,0,0,0,0,0,0,0,0,1,0,1,20,"202410011509"
"9","RCZ",90,0,0,0,0,0,0,0,0,0,0,0,0,2,20,"202410011509"
"10","RAD",90,0,0,0,0,0,0,0,0,0,0,0,0,4,20,"202410011509"
"11","GÓR",0,0,0,0,0,0,0,0,0,0,0,0,0,0,20,"202410011509"
"12","JAG",0,0,0,0,0,0,0,0,0,0,0,0,0,0,20,"202410011509"
"13","STM",0,0,0,0,0,0,0,0,0,0,0,0,0,0,20,"202410011509"
"14","ŚLA",0,0,0,0,0,0,0,0,0,0,0,0,0,0,20,"202410011509"
"15","WID",0,0,0,0,0,0,0,0,0,0,0,0,0,0,20,"202410011509"
"16","MOT",0,0,0,0,0,0,0,0,0,0,0,0,0,0,20,"202410011509"
"17","CRA",0,0,0,0,0,0,0,0,0,0,0,0,0,0,20,"202410011509"
"18","LEG",0,0,0,0,0,0,0,0,0,0,0,0,0,0,20,"202410011509"
"SUMA","EMPTY",768,0,1,0,0,0,0,0,0,0,0,2,0,25,20,"202410011509"
"2023/24 - wiosna","EMPTY",1325,0,1,0,0,0,0,0,0,0,0,0,0,43,20,"202410011509"
"2023/24 - jesień","EMPTY",1551,1,2,1,0,0,0,0,1,0,0,2,0,55,20,"202410011509"
"2022/23 - wiosna","EMPTY",1440,1,0,0,0,0,0,0,0,0,0,2,0,50,20,"202410011509"
"2022/23 - jesień","EMPTY",1391,3,3,0,0,0,0,0,0,0,0,2,0,65,20,"202410011509"
"2021/22 - wiosna","EMPTY",1353,0,4,0,1,0,0,0,0,0,0,3,0,49,20,"202410011509"
"2021/22 - jesień","EMPTY",1281,1,0,0,0,1,0,0,0,0,0,4,0,40,20,"202410011509"
"2020/21 - wiosna","EMPTY",1249,0,0,0,0,0,0,0,0,0,0,2,0,41,20,"202410011509"
"2020/21 - jesień","EMPTY",1029,0,2,0,0,0,0,0,0,0,0,3,0,41,20,"202410011509"
"2019/20 - wiosna","EMPTY",1081,0,0,0,0,0,0,0,0,0,0,3,0,27,20,"202410011509"
"2019/20 - jesień","EMPTY",845,0,0,0,0,0,0,0,0,0,0,0,0,38,20,"202410011509"
"2018/19 - wiosna","EMPTY",993,0,1,0,0,0,0,0,0,0,0,1,0,50,20,"202410011509"
"2018/19 - jesień","EMPTY",663,0,0,0,0,0,0,0,0,0,0,1,0,34,20,"202410011509"
"2017/18 - wiosna","EMPTY",70,0,0,0,0,0,0,0,0,0,0,0,0,8,20,"202410011509"
"2017/18 - jesień","EMPTY",0,0,0,0,0,0,0,0,0,0,0,0,0,0,20,"202410011509"
"2016/17 - wiosna","EMPTY",1480,2,4,0,0,2,0,0,0,0,0,1,0,75,20,"202410011509"
"2016/17 - jesień","EMPTY",1165,2,3,0,0,2,0,0,0,0,0,4,0,56,20,"202410011509"
"1","RAD",90,0,0,0,0,0,0,0,0,0,0,0,0,1,563,"202410011509"
"2","STM",72,0,0,0,0,0,0,0,0,0,0,0,0,6,563,"202410011509"
"3","RCZ",74,0,0,0,0,0,0,0,0,0,0,0,0,2,563,"202410011509"
"4","PIA",89,0,0,0,0,0,0,0,0,0,0,0,0,1,563,"202410011509"
"5","MOT",27,0,0,0,0,0,0,0,0,0,0,0,0,1,563,"202410011509"
"6","JAG",68,0,0,0,0,0,0,0,0,0,0,0,0,2,563,"202410011509"
"7","ZAG",90,0,0,0,0,0,0,0,0,0,0,0,0,2,563,"202410011509"
"8","WID",90,1,0,0,0,0,0,0,0,0,0,1,0,7,563,"202410011509"
"9","GÓR",69,0,0,0,0,0,0,0,0,0,0,0,0,0,563,"202410011509"
"10","POG",89,0,0,0,0,0,0,0,0,0,0,0,0,3,563,"202410011509"
"11","PUN",0,0,0,0,0,0,0,0,0,0,0,0,0,0,563,"202410011509"
"12","ŚLA",0,0,0,0,0,0,0,0,0,0,0,0,0,0,563,"202410011509"
"13","LEG",0,0,0,0,0,0,0,0,0,0,0,0,0,0,563,"202410011509"
"14","KOR",0,0,0,0,0,0,0,0,0,0,0,0,0,0,563,"202410011509"
"15","CRA",0,0,0,0,0,0,0,0,0,0,0,0,0,0,563,"202410011509"
"16","LPO",0,0,0,0,0,0,0,0,0,0,0,0,0,0,563,"202410011509"
"17","LGD",0,0,0,0,0,0,0,0,0,0,0,0,0,0,563,"202410011509"
"18","RAD",0,0,0,0,0,0,0,0,0,0,0,0,0,0,563,"202410011509"
"SUMA","EMPTY",758,1,0,0,0,0,0,0,0,0,0,1,0,25,563,"202410011509"
"2021/22 - wiosna","EMPTY",37,0,0,0,0,0,0,0,0,0,0,0,0,0,563,"202410011509"
"2021/22 - jesień","EMPTY",901,0,0,0,0,0,2,1,0,0,0,4,0,18,563,"202410011509"
"2020/21 - wiosna","EMPTY",0,0,0,0,0,0,0,0,0,0,0,0,0,0,563,"202410011509"
"2020/21 - jesień","EMPTY",0,0,0,0,0,0,0,0,0,0,0,0,0,0,563,"202410011509"
"2019/20 - jesień","EMPTY",0,0,0,0,0,0,0,0,0,0,0,0,0,0,563,"202410011509"
"2018/19 - wiosna","EMPTY",265,0,0,0,0,0,0,0,0,0,0,0,0,9,563,"202410011509"
"2018/19 - jesień","EMPTY",835,1,0,0,0,0,0,0,0,0,0,3,0,38,563,"202410011509"
"2017/18 - wiosna","EMPTY",0,0,0,0,0,0,0,0,0,0,0,0,0,0,563,"202410011509"
"2017/18 - jesień","EMPTY",0,0,0,0,0,0,0,0,0,0,0,0,0,0,563,"202410011509"
"2016/17 - wiosna","EMPTY",91,0,0,0,0,0,0,0,0,0,0,1,0,6,563,"202410011509"
"1","LPO",90,0,0,0,0,0,0,0,0,0,0,1,0,0,2388,"202410011509"
"2","PUN",90,1,0,0,0,0,0,0,0,0,0,0,0,7,2388,"202410011509"
"3","POG",90,0,0,0,0,0,0,0,0,0,0,0,0,6,2388,"202410011509"
"4","RAD",63,0,0,0,0,0,0,0,0,0,0,0,0,3,2388,"202410011509"
"5","RCZ",55,0,0,0,0,0,0,0,0,0,0,0,0,2,2388,"202410011509"
"6","CRA",90,0,0,0,1,0,0,0,0,0,0,0,0,-3,2388,"202410011509"
"7","LGD",45,0,0,0,0,0,0,0,0,0,0,0,0,1,2388,"202410011509"
"8","MOT",4,0,0,0,0,0,0,0,0,0,0,0,0,1,2388,"202410011509"
"9","GKS",82,0,0,0,0,0,0,0,0,0,0,0,0,6,2388,"202410011509"
"10","LEG",5,0,0,0,0,0,0,0,0,0,0,0,0,2,2388,"202410011509"
"11","ZAG",0,0,0,0,0,0,0,0,0,0,0,0,0,0,2388,"202410011509"
"12","STM",0,0,0,0,0,0,0,0,0,0,0,0,0,0,2388,"202410011509"
"13","WID",0,0,0,0,0,0,0,0,0,0,0,0,0,0,2388,"202410011509"
"14","JAG",0,0,0,0,0,0,0,0,0,0,0,0,0,0,2388,"202410011509"
"15","ŚLA",0,0,0,0,0,0,0,0,0,0,0,0,0,0,2388,"202410011509"
"16","PIA",0,0,0,0,0,0,0,0,0,0,0,0,0,0,2388,"202410011509"
"17","KOR",0,0,0,0,0,0,0,0,0,0,0,0,0,0,2388,"202410011509"
"18","LPO",0,0,0,0,0,0,0,0,0,0,0,0,0,0,2388,"202410011509"
"SUMA","EMPTY",614,1,0,0,1,0,0,0,0,0,0,1,0,25,2388,"202410011509"
"1","ŚLA",13,0,0,0,0,0,0,0,0,0,0,0,0,1,2413,"202410011509"
"2","MOT",51,0,0,0,0,0,0,0,0,0,0,0,0,2,2413,"202410011509"
"3","LPO",14,0,0,0,0,0,0,0,0,0,0,0,0,1,2413,"202410011509"
"4","ZAG",0,0,0,0,0,0,0,0,0,0,0,0,0,0,2413,"202410011509"
"5","PUN",51,0,0,0,0,0,0,0,0,0,0,0,0,1,2413,"202410011509"
"6","RCZ",81,0,0,0,0,0,0,0,0,0,0,0,0,2,2413,"202410011509"
"7","GÓR",90,1,0,0,0,0,0,0,0,0,0,0,0,7,2413,"202410011509"
"8","RAD",68,0,0,0,0,0,0,0,0,0,0,1,0,2,2413,"202410011509"
"9","JAG",77,1,0,0,0,0,0,0,0,0,0,1,0,5,2413,"202410011509"
"10","WID",75,0,0,0,0,0,1,0,0,0,0,0,0,4,2413,"202410011509"
"11","STM",0,0,0,0,0,0,0,0,0,0,0,0,0,0,2413,"202410011509"
"12","LEG",0,0,0,0,0,0,0,0,0,0,0,0,0,0,2413,"202410011509"
"13","PIA",0,0,0,0,0,0,0,0,0,0,0,0,0,0,2413,"202410011509"
"14","CRA",0,0,0,0,0,0,0,0,0,0,0,0,0,0,2413,"202410011509"
"15","KOR",0,0,0,0,0,0,0,0,0,0,0,0,0,0,2413,"202410011509"
"16","POG",0,0,0,0,0,0,0,0,0,0,0,0,0,0,2413,"202410011509"
"17","GKS",0,0,0,0,0,0,0,0,0,0,0,0,0,0,2413,"202410011509"
"18","ŚLA",0,0,0,0,0,0,0,0,0,0,0,0,0,0,2413,"202410011509"
"SUMA","EMPTY",520,2,0,0,0,0,1,0,0,0,0,2,0,25,2413,"202410011509"
"1","GKS",90,0,0,0,0,0,0,0,0,0,0,0,0,6,1906,"202410011509"
"2","JAG",90,0,0,0,0,0,0,0,0,0,0,0,0,0,1906,"202410011509"
"4","GÓR",90,0,0,0,0,0,0,0,0,0,0,0,0,1,1906,"202410011509"
"5","LEG",0,0,0,0,0,0,0,0,0,0,0,0,0,0,1906,"202410011509"
"6","WID",90,0,0,0,0,0,0,0,0,0,0,0,0,1,1906,"202410011509"
"7","CRA",90,0,0,0,0,0,0,0,0,0,0,0,0,3,1906,"202410011509"
"8","LGD",90,0,0,0,0,0,0,0,0,0,0,0,0,4,1906,"202410011509"
"9","KOR",90,0,0,0,0,0,0,0,0,0,0,0,0,7,1906,"202410011509"
"10","ZAG",90,0,0,0,0,0,0,0,0,0,0,0,0,3,1906,"202410011509"
"11","RCZ",0,0,0,0,0,0,0,0,0,0,0,0,0,0,1906,"202410011509"
"12","PUN",0,0,0,0,0,0,0,0,0,0,0,0,0,0,1906,"202410011509"
"13","LPO",0,0,0,0,0,0,0,0,0,0,0,0,0,0,1906,"202410011509"
"14","PIA",0,0,0,0,0,0,0,0,0,0,0,0,0,0,1906,"202410011509"
"15","POG",0,0,0,0,0,0,0,0,0,0,0,0,0,0,1906,"202410011509"
"16","STM",0,0,0,0,0,0,0,0,0,0,0,0,0,0,1906,"202410011509"
"17","MOT",0,0,0,0,0,0,0,0,0,0,0,0,0,0,1906,"202410011509"
"18","ŚLA",0,0,0,0,0,0,0,0,0,0,0,0,0,0,1906,"202410011509"
"18","GKS",0,0,0,0,0,0,0,0,0,0,0,0,0,0,1906,"202410011509"
"SUMA","EMPTY",720,0,0,0,0,0,0,0,0,0,0,0,0,25,1906,"202410011509"
"2023/24 - wiosna","EMPTY",0,0,0,0,0,0,0,0,0,0,0,0,0,0,1906,"202410011509"
"2023/24 - jesień","EMPTY",0,0,0,0,0,0,0,0,0,0,0,0,0,0,1906,"202410011509"
"2022/23 - wiosna","EMPTY",0,0,0,0,0,0,0,0,0,0,0,0,0,0,1906,"202410011509"
"2022/23 - jesień","EMPTY",0,0,0,0,0,0,0,0,0,0,0,0,0,0,1906,"202410011509"
"2021/22 - wiosna","EMPTY",0,0,0,0,0,0,0,0,0,0,0,0,0,0,1906,"202410011509"
"1","POG",0,0,0,0,0,0,0,0,0,0,0,0,0,0,2163,"202410011509"
"2","LEG",89,0,0,0,0,0,0,0,0,0,0,0,0,2,2163,"202410011509"
"3","MOT",90,0,0,0,0,0,0,0,0,0,0,0,0,2,2163,"202410011509"
"4","CRA",0,0,0,0,0,0,0,0,0,0,0,0,0,0,2163,"202410011509"
"5","ŚLA",13,0,1,0,0,0,0,0,0,0,0,0,0,5,2163,"202410011509"
"6","STM",45,0,0,0,0,0,0,0,0,0,0,0,0,2,2163,"202410011509"
"7","PUN",90,0,0,0,0,0,0,0,0,0,0,0,0,5,2163,"202410011509"
"8","ZAG",90,0,1,0,0,0,0,0,0,0,0,0,0,10,2163,"202410011509"
"9","RAD",90,0,0,0,0,0,0,0,0,0,0,0,0,-1,2163,"202410011509"
"10","LPO",90,0,0,0,0,0,0,0,0,0,0,0,0,0,2163,"202410011509"
"11","WID",0,0,0,0,0,0,0,0,0,0,0,0,0,0,2163,"202410011509"
"12","PIA",0,0,0,0,0,0,0,0,0,0,0,0,0,0,2163,"202410011509"
"13","JAG",0,0,0,0,0,0,0,0,0,0,0,0,0,0,2163,"202410011509"
"14","GKS",0,0,0,0,0,0,0,0,0,0,0,0,0,0,2163,"202410011509"
"15","LGD",0,0,0,0,0,0,0,0,0,0,0,0,0,0,2163,"202410011509"
"16","RCZ",0,0,0,0,0,0,0,0,0,0,0,0,0,0,2163,"202410011509"
"17","GÓR",0,0,0,0,0,0,0,0,0,0,0,0,0,0,2163,"202410011509"
"18","POG",0,0,0,0,0,0,0,0,0,0,0,0,0,0,2163,"202410011509"
"SUMA","EMPTY",597,0,2,0,0,0,0,0,0,0,0,0,0,25,2163,"202410011509"
"2023/24 - wiosna","EMPTY",923,0,1,0,0,0,0,1,0,0,0,0,0,29,2163,"202410011509"
"2023/24 - jesień","EMPTY",822,0,1,0,0,0,0,0,0,0,0,0,0,31,2163,"202410011509"
"1","RCZ",90,0,0,0,0,0,0,0,0,0,0,0,0,1,2425,"202410011509"
"2","LGD",75,0,0,0,0,0,0,0,0,0,0,0,0,6,2425,"202410011509"
"3","KOR",45,0,0,0,0,0,0,0,0,0,0,0,0,2,2425,"202410011509"
"5","GKS",24,0,0,0,0,0,0,0,0,0,0,0,0,1,2425,"202410011509"
"6","PUN",26,0,0,0,0,0,0,0,0,0,0,0,0,1,2425,"202410011509"
"7","LEG",45,0,0,0,0,0,0,0,0,0,0,0,0,-1,2425,"202410011509"
"8","GÓR",90,0,1,0,0,0,0,0,0,0,0,0,0,10,2425,"202410011509"
"9","JAG",90,0,0,0,0,0,0,0,0,0,0,0,0,1,2425,"202410011509"
"9","STM",80,0,0,0,0,0,0,0,0,0,0,0,0,2,2425,"202410011509"
"10","ŚLA",17,0,0,0,0,0,0,0,0,0,0,0,0,2,2425,"202410011509"
"11","LPO",0,0,0,0,0,0,0,0,0,0,0,0,0,0,2425,"202410011509"
"12","WID",0,0,0,0,0,0,0,0,0,0,0,0,0,0,2425,"202410011509"
"13","CRA",0,0,0,0,0,0,0,0,0,0,0,0,0,0,2425,"202410011509"
"14","POG",0,0,0,0,0,0,0,0,0,0,0,0,0,0,2425,"202410011509"
"15","PIA",0,0,0,0,0,0,0,0,0,0,0,0,0,0,2425,"202410011509"
"16","ZAG",0,0,0,0,0,0,0,0,0,0,0,0,0,0,2425,"202410011509"
"17","RAD",0,0,0,0,0,0,0,0,0,0,0,0,0,0,2425,"202410011509"
"18","RCZ",0,0,0,0,0,0,0,0,0,0,0,0,0,0,2425,"202410011509"
"SUMA","EMPTY",582,0,1,0,0,0,0,0,0,0,0,0,0,25,2425,"202410011509"
"1","LEG",90,0,0,0,0,0,0,0,0,0,0,0,0,1,1455,"202410011509"
"2","POG",90,0,0,0,0,0,0,0,0,0,0,0,0,1,1455,"202410011509"
"3","PUN",90,0,0,0,0,0,0,0,0,0,0,0,0,6,1455,"202410011509"
"4","LGD",90,0,0,0,0,0,0,0,0,0,0,0,0,2,1455,"202410011509"
"5","LPO",90,0,0,0,0,0,0,0,0,0,0,0,0,2,1455,"202410011509"
"6","PIA",90,0,0,0,0,0,0,0,0,0,0,0,0,2,1455,"202410011509"
"7","GKS",90,0,0,0,0,0,0,0,0,0,0,0,0,6,1455,"202410011509"
"8","KOR",90,0,0,0,0,0,0,0,0,0,0,0,0,1,1455,"202410011509"
"9","RCZ",90,0,0,0,0,0,0,0,0,0,0,0,0,-2,1455,"202410011509"
"10","RAD",90,0,0,0,0,0,0,0,0,0,0,0,0,6,1455,"202410011509"
"11","GÓR",0,0,0,0,0,0,0,0,0,0,0,0,0,0,1455,"202410011509"
"12","JAG",0,0,0,0,0,0,0,0,0,0,0,0,0,0,1455,"202410011509"
"13","STM",0,0,0,0,0,0,0,0,0,0,0,0,0,0,1455,"202410011509"
"14","ŚLA",0,0,0,0,0,0,0,0,0,0,0,0,0,0,1455,"202410011509"
"15","WID",0,0,0,0,0,0,0,0,0,0,0,0,0,0,1455,"202410011509"
"16","MOT",0,0,0,0,0,0,0,0,0,0,0,0,0,0,1455,"202410011509"
"17","CRA",0,0,0,0,0,0,0,0,0,0,0,0,0,0,1455,"202410011509"
"18","LEG",0,0,0,0,0,0,0,0,0,0,0,0,0,0,1455,"202410011509"
"SUMA","EMPTY",900,0,0,0,0,0,0,0,0,0,0,0,0,25,1455,"202410011509"
"2023/24 - wiosna","EMPTY",1350,2,0,0,0,0,0,0,0,0,0,0,0,53,1455,"202410011509"
"2023/24 - jesień","EMPTY",1260,2,0,0,1,0,0,0,0,0,0,2,0,39,1455,"202410011509"
"2022/23 - wiosna","EMPTY",1260,0,0,0,0,0,0,0,0,0,0,2,0,44,1455,"202410011509"
"2022/23 - jesień","EMPTY",1051,0,0,0,0,0,0,0,0,0,0,1,0,30,1455,"202410011509"
"2021/22 - wiosna","EMPTY",582,0,0,0,1,0,0,0,0,0,0,1,0,10,1455,"202410011509"
"2021/22 - jesień","EMPTY",1033,0,2,0,0,0,0,0,0,0,0,2,0,31,1455,"202410011509"
"2020/21 - wiosna","EMPTY",1234,0,0,0,0,0,0,0,0,0,0,1,0,48,1455,"202410011509"
"2020/21 - jesień","EMPTY",929,1,0,0,1,0,0,1,0,0,0,2,0,19,1455,"202410011509"
"1","STM",62,0,0,0,0,0,0,0,0,0,0,0,0,2,2226,"202410011509"
"2","LPO",80,0,0,0,0,0,0,0,0,0,0,0,0,3,2226,"202410011509"
"3","CRA",63,0,0,0,0,0,0,0,0,0,0,0,0,3,2226,"202410011509"
"4","ŚLA",26,0,0,0,0,0,0,0,0,0,0,0,0,1,2226,"202410011509"
"5","POG",90,0,0,0,0,0,0,0,0,0,0,0,0,2,2226,"202410011509"
"6","RAD",60,0,0,0,0,0,0,0,0,0,0,0,0,3,2226,"202410011509"
"7","JAG",62,0,0,0,0,0,0,0,0,0,0,0,0,2,2226,"202410011509"
"8","GKS",10,0,0,0,0,0,0,0,0,0,0,0,0,1,2226,"202410011509"
"9","PIA",63,0,0,1,0,0,0,0,0,0,0,0,0,6,2226,"202410011509"
"10","LGD",45,0,0,0,0,0,0,0,0,0,0,0,0,2,2226,"202410011509"
"11","KOR",0,0,0,0,0,0,0,0,0,0,0,0,0,0,2226,"202410011509"
"12","MOT",0,0,0,0,0,0,0,0,0,0,0,0,0,0,2226,"202410011509"
"13","GÓR",0,0,0,0,0,0,0,0,0,0,0,0,0,0,2226,"202410011509"
"14","LEG",0,0,0,0,0,0,0,0,0,0,0,0,0,0,2226,"202410011509"
"15","ZAG",0,0,0,0,0,0,0,0,0,0,0,0,0,0,2226,"202410011509"
"16","PUN",0,0,0,0,0,0,0,0,0,0,0,0,0,0,2226,"202410011509"
"17","RCZ",0,0,0,0,0,0,0,0,0,0,0,0,0,0,2226,"202410011509"
"18","STM",0,0,0,0,0,0,0,0,0,0,0,0,0,0,2226,"202410011509"
"SUMA","EMPTY",561,0,0,1,0,0,0,0,0,0,0,0,0,25,2226,"202410011509"
"2023/24 - wiosna","EMPTY",303,0,0,0,0,0,1,0,0,0,0,1,0,16,2226,"202410011509"
"2023/24 - jesień","EMPTY",0,0,0,0,0,0,0,0,0,0,0,0,0,0,2226,"202410011509"
"1","GÓR",0,0,0,0,0,0,0,0,0,0,0,0,0,0,1214,"202410011509"
"2","WID",64,0,0,0,0,0,0,0,0,0,0,0,0,2,1214,"202410011509"
"3","LGD",30,0,0,0,0,0,0,0,0,0,0,0,0,2,1214,"202410011509"
"4","RCZ",57,0,0,0,0,0,0,0,0,0,0,0,0,2,1214,"202410011509"
"5","ZAG",0,0,0,0,0,0,0,0,0,0,0,0,0,0,1214,"202410011509"
"6","POG",11,0,0,0,0,0,0,0,0,0,0,0,0,2,1214,"202410011509"
"7","STM",3,0,0,0,0,0,0,0,0,0,0,0,0,2,1214,"202410011509"
"8","JAG",15,1,0,0,0,1,0,0,0,0,0,0,0,6,1214,"202410011509"
"9","ŚLA",77,1,0,0,0,0,0,0,0,0,0,0,0,7,1214,"202410011509"
"10","KOR",1,0,0,0,0,0,0,0,0,0,0,0,0,2,1214,"202410011509"
"11","MOT",0,0,0,0,0,0,0,0,0,0,0,0,0,0,1214,"202410011509"
"12","CRA",0,0,0,0,0,0,0,0,0,0,0,0,0,0,1214,"202410011509"
"13","RAD",0,0,0,0,0,0,0,0,0,0,0,0,0,0,1214,"202410011509"
"14","PUN",0,0,0,0,0,0,0,0,0,0,0,0,0,0,1214,"202410011509"
"15","LEG",0,0,0,0,0,0,0,0,0,0,0,0,0,0,1214,"202410011509"
"16","GKS",0,0,0,0,0,0,0,0,0,0,0,0,0,0,1214,"202410011509"
"17","PIA",0,0,0,0,0,0,0,0,0,0,0,0,0,0,1214,"202410011509"
"18","GÓR",0,0,0,0,0,0,0,0,0,0,0,0,0,0,1214,"202410011509"
"SUMA","EMPTY",258,2,0,0,0,1,0,0,0,0,0,0,0,25,1214,"202410011509"
"2023/24 - wiosna","EMPTY",1042,2,1,0,0,1,0,0,0,0,0,2,0,39,1214,"202410011509"
"2023/24 - jesień","EMPTY",497,1,1,0,0,0,1,0,0,0,0,2,0,34,1214,"202410011509"
"2022/23 - wiosna","EMPTY",435,0,0,0,0,0,0,0,0,0,0,1,0,14,1214,"202410011509"
"2022/23 - jesień","EMPTY",722,2,2,0,0,0,0,0,0,0,0,2,0,41,1214,"202410011509"
"2021/22 - wiosna","EMPTY",0,0,0,0,0,0,0,0,0,0,0,0,0,0,1214,"202410011509"
"2021/22 - jesień","EMPTY",0,0,0,0,0,0,0,0,0,0,0,0,0,0,1214,"202410011509"
"2020/21 - wiosna","EMPTY",349,0,0,0,0,0,0,0,0,0,0,0,0,16,1214,"202410011509"
"2020/21 - jesień","EMPTY",8,0,0,0,0,0,0,0,0,0,0,0,0,1,1214,"202410011509"
"2019/20 - wiosna","EMPTY",49,0,0,0,0,0,0,0,0,0,0,0,0,7,1214,"202410011509"
"2019/20 - jesień","EMPTY",0,0,0,0,0,0,0,0,0,0,0,0,0,0,1214,"202410011509"
"1","LGD",14,1,0,0,0,0,0,0,0,0,0,0,0,7,2342,"202410011509"
"2","PIA",90,0,0,0,0,0,0,0,0,0,0,0,0,1,2342,"202410011509"
"4","WID",90,0,0,0,0,0,0,0,0,0,0,0,0,5,2342,"202410011509"
"5","KOR",89,0,0,0,0,0,0,0,0,0,0,0,0,2,2342,"202410011509"
"6","LEG",90,1,0,0,0,0,0,0,0,0,0,0,0,9,2342,"202410011509"
"7","POG",59,0,0,0,0,0,0,0,0,0,0,1,0,-1,2342,"202410011509"
"8","STM",0,0,0,0,0,0,0,0,0,0,0,0,0,0,2342,"202410011509"
"9","LPO",13,0,0,0,0,0,0,0,0,0,0,0,0,1,2342,"202410011509"
"10","MOT",12,0,0,0,0,0,0,0,0,0,0,0,0,0,2342,"202410011509"
"11","CRA",0,0,0,0,0,0,0,0,0,0,0,0,0,0,2342,"202410011509"
"12","GKS",0,0,0,0,0,0,0,0,0,0,0,0,0,0,2342,"202410011509"
"13","RCZ",0,0,0,0,0,0,0,0,0,0,0,0,0,0,2342,"202410011509"
"14","ZAG",0,0,0,0,0,0,0,0,0,0,0,0,0,0,2342,"202410011509"
"15","GÓR",0,0,0,0,0,0,0,0,0,0,0,0,0,0,2342,"202410011509"
"16","JAG",0,0,0,0,0,0,0,0,0,0,0,0,0,0,2342,"202410011509"
"17","PUN",0,0,0,0,0,0,0,0,0,0,0,0,0,0,2342,"202410011509"
"18","RAD",0,0,0,0,0,0,0,0,0,0,0,0,0,0,2342,"202410011509"
"18","LGD",0,0,0,0,0,0,0,0,0,0,0,0,0,0,2342,"202410011509"
"SUMA","EMPTY",457,2,0,0,0,0,0,0,0,0,0,1,0,24,2342,"202410011509"
"2023/24 - wiosna","EMPTY",160,0,0,0,0,0,0,0,0,0,0,0,0,8,2342,"202410011509"
"1","RCZ",78,0,0,0,0,0,0,0,0,0,0,0,0,2,2417,"202410011509"
"2","LGD",90,0,0,0,0,0,0,0,0,0,0,1,0,6,2417,"202410011509"
"3","KOR",90,0,0,0,0,0,0,0,0,0,0,0,0,2,2417,"202410011509"
"5","GKS",90,0,0,0,0,0,0,0,0,0,0,0,0,5,2417,"202410011509"
"6","PUN",90,0,0,0,0,0,0,0,0,0,0,0,0,5,2417,"202410011509"
"7","LEG",90,0,0,0,0,0,0,0,0,0,0,0,0,-2,2417,"202410011509"
"8","GÓR",24,0,0,0,0,0,0,0,0,0,0,0,0,2,2417,"202410011509"
"9","JAG",0,0,0,0,0,0,0,0,0,0,0,0,0,0,2417,"202410011509"
"9","STM",74,0,0,0,0,0,0,0,0,0,0,0,0,2,2417,"202410011509"
"10","ŚLA",17,0,0,0,0,0,0,0,0,0,0,0,0,2,2417,"202410011509"
"11","LPO",0,0,0,0,0,0,0,0,0,0,0,0,0,0,2417,"202410011509"
"12","WID",0,0,0,0,0,0,0,0,0,0,0,0,0,0,2417,"202410011509"
"13","CRA",0,0,0,0,0,0,0,0,0,0,0,0,0,0,2417,"202410011509"
"14","POG",0,0,0,0,0,0,0,0,0,0,0,0,0,0,2417,"202410011509"
"15","PIA",0,0,0,0,0,0,0,0,0,0,0,0,0,0,2417,"202410011509"
"16","ZAG",0,0,0,0,0,0,0,0,0,0,0,0,0,0,2417,"202410011509"
"17","RAD",0,0,0,0,0,0,0,0,0,0,0,0,0,0,2417,"202410011509"
"18","RCZ",0,0,0,0,0,0,0,0,0,0,0,0,0,0,2417,"202410011509"
"SUMA","EMPTY",643,0,0,0,0,0,0,0,0,0,0,1,0,24,2417,"202410011509"
"1","PUN",90,0,1,0,0,0,0,0,0,0,0,0,0,11,2189,"202410011509"
"2","RAD",90,0,0,0,0,0,0,0,0,0,0,0,0,2,2189,"202410011509"
"3","STM",0,0,0,0,0,0,0,0,0,0,0,0,0,0,2189,"202410011509"
"5","CRA",90,0,0,0,0,0,0,0,0,0,0,0,0,-1,2189,"202410011509"
"6","GKS",0,0,0,0,0,0,0,0,0,0,0,0,0,0,2189,"202410011509"
"7","WID",90,0,0,0,0,0,0,0,0,0,0,0,0,6,2189,"202410011509"
"8","LPO",38,0,0,0,0,0,0,0,0,0,0,0,1,-5,2189,"202410011509"
"9","MOT",90,0,0,0,0,0,0,0,0,0,0,1,0,5,2189,"202410011509"
"9","LGD",0,0,0,0,0,0,0,0,0,0,0,0,0,0,2189,"202410011509"
"10","PIA",90,0,0,0,0,0,0,0,0,0,0,0,0,6,2189,"202410011509"
"11","LEG",0,0,0,0,0,0,0,0,0,0,0,0,0,0,2189,"202410011509"
"12","ZAG",0,0,0,0,0,0,0,0,0,0,0,0,0,0,2189,"202410011509"
"13","KOR",0,0,0,0,0,0,0,0,0,0,0,0,0,0,2189,"202410011509"
"14","GÓR",0,0,0,0,0,0,0,0,0,0,0,0,0,0,2189,"202410011509"
"15","RCZ",0,0,0,0,0,0,0,0,0,0,0,0,0,0,2189,"202410011509"
"16","ŚLA",0,0,0,0,0,0,0,0,0,0,0,0,0,0,2189,"202410011509"
"17","POG",0,0,0,0,0,0,0,0,0,0,0,0,0,0,2189,"202410011509"
"18","PUN",0,0,0,0,0,0,0,0,0,0,0,0,0,0,2189,"202410011509"
"SUMA","EMPTY",578,0,1,0,0,0,0,0,0,0,0,1,1,24,2189,"202410011509"
"2023/24 - wiosna","EMPTY",1006,0,0,0,0,0,0,0,0,0,0,6,1,27,2189,"202410011509"
"2023/24 - jesień","EMPTY",1620,0,2,0,0,0,0,1,0,0,0,3,0,49,2189,"202410011509"
"1","ZAG",78,0,0,0,0,0,0,0,0,0,0,0,0,7,2191,"202410011509"
"2","KOR",90,0,0,0,0,0,0,0,0,0,0,0,0,6,2191,"202410011509"
"3","PIA",90,0,0,0,0,0,0,0,0,0,0,0,0,1,2191,"202410011509"
"4","PUN",10,0,0,0,0,0,0,0,0,0,0,0,0,1,2191,"202410011509"
"5","RAD",0,0,0,0,0,0,0,0,0,0,0,0,0,0,2191,"202410011509"
"6","ŚLA",45,0,0,0,0,0,0,0,0,0,0,0,0,1,2191,"202410011509"
"7","MOT",0,0,0,0,0,0,0,0,0,0,0,0,0,0,2191,"202410011509"
"8","RCZ",0,0,0,0,0,0,0,0,0,0,0,0,0,0,2191,"202410011509"
"9","POG",0,0,0,0,0,0,0,0,0,0,0,0,0,0,2191,"202410011509"
"10","GÓR",90,1,0,0,0,0,0,0,0,0,0,0,0,8,2191,"202410011509"
"11","JAG",0,0,0,0,0,0,0,0,0,0,0,0,0,0,2191,"202410011509"
"12","LGD",0,0,0,0,0,0,0,0,0,0,0,0,0,0,2191,"202410011509"
"13","GKS",0,0,0,0,0,0,0,0,0,0,0,0,0,0,2191,"202410011509"
"14","WID",0,0,0,0,0,0,0,0,0,0,0,0,0,0,2191,"202410011509"
"15","LPO",0,0,0,0,0,0,0,0,0,0,0,0,0,0,2191,"202410011509"
"16","CRA",0,0,0,0,0,0,0,0,0,0,0,0,0,0,2191,"202410011509"
"17","STM",0,0,0,0,0,0,0,0,0,0,0,0,0,0,2191,"202410011509"
"18","ZAG",0,0,0,0,0,0,0,0,0,0,0,0,0,0,2191,"202410011509"
"SUMA","EMPTY",403,1,0,0,0,0,0,0,0,0,0,0,0,24,2191,"202410011509"
"2023/24 - wiosna","EMPTY",980,1,1,1,0,0,0,1,0,0,0,4,0,43,2191,"202410011509"
"2023/24 - jesień","EMPTY",1005,1,2,0,0,0,0,1,0,0,0,3,0,50,2191,"202410011509"
"1","ŚLA",3,0,0,0,0,0,0,0,0,0,0,0,0,1,1334,"202410011509"
"2","MOT",14,0,0,0,0,0,0,0,0,0,0,0,0,1,1334,"202410011509"
"3","LPO",45,0,0,0,0,0,0,0,0,0,0,0,0,1,1334,"202410011509"
"4","ZAG",90,0,0,0,0,0,0,0,0,0,0,0,0,2,1334,"202410011509"
"5","PUN",80,0,0,0,0,0,0,0,0,0,0,0,0,0,1334,"202410011509"
"6","RCZ",88,0,0,0,0,0,0,0,0,0,0,0,0,2,1334,"202410011509"
"7","GÓR",83,0,1,0,0,0,0,0,0,0,0,0,0,6,1334,"202410011509"
"8","RAD",90,0,0,0,0,0,0,0,0,0,0,1,0,5,1334,"202410011509"
"9","JAG",90,0,1,0,0,0,0,0,0,0,0,0,0,4,1334,"202410011509"
"10","WID",90,0,0,0,0,0,0,0,0,0,0,1,0,1,1334,"202410011509"
"11","STM",0,0,0,0,0,0,0,0,0,0,0,0,0,0,1334,"202410011509"
"12","LEG",0,0,0,0,0,0,0,0,0,0,0,0,0,0,1334,"202410011509"
"13","PIA",0,0,0,0,0,0,0,0,0,0,0,0,0,0,1334,"202410011509"
"14","CRA",0,0,0,0,0,0,0,0,0,0,0,0,0,0,1334,"202410011509"
"15","KOR",0,0,0,0,0,0,0,0,0,0,0,0,0,0,1334,"202410011509"
"16","POG",0,0,0,0,0,0,0,0,0,0,0,0,0,0,1334,"202410011509"
"17","GKS",0,0,0,0,0,0,0,0,0,0,0,0,0,0,1334,"202410011509"
"18","ŚLA",0,0,0,0,0,0,0,0,0,0,0,0,0,0,1334,"202410011509"
"SUMA","EMPTY",673,0,2,0,0,0,0,0,0,0,0,2,0,23,1334,"202410011509"
"2022/23 - wiosna","EMPTY",315,0,0,0,0,0,0,0,0,0,0,0,0,11,1334,"202410011509"
"2022/23 - jesień","EMPTY",1075,0,1,0,0,0,1,0,0,0,0,3,0,41,1334,"202410011509"
"2021/22 - wiosna","EMPTY",821,0,1,0,0,0,0,0,0,0,0,2,0,35,1334,"202410011509"
"2021/22 - jesień","EMPTY",1347,1,2,0,0,0,0,0,0,0,0,4,0,55,1334,"202410011509"
"2020/21 - wiosna","EMPTY",951,1,0,0,0,0,1,0,0,0,0,3,0,36,1334,"202410011509"
"2020/21 - jesień","EMPTY",729,2,3,0,0,0,0,0,0,0,0,1,0,47,1334,"202410011509"
"2019/20 - wiosna","EMPTY",638,1,5,0,0,0,2,0,0,0,0,2,1,49,1334,"202410011509"
"1","PUN",90,0,0,0,0,0,0,0,0,0,0,0,0,6,2104,"202410011509"
"2","RAD",89,0,0,0,0,0,0,0,0,0,0,0,0,2,2104,"202410011509"
"3","STM",90,0,0,0,0,0,0,0,0,0,0,0,0,6,2104,"202410011509"
"5","CRA",76,0,0,0,0,0,0,0,0,0,0,0,0,0,2104,"202410011509"
"6","GKS",66,0,0,0,0,0,0,0,0,0,0,0,0,2,2104,"202410011509"
"7","WID",89,0,0,0,0,0,0,0,0,0,0,1,0,5,2104,"202410011509"
"8","LPO",90,0,0,0,0,0,0,1,0,0,0,0,0,-4,2104,"202410011509"
"9","MOT",79,0,0,0,0,0,0,0,0,0,0,1,0,5,2104,"202410011509"
"9","LGD",90,0,0,0,0,0,0,0,0,0,0,1,0,1,2104,"202410011509"
"10","PIA",0,0,0,0,0,0,0,0,0,0,0,0,0,0,2104,"202410011509"
"11","LEG",0,0,0,0,0,0,0,0,0,0,0,0,0,0,2104,"202410011509"
"12","ZAG",0,0,0,0,0,0,0,0,0,0,0,0,0,0,2104,"202410011509"
"13","KOR",0,0,0,0,0,0,0,0,0,0,0,0,0,0,2104,"202410011509"
"14","GÓR",0,0,0,0,0,0,0,0,0,0,0,0,0,0,2104,"202410011509"
"15","RCZ",0,0,0,0,0,0,0,0,0,0,0,0,0,0,2104,"202410011509"
"16","ŚLA",0,0,0,0,0,0,0,0,0,0,0,0,0,0,2104,"202410011509"
"17","POG",0,0,0,0,0,0,0,0,0,0,0,0,0,0,2104,"202410011509"
"18","PUN",0,0,0,0,0,0,0,0,0,0,0,0,0,0,2104,"202410011509"
"SUMA","EMPTY",759,0,0,0,0,0,0,1,0,0,0,3,0,23,2104,"202410011509"
"2023/24 - wiosna","EMPTY",1226,1,1,0,0,0,0,0,0,0,0,5,0,46,2104,"202410011509"
"2023/24 - jesień","EMPTY",1508,0,0,0,0,0,0,2,0,0,0,2,0,47,2104,"202410011509"
"2022/23 - wiosna","EMPTY",1008,0,2,0,0,0,0,0,0,0,0,2,0,36,2104,"202410011509"
"1","PIA",45,0,0,0,0,0,0,0,0,0,0,0,0,2,2262,"202410011509"
"2","RCZ",0,0,0,0,0,0,0,0,0,0,0,0,0,0,2262,"202410011509"
"3","WID",83,0,0,0,0,0,0,0,0,0,0,1,0,1,2262,"202410011509"
"4","KOR",81,0,0,0,0,0,0,0,0,0,0,0,0,4,2262,"202410011509"
"5","JAG",79,0,0,0,0,0,0,0,0,0,0,1,0,2,2262,"202410011509"
"6","GÓR",87,1,0,0,0,0,0,0,0,0,0,0,0,9,2262,"202410011509"
"7","RAD",52,0,0,0,0,0,0,0,0,0,0,0,0,2,2262,"202410011509"
"8","POG",23,0,0,0,0,0,0,0,0,0,0,1,0,1,2262,"202410011509"
"9","PUN",69,0,0,0,0,0,0,0,0,0,0,1,0,2,2262,"202410011509"
"10","STM",0,0,0,0,0,0,0,0,0,0,0,0,0,0,2262,"202410011509"
"11","ŚLA",0,0,0,0,0,0,0,0,0,0,0,0,0,0,2262,"202410011509"
"12","LPO",0,0,0,0,0,0,0,0,0,0,0,0,0,0,2262,"202410011509"
"13","MOT",0,0,0,0,0,0,0,0,0,0,0,0,0,0,2262,"202410011509"
"14","LGD",0,0,0,0,0,0,0,0,0,0,0,0,0,0,2262,"202410011509"
"15","GKS",0,0,0,0,0,0,0,0,0,0,0,0,0,0,2262,"202410011509"
"16","LEG",0,0,0,0,0,0,0,0,0,0,0,0,0,0,2262,"202410011509"
"17","ZAG",0,0,0,0,0,0,0,0,0,0,0,0,0,0,2262,"202410011509"
"18","PIA",0,0,0,0,0,0,0,0,0,0,0,0,0,0,2262,"202410011509"
"SUMA","EMPTY",519,1,0,0,0,0,0,0,0,0,0,4,0,23,2262,"202410011509"
"2023/24 - wiosna","EMPTY",198,0,1,0,0,0,0,0,0,0,0,1,0,13,2262,"202410011509"
"2023/24 - jesień","EMPTY",64,0,0,0,0,0,0,0,0,0,0,0,0,3,2262,"202410011509"
"1","RAD",90,0,0,0,0,0,0,0,0,0,0,0,0,1,994,"202410011509"
"2","STM",90,0,0,0,0,0,0,0,0,0,0,0,0,6,994,"202410011509"
"3","RCZ",90,0,0,0,0,0,0,0,0,0,0,0,0,2,994,"202410011509"
"4","PIA",0,0,0,0,0,0,0,0,0,0,0,0,0,0,994,"202410011509"
"5","MOT",90,0,0,0,0,0,0,0,0,0,0,0,0,5,994,"202410011509"
"6","JAG",90,0,0,0,0,0,0,0,0,0,0,0,0,3,994,"202410011509"
"7","ZAG",90,0,0,0,0,0,0,0,0,0,0,0,0,2,994,"202410011509"
"8","WID",90,0,0,0,0,0,0,0,0,0,0,0,0,1,994,"202410011509"
"9","GÓR",0,0,0,0,0,0,0,0,0,0,0,0,0,0,994,"202410011509"
"10","POG",90,0,0,0,0,0,0,0,0,0,0,0,0,3,994,"202410011509"
"11","PUN",0,0,0,0,0,0,0,0,0,0,0,0,0,0,994,"202410011509"
"12","ŚLA",0,0,0,0,0,0,0,0,0,0,0,0,0,0,994,"202410011509"
"13","LEG",0,0,0,0,0,0,0,0,0,0,0,0,0,0,994,"202410011509"
"14","KOR",0,0,0,0,0,0,0,0,0,0,0,0,0,0,994,"202410011509"
"15","CRA",0,0,0,0,0,0,0,0,0,0,0,0,0,0,994,"202410011509"
"16","LPO",0,0,0,0,0,0,0,0,0,0,0,0,0,0,994,"202410011509"
"17","LGD",0,0,0,0,0,0,0,0,0,0,0,0,0,0,994,"202410011509"
"18","RAD",0,0,0,0,0,0,0,0,0,0,0,0,0,0,994,"202410011509"
"SUMA","EMPTY",720,0,0,0,0,0,0,0,0,0,0,0,0,23,994,"202410011509"
"2021/22 - wiosna","EMPTY",0,0,0,0,0,0,0,0,0,0,0,0,0,0,994,"202410011509"
"2021/22 - jesień","EMPTY",0,0,0,0,0,0,0,0,0,0,0,0,0,0,994,"202410011509"
"2020/21 - wiosna","EMPTY",0,0,0,0,0,0,0,0,0,0,0,0,0,0,994,"202410011509"
"2020/21 - jesień","EMPTY",248,0,0,0,1,0,0,1,0,0,0,0,0,4,994,"202410011509"
"2019/20 - wiosna","EMPTY",1308,0,0,0,0,0,0,1,0,0,0,4,0,39,994,"202410011509"
"2019/20 - jesień","EMPTY",1595,1,0,0,0,0,0,0,0,0,0,7,0,45,994,"202410011509"
"2018/19 - wiosna","EMPTY",696,0,0,0,0,0,1,1,0,0,0,2,0,17,994,"202410011509"
"2018/19 - jesień","EMPTY",541,1,0,0,0,0,0,0,0,0,0,4,0,21,994,"202410011509"
"1","MOT",90,0,0,0,0,0,0,0,0,0,0,0,0,6,10,"202410011509"
"2","CRA",90,0,0,0,0,0,0,0,0,0,0,1,0,1,10,"202410011509"
"3","GKS",90,0,0,0,0,0,0,0,0,0,0,0,0,6,10,"202410011509"
"4","LPO",90,0,0,0,0,0,0,0,0,0,0,0,0,5,10,"202410011509"
"5","GÓR",45,0,0,0,0,0,0,0,0,0,0,1,0,1,10,"202410011509"
"6","LGD",23,0,0,0,0,0,0,0,0,0,0,0,0,3,10,"202410011509"
"7","PIA",0,0,0,0,0,0,0,0,0,0,0,0,0,0,10,"202410011509"
"8","LEG",0,0,0,0,0,0,0,0,0,0,0,0,0,0,10,"202410011509"
"9","ZAG",0,0,0,0,0,0,0,0,0,0,0,0,0,0,10,"202410011509"
"10","PUN",0,0,0,0,0,0,0,0,0,0,0,0,0,0,10,"202410011509"
"11","RAD",0,0,0,0,0,0,0,0,0,0,0,0,0,0,10,"202410011509"
"12","POG",0,0,0,0,0,0,0,0,0,0,0,0,0,0,10,"202410011509"
"13","ŚLA",0,0,0,0,0,0,0,0,0,0,0,0,0,0,10,"202410011509"
"14","STM",0,0,0,0,0,0,0,0,0,0,0,0,0,0,10,"202410011509"
"15","JAG",0,0,0,0,0,0,0,0,0,0,0,0,0,0,10,"202410011509"
"16","KOR",0,0,0,0,0,0,0,0,0,0,0,0,0,0,10,"202410011509"
"17","WID",0,0,0,0,0,0,0,0,0,0,0,0,0,0,10,"202410011509"
"18","MOT",0,0,0,0,0,0,0,0,0,0,0,0,0,0,10,"202410011509"
"SUMA","EMPTY",428,0,0,0,0,0,0,0,0,0,0,2,0,22,10,"202410011509"
"2023/24 - wiosna","EMPTY",133,0,0,0,0,0,0,0,0,0,0,1,0,4,10,"202410011509"
"2023/24 - jesień","EMPTY",135,0,0,0,0,0,0,0,0,0,0,0,0,7,10,"202410011509"
"2022/23 - wiosna","EMPTY",0,0,0,0,0,0,0,0,0,0,0,0,0,0,10,"202410011509"
"2022/23 - jesień","EMPTY",424,0,0,0,1,0,0,0,0,0,0,0,0,23,10,"202410011509"
"2021/22 - wiosna","EMPTY",826,4,0,0,0,0,0,0,0,0,0,3,0,55,10,"202410011509"
"2021/22 - jesień","EMPTY",1336,0,3,0,0,0,0,0,0,0,0,1,0,48,10,"202410011509"
"2020/21 - wiosna","EMPTY",0,0,0,0,0,0,0,0,0,0,0,0,0,0,10,"202410011509"
"2020/21 - jesień","EMPTY",42,0,0,0,0,0,0,0,0,0,0,0,0,3,10,"202410011509"
"2019/20 - wiosna","EMPTY",1226,1,0,0,0,0,0,0,0,0,0,3,0,30,10,"202410011509"
"2019/20 - jesień","EMPTY",730,1,0,0,0,0,0,0,0,0,0,2,0,49,10,"202410011509"
"2018/19 - wiosna","EMPTY",0,0,0,0,0,0,0,0,0,0,0,0,0,0,10,"202410011509"
"2018/19 - jesień","EMPTY",226,0,0,0,0,0,0,0,0,0,0,0,0,6,10,"202410011509"
"2017/18 - wiosna","EMPTY",666,0,1,0,0,0,0,0,0,0,0,2,0,34,10,"202410011509"
"2017/18 - jesień","EMPTY",1020,0,1,0,0,0,0,0,0,0,0,4,0,30,10,"202410011509"
"2016/17 - wiosna","EMPTY",12,0,0,0,0,0,0,0,0,0,0,0,0,1,10,"202410011509"
"2016/17 - jesień","EMPTY",0,0,0,0,0,0,0,0,0,0,0,0,0,0,10,"202410011509"
"1","ŚLA",0,0,0,0,0,0,0,0,0,0,0,0,0,0,2406,"202410011509"
"2","MOT",0,0,0,0,0,0,0,0,0,0,0,0,0,0,2406,"202410011509"
"3","LPO",76,0,0,0,0,0,0,0,0,0,0,0,0,2,2406,"202410011509"
"4","ZAG",67,0,1,0,0,0,0,0,0,0,0,0,0,5,2406,"202410011509"
"5","PUN",90,0,0,0,0,0,0,0,0,0,0,0,0,2,2406,"202410011509"
"6","RCZ",81,0,0,0,0,0,0,0,0,0,0,1,0,1,2406,"202410011509"
"7","GÓR",0,0,0,0,0,0,0,0,0,0,0,0,0,0,2406,"202410011509"
"8","RAD",89,0,0,0,0,0,0,0,0,0,0,0,0,4,2406,"202410011509"
"9","JAG",90,1,0,0,0,0,0,0,0,0,0,0,0,7,2406,"202410011509"
"10","WID",90,0,0,0,0,0,0,0,0,0,0,1,0,1,2406,"202410011509"
"11","STM",0,0,0,0,0,0,0,0,0,0,0,0,0,0,2406,"202410011509"
"12","LEG",0,0,0,0,0,0,0,0,0,0,0,0,0,0,2406,"202410011509"
"13","PIA",0,0,0,0,0,0,0,0,0,0,0,0,0,0,2406,"202410011509"
"14","CRA",0,0,0,0,0,0,0,0,0,0,0,0,0,0,2406,"202410011509"
"15","KOR",0,0,0,0,0,0,0,0,0,0,0,0,0,0,2406,"202410011509"
"16","POG",0,0,0,0,0,0,0,0,0,0,0,0,0,0,2406,"202410011509"
"17","GKS",0,0,0,0,0,0,0,0,0,0,0,0,0,0,2406,"202410011509"
"18","ŚLA",0,0,0,0,0,0,0,0,0,0,0,0,0,0,2406,"202410011509"
"SUMA","EMPTY",583,1,1,0,0,0,0,0,0,0,0,2,0,22,2406,"202410011509"
"1","POG",90,0,0,0,0,0,0,0,0,0,0,0,0,1,1400,"202410011509"
"2","LEG",90,0,0,0,0,0,0,0,0,0,0,0,0,2,1400,"202410011509"
"3","MOT",90,0,0,0,0,0,0,1,0,0,0,1,0,0,1400,"202410011509"
"4","CRA",90,0,0,0,0,0,0,0,0,0,0,0,0,1,1400,"202410011509"
"5","ŚLA",90,0,0,0,0,0,0,0,0,0,0,0,0,3,1400,"202410011509"
"6","STM",90,0,0,0,0,0,0,0,0,0,0,0,0,3,1400,"202410011509"
"7","PUN",90,0,0,0,0,0,0,0,0,0,0,0,0,7,1400,"202410011509"
"8","ZAG",90,0,0,0,0,0,0,0,0,0,0,0,0,7,1400,"202410011509"
"9","RAD",90,0,0,0,0,0,0,0,0,0,0,1,0,-2,1400,"202410011509"
"10","LPO",90,0,0,0,0,0,0,0,0,0,0,0,0,0,1400,"202410011509"
"11","WID",0,0,0,0,0,0,0,0,0,0,0,0,0,0,1400,"202410011509"
"12","PIA",0,0,0,0,0,0,0,0,0,0,0,0,0,0,1400,"202410011509"
"13","JAG",0,0,0,0,0,0,0,0,0,0,0,0,0,0,1400,"202410011509"
"14","GKS",0,0,0,0,0,0,0,0,0,0,0,0,0,0,1400,"202410011509"
"15","LGD",0,0,0,0,0,0,0,0,0,0,0,0,0,0,1400,"202410011509"
"16","RCZ",0,0,0,0,0,0,0,0,0,0,0,0,0,0,1400,"202410011509"
"17","GÓR",0,0,0,0,0,0,0,0,0,0,0,0,0,0,1400,"202410011509"
"18","POG",0,0,0,0,0,0,0,0,0,0,0,0,0,0,1400,"202410011509"
"SUMA","EMPTY",900,0,0,0,0,0,0,1,0,0,0,2,0,22,1400,"202410011509"
"2023/24 - wiosna","EMPTY",1170,0,0,0,0,0,0,0,0,0,0,0,0,35,1400,"202410011509"
"2023/24 - jesień","EMPTY",1440,0,0,0,0,0,0,0,0,0,0,0,0,49,1400,"202410011509"
"2022/23 - wiosna","EMPTY",0,0,0,0,0,0,0,0,0,0,0,0,0,0,1400,"202410011509"
"2022/23 - jesień","EMPTY",0,0,0,0,0,0,0,0,0,0,0,0,0,0,1400,"202410011509"
"2021/22 - wiosna","EMPTY",0,0,0,0,0,0,0,0,0,0,0,0,0,0,1400,"202410011509"
"2021/22 - jesień","EMPTY",994,0,0,0,0,0,0,0,0,0,0,0,0,20,1400,"202410011509"
"2020/21 - wiosna","EMPTY",1406,0,0,0,0,0,0,0,0,0,0,0,0,40,1400,"202410011509"
"2020/21 - jesień","EMPTY",95,0,0,0,0,0,0,0,0,0,0,0,0,8,1400,"202410011509"
"2019/20 - wiosna","EMPTY",189,0,0,0,0,0,0,0,0,0,0,0,0,3,1400,"202410011509"
"1","RAD",19,1,0,0,0,0,0,0,0,0,0,0,0,6,1424,"202410011509"
"2","STM",28,0,0,0,0,0,0,0,0,0,0,0,0,2,1424,"202410011509"
"3","RCZ",25,0,0,0,0,0,0,0,0,0,0,0,0,1,1424,"202410011509"
"4","PIA",1,0,0,0,0,0,0,0,0,0,0,0,0,1,1424,"202410011509"
"5","MOT",15,0,0,0,0,0,0,0,0,0,0,0,0,1,1424,"202410011509"
"6","JAG",9,0,0,0,0,0,0,0,0,0,0,0,0,2,1424,"202410011509"
"7","ZAG",11,0,0,0,0,0,0,0,0,0,0,0,0,1,1424,"202410011509"
"8","WID",1,0,0,0,0,0,0,0,0,0,0,0,0,1,1424,"202410011509"
"9","GÓR",0,0,0,0,0,0,0,0,0,0,0,0,0,0,1424,"202410011509"
"10","POG",17,1,0,0,0,0,0,0,0,0,0,0,0,7,1424,"202410011509"
"11","PUN",0,0,0,0,0,0,0,0,0,0,0,0,0,0,1424,"202410011509"
"12","ŚLA",0,0,0,0,0,0,0,0,0,0,0,0,0,0,1424,"202410011509"
"13","LEG",0,0,0,0,0,0,0,0,0,0,0,0,0,0,1424,"202410011509"
"14","KOR",0,0,0,0,0,0,0,0,0,0,0,0,0,0,1424,"202410011509"
"15","CRA",0,0,0,0,0,0,0,0,0,0,0,0,0,0,1424,"202410011509"
"16","LPO",0,0,0,0,0,0,0,0,0,0,0,0,0,0,1424,"202410011509"
"17","LGD",0,0,0,0,0,0,0,0,0,0,0,0,0,0,1424,"202410011509"
"18","RAD",0,0,0,0,0,0,0,0,0,0,0,0,0,0,1424,"202410011509"
"SUMA","EMPTY",126,2,0,0,0,0,0,0,0,0,0,0,0,22,1424,"202410011509"
"2020/21 - wiosna","EMPTY",288,0,0,0,0,0,0,0,0,0,0,0,0,12,1424,"202410011509"
"2020/21 - jesień","EMPTY",435,1,0,0,0,0,0,0,0,0,0,1,0,20,1424,"202410011509"
"1","RCZ",12,0,0,0,0,0,0,0,0,0,0,0,0,1,2456,"202410011509"
"2","LGD",0,0,0,0,0,0,0,0,0,0,0,0,0,0,2456,"202410011509"
"3","KOR",0,0,0,0,0,0,0,0,0,0,0,0,0,0,2456,"202410011509"
"5","GKS",0,0,0,0,0,0,0,0,0,0,0,0,0,0,2456,"202410011509"
"6","PUN",0,0,0,0,0,0,0,0,0,0,0,0,0,0,2456,"202410011509"
"7","LEG",26,0,0,0,0,0,0,0,0,0,0,0,0,1,2456,"202410011509"
"8","GÓR",66,1,0,0,0,0,0,0,0,0,0,0,0,10,2456,"202410011509"
"9","JAG",30,0,0,0,0,0,0,0,0,0,0,0,0,1,2456,"202410011509"
"9","STM",62,0,0,0,0,0,0,0,0,0,0,0,0,2,2456,"202410011509"
"10","ŚLA",29,1,0,0,0,0,0,0,0,0,0,0,0,7,2456,"202410011509"
"11","LPO",0,0,0,0,0,0,0,0,0,0,0,0,0,0,2456,"202410011509"
"12","WID",0,0,0,0,0,0,0,0,0,0,0,0,0,0,2456,"202410011509"
"13","CRA",0,0,0,0,0,0,0,0,0,0,0,0,0,0,2456,"202410011509"
"14","POG",0,0,0,0,0,0,0,0,0,0,0,0,0,0,2456,"202410011509"
"15","PIA",0,0,0,0,0,0,0,0,0,0,0,0,0,0,2456,"202410011509"
"16","ZAG",0,0,0,0,0,0,0,0,0,0,0,0,0,0,2456,"202410011509"
"17","RAD",0,0,0,0,0,0,0,0,0,0,0,0,0,0,2456,"202410011509"
"18","RCZ",0,0,0,0,0,0,0,0,0,0,0,0,0,0,2456,"202410011509"
"SUMA","EMPTY",225,2,0,0,0,0,0,0,0,0,0,0,0,22,2456,"202410011509"
"1","PIA",45,0,0,0,0,0,0,0,0,0,0,1,0,0,2462,"202410011509"
"2","RCZ",68,0,1,0,0,0,0,0,0,0,0,1,0,6,2462,"202410011509"
"3","WID",15,0,0,0,0,0,0,0,0,0,0,0,0,1,2462,"202410011509"
"4","KOR",26,0,0,0,0,0,0,0,0,0,0,0,0,2,2462,"202410011509"
"5","JAG",30,0,0,0,0,0,0,0,0,0,0,0,0,2,2462,"202410011509"
"6","GÓR",65,0,0,0,0,0,0,0,0,0,0,0,0,3,2462,"202410011509"
"7","RAD",21,0,0,0,0,0,0,0,0,0,0,0,0,1,2462,"202410011509"
"8","POG",7,0,1,0,0,0,0,0,0,0,0,0,0,5,2462,"202410011509"
"9","PUN",8,0,0,0,0,0,0,0,0,0,0,0,0,2,2462,"202410011509"
"10","STM",0,0,0,0,0,0,0,0,0,0,0,0,0,0,2462,"202410011509"
"11","ŚLA",0,0,0,0,0,0,0,0,0,0,0,0,0,0,2462,"202410011509"
"12","LPO",0,0,0,0,0,0,0,0,0,0,0,0,0,0,2462,"202410011509"
"13","MOT",0,0,0,0,0,0,0,0,0,0,0,0,0,0,2462,"202410011509"
"14","LGD",0,0,0,0,0,0,0,0,0,0,0,0,0,0,2462,"202410011509"
"15","GKS",0,0,0,0,0,0,0,0,0,0,0,0,0,0,2462,"202410011509"
"16","LEG",0,0,0,0,0,0,0,0,0,0,0,0,0,0,2462,"202410011509"
"17","ZAG",0,0,0,0,0,0,0,0,0,0,0,0,0,0,2462,"202410011509"
"18","PIA",0,0,0,0,0,0,0,0,0,0,0,0,0,0,2462,"202410011509"
"SUMA","EMPTY",285,0,2,0,0,0,0,0,0,0,0,2,0,22,2462,"202410011509"
"2","KOR",0,0,0,0,0,0,0,0,0,0,0,0,0,0,2471,"202410011509"
"3","PIA",35,0,0,0,0,0,0,0,0,0,0,0,0,1,2471,"202410011509"
"4","PUN",24,0,0,0,0,0,0,0,0,0,0,0,0,1,2471,"202410011509"
"5","RAD",64,0,1,0,0,0,0,0,0,0,0,0,0,6,2471,"202410011509"
"6","ŚLA",23,0,0,0,0,0,0,0,0,0,0,0,0,1,2471,"202410011509"
"7","MOT",58,1,1,0,0,0,0,0,0,0,0,0,0,10,2471,"202410011509"
"8","RCZ",62,0,0,0,0,0,0,0,0,0,0,1,0,1,2471,"202410011509"
"9","POG",22,0,0,0,0,0,0,0,0,0,0,0,0,1,2471,"202410011509"
"10","GÓR",22,0,0,0,0,0,0,0,0,0,0,0,0,1,2471,"202410011509"
"11","JAG",0,0,0,0,0,0,0,0,0,0,0,0,0,0,2471,"202410011509"
"12","LGD",0,0,0,0,0,0,0,0,0,0,0,0,0,0,2471,"202410011509"
"13","GKS",0,0,0,0,0,0,0,0,0,0,0,0,0,0,2471,"202410011509"
"14","WID",0,0,0,0,0,0,0,0,0,0,0,0,0,0,2471,"202410011509"
"15","LPO",0,0,0,0,0,0,0,0,0,0,0,0,0,0,2471,"202410011509"
"16","CRA",0,0,0,0,0,0,0,0,0,0,0,0,0,0,2471,"202410011509"
"17","STM",0,0,0,0,0,0,0,0,0,0,0,0,0,0,2471,"202410011509"
"18","ZAG",0,0,0,0,0,0,0,0,0,0,0,0,0,0,2471,"202410011509"
"SUMA","EMPTY",310,1,2,0,0,0,0,0,0,0,0,1,0,22,2471,"202410011509"
"5","PUN",32,0,0,0,0,0,0,0,0,0,0,0,0,1,2493,"202410011509"
"6","RCZ",88,0,0,0,0,0,0,0,0,0,0,0,0,2,2493,"202410011509"
"7","GÓR",73,1,0,0,0,0,0,0,0,0,0,0,0,8,2493,"202410011509"
"8","RAD",82,0,0,0,0,0,0,0,0,0,0,0,0,4,2493,"202410011509"
"9","JAG",77,0,1,0,0,0,0,0,0,0,0,0,0,5,2493,"202410011509"
"10","WID",79,0,0,0,0,0,0,0,0,0,0,0,0,2,2493,"202410011509"
"11","STM",0,0,0,0,0,0,0,0,0,0,0,0,0,0,2493,"202410011509"
"12","LEG",0,0,0,0,0,0,0,0,0,0,0,0,0,0,2493,"202410011509"
"13","PIA",0,0,0,0,0,0,0,0,0,0,0,0,0,0,2493,"202410011509"
"14","CRA",0,0,0,0,0,0,0,0,0,0,0,0,0,0,2493,"202410011509"
"15","KOR",0,0,0,0,0,0,0,0,0,0,0,0,0,0,2493,"202410011509"
"16","POG",0,0,0,0,0,0,0,0,0,0,0,0,0,0,2493,"202410011509"
"17","GKS",0,0,0,0,0,0,0,0,0,0,0,0,0,0,2493,"202410011509"
"18","ŚLA",0,0,0,0,0,0,0,0,0,0,0,0,0,0,2493,"202410011509"
"SUMA","EMPTY",431,1,1,0,0,0,0,0,0,0,0,0,0,22,2493,"202410011509"
"1","JAG",0,0,0,0,0,0,0,0,0,0,0,0,0,0,456,"202410011509"
"2","GÓR",0,0,0,0,0,0,0,0,0,0,0,0,0,0,456,"202410011509"
"3","ZAG",0,0,0,0,0,0,0,0,0,0,0,0,0,0,456,"202410011509"
"4","LEG",70,0,0,0,0,0,0,0,0,0,0,0,0,1,456,"202410011509"
"5","LGD",84,0,0,0,0,0,0,0,0,0,0,0,0,3,456,"202410011509"
"6","MOT",90,0,0,0,0,0,0,0,0,0,0,0,0,5,456,"202410011509"
"7","KOR",83,0,0,0,0,0,0,0,0,0,0,0,0,5,456,"202410011509"
"8","PIA",90,1,0,0,0,0,0,0,0,0,0,1,0,7,456,"202410011509"
"9","CRA",90,0,0,0,0,0,0,0,0,0,0,0,0,1,456,"202410011509"
"10","RCZ",90,0,0,0,0,0,0,0,0,0,0,1,0,0,456,"202410011509"
"11","GKS",0,0,0,0,0,0,0,0,0,0,0,0,0,0,456,"202410011509"
"12","RAD",0,0,0,0,0,0,0,0,0,0,0,0,0,0,456,"202410011509"
"13","POG",0,0,0,0,0,0,0,0,0,0,0,0,0,0,456,"202410011509"
"14","LPO",0,0,0,0,0,0,0,0,0,0,0,0,0,0,456,"202410011509"
"15","STM",0,0,0,0,0,0,0,0,0,0,0,0,0,0,456,"202410011509"
"16","WID",0,0,0,0,0,0,0,0,0,0,0,0,0,0,456,"202410011509"
"17","ŚLA",0,0,0,0,0,0,0,0,0,0,0,0,0,0,456,"202410011509"
"18","JAG",0,0,0,0,0,0,0,0,0,0,0,0,0,0,456,"202410011509"
"SUMA","EMPTY",597,1,0,0,0,0,0,0,0,0,0,2,0,22,456,"202410011509"
"2023/24 - wiosna","EMPTY",663,0,0,0,0,0,0,0,0,0,0,1,0,16,456,"202410011509"
"2023/24 - jesień","EMPTY",1251,1,1,0,0,0,0,0,0,0,0,3,0,43,456,"202410011509"
"2022/23 - wiosna","EMPTY",0,0,0,0,0,0,0,0,0,0,0,0,0,0,456,"202410011509"
"2022/23 - jesień","EMPTY",0,0,0,0,0,0,0,0,0,0,0,0,0,0,456,"202410011509"
"2021/22 - wiosna","EMPTY",0,0,0,0,0,0,0,0,0,0,0,0,0,0,456,"202410011509"
"2021/22 - jesień","EMPTY",0,0,0,0,0,0,0,0,0,0,0,0,0,0,456,"202410011509"
"2020/21 - wiosna","EMPTY",0,0,0,0,0,0,0,0,0,0,0,0,0,0,456,"202410011509"
"2020/21 - jesień","EMPTY",0,0,0,0,0,0,0,0,0,0,0,0,0,0,456,"202410011509"
"2019/20 - jesień","EMPTY",0,0,0,0,0,0,0,0,0,0,0,0,0,0,456,"202410011509"
"2018/19 - wiosna","EMPTY",0,0,0,0,0,0,0,0,0,0,0,0,0,0,456,"202410011509"
"2017/18 - wiosna","EMPTY",0,0,0,0,0,0,0,0,0,0,0,0,0,0,456,"202410011509"
"2017/18 - jesień","EMPTY",0,0,0,0,0,0,0,0,0,0,0,0,0,0,456,"202410011509"
"2016/17 - wiosna","EMPTY",0,0,0,0,0,0,0,0,0,0,0,0,0,0,456,"202410011509"
"2016/17 - jesień","EMPTY",11,0,0,0,0,0,0,0,0,0,0,1,0,2,456,"202410011509"
"1","JAG",81,0,0,0,0,0,0,0,0,0,0,0,0,2,720,"202410011509"
"2","GÓR",45,0,0,0,0,0,0,0,0,0,0,0,0,2,720,"202410011509"
"3","ZAG",5,0,0,0,0,0,0,0,0,0,0,0,0,1,720,"202410011509"
"4","LEG",90,0,0,0,0,0,0,0,0,0,0,1,0,0,720,"202410011509"
"5","LGD",89,0,0,0,0,0,0,0,0,0,0,0,0,3,720,"202410011509"
"6","MOT",90,0,0,0,0,0,0,0,0,0,0,0,0,5,720,"202410011509"
"7","KOR",83,0,0,0,0,0,0,0,0,0,0,0,0,5,720,"202410011509"
"8","PIA",81,0,0,0,0,0,0,0,0,0,0,0,0,2,720,"202410011509"
"9","CRA",72,0,0,0,0,0,0,0,0,0,0,0,0,1,720,"202410011509"
"10","RCZ",67,0,0,0,0,0,0,0,0,0,0,0,0,1,720,"202410011509"
"11","GKS",0,0,0,0,0,0,0,0,0,0,0,0,0,0,720,"202410011509"
"12","RAD",0,0,0,0,0,0,0,0,0,0,0,0,0,0,720,"202410011509"
"13","POG",0,0,0,0,0,0,0,0,0,0,0,0,0,0,720,"202410011509"
"14","LPO",0,0,0,0,0,0,0,0,0,0,0,0,0,0,720,"202410011509"
"15","STM",0,0,0,0,0,0,0,0,0,0,0,0,0,0,720,"202410011509"
"16","WID",0,0,0,0,0,0,0,0,0,0,0,0,0,0,720,"202410011509"
"17","ŚLA",0,0,0,0,0,0,0,0,0,0,0,0,0,0,720,"202410011509"
"18","JAG",0,0,0,0,0,0,0,0,0,0,0,0,0,0,720,"202410011509"
"SUMA","EMPTY",703,0,0,0,0,0,0,0,0,0,0,1,0,22,720,"202410011509"
"2023/24 - wiosna","EMPTY",264,0,0,0,0,0,0,0,0,0,0,0,0,8,720,"202410011509"
"2023/24 - jesień","EMPTY",493,1,0,0,0,0,0,0,0,0,0,3,0,26,720,"202410011509"
"2022/23 - wiosna","EMPTY",267,0,0,0,0,0,0,1,0,0,0,0,0,9,720,"202410011509"
"2022/23 - jesień","EMPTY",887,0,2,0,0,0,0,1,0,0,0,5,0,40,720,"202410011509"
"2021/22 - wiosna","EMPTY",699,0,0,0,0,0,0,0,0,0,0,2,0,30,720,"202410011509"
"2021/22 - jesień","EMPTY",1099,0,3,0,0,0,0,0,0,0,0,3,0,41,720,"202410011509"
"2020/21 - wiosna","EMPTY",454,1,0,0,0,0,0,0,0,0,0,2,0,22,720,"202410011509"
"2020/21 - jesień","EMPTY",475,1,1,0,0,0,0,0,0,0,0,4,0,27,720,"202410011509"
"2019/20 - wiosna","EMPTY",271,1,0,0,0,0,0,0,0,0,0,4,0,14,720,"202410011509"
"2019/20 - jesień","EMPTY",896,1,2,0,0,0,0,1,0,0,0,4,0,59,720,"202410011509"
"2018/19 - wiosna","EMPTY",1371,1,2,0,0,0,0,0,0,0,0,5,0,66,720,"202410011509"
"2018/19 - jesień","EMPTY",1179,0,1,0,0,0,0,0,0,0,0,3,0,57,720,"202410011509"
"2017/18 - wiosna","EMPTY",864,0,2,0,0,0,0,0,0,0,0,1,0,46,720,"202410011509"
"2017/18 - jesień","EMPTY",537,1,0,0,0,0,0,0,0,0,0,2,0,21,720,"202410011509"
"1","POG",90,0,0,0,0,0,0,0,0,0,0,0,0,2,2268,"202410011509"
"2","LEG",90,0,0,0,0,0,0,0,0,0,0,0,0,2,2268,"202410011509"
"3","MOT",0,0,0,0,0,0,0,0,0,0,0,0,0,0,2268,"202410011509"
"4","CRA",90,0,0,0,0,0,0,0,0,0,0,0,0,2,2268,"202410011509"
"5","ŚLA",76,0,0,0,0,0,0,0,0,0,0,1,0,1,2268,"202410011509"
"6","STM",90,0,0,0,0,0,0,0,0,0,0,0,0,3,2268,"202410011509"
"7","PUN",80,0,0,0,0,0,0,0,0,0,0,1,0,2,2268,"202410011509"
"8","ZAG",89,0,0,0,0,0,0,0,0,0,0,0,0,4,2268,"202410011509"
"9","RAD",90,0,0,0,0,0,0,0,0,0,0,0,0,2,2268,"202410011509"
"10","LPO",90,0,0,0,0,0,1,0,0,0,0,0,0,4,2268,"202410011509"
"11","WID",0,0,0,0,0,0,0,0,0,0,0,0,0,0,2268,"202410011509"
"12","PIA",0,0,0,0,0,0,0,0,0,0,0,0,0,0,2268,"202410011509"
"13","JAG",0,0,0,0,0,0,0,0,0,0,0,0,0,0,2268,"202410011509"
"14","GKS",0,0,0,0,0,0,0,0,0,0,0,0,0,0,2268,"202410011509"
"15","LGD",0,0,0,0,0,0,0,0,0,0,0,0,0,0,2268,"202410011509"
"16","RCZ",0,0,0,0,0,0,0,0,0,0,0,0,0,0,2268,"202410011509"
"17","GÓR",0,0,0,0,0,0,0,0,0,0,0,0,0,0,2268,"202410011509"
"18","POG",0,0,0,0,0,0,0,0,0,0,0,0,0,0,2268,"202410011509"
"SUMA","EMPTY",785,0,0,0,0,0,1,0,0,0,0,2,0,22,2268,"202410011509"
"2023/24 - wiosna","EMPTY",1173,1,0,0,0,0,0,0,0,0,0,7,1,32,2268,"202410011509"
"2023/24 - jesień","EMPTY",1245,0,1,0,0,0,0,0,0,0,0,3,0,37,2268,"202410011509"
"1","MOT",6,1,0,0,0,0,0,0,0,0,0,0,0,7,2046,"202410011509"
"2","CRA",1,0,0,0,0,0,0,0,0,0,0,0,0,1,2046,"202410011509"
"3","GKS",61,0,0,0,0,0,0,0,0,0,0,0,0,4,2046,"202410011509"
"4","LPO",14,0,0,0,0,0,0,0,0,0,0,0,0,1,2046,"202410011509"
"5","GÓR",45,0,0,0,0,0,0,0,0,0,0,0,0,1,2046,"202410011509"
"6","LGD",6,0,1,0,0,0,0,0,0,0,0,0,0,5,2046,"202410011509"
"7","PIA",45,0,0,0,0,0,0,0,0,0,0,0,0,1,2046,"202410011509"
"8","LEG",0,0,0,0,0,0,0,0,0,0,0,0,0,0,2046,"202410011509"
"9","ZAG",3,0,0,0,0,0,0,0,0,0,0,0,0,2,2046,"202410011509"
"10","PUN",0,0,0,0,0,0,0,0,0,0,0,0,0,0,2046,"202410011509"
"11","RAD",0,0,0,0,0,0,0,0,0,0,0,0,0,0,2046,"202410011509"
"12","POG",0,0,0,0,0,0,0,0,0,0,0,0,0,0,2046,"202410011509"
"13","ŚLA",0,0,0,0,0,0,0,0,0,0,0,0,0,0,2046,"202410011509"
"14","STM",0,0,0,0,0,0,0,0,0,0,0,0,0,0,2046,"202410011509"
"15","JAG",0,0,0,0,0,0,0,0,0,0,0,0,0,0,2046,"202410011509"
"16","KOR",0,0,0,0,0,0,0,0,0,0,0,0,0,0,2046,"202410011509"
"17","WID",0,0,0,0,0,0,0,0,0,0,0,0,0,0,2046,"202410011509"
"18","MOT",0,0,0,0,0,0,0,0,0,0,0,0,0,0,2046,"202410011509"
"SUMA","EMPTY",181,1,1,0,0,0,0,0,0,0,0,0,0,22,2046,"202410011509"
"2023/24 - wiosna","EMPTY",769,0,1,0,0,0,0,0,0,0,0,2,0,28,2046,"202410011509"
"2023/24 - jesień","EMPTY",529,3,2,0,0,0,0,0,0,0,0,0,0,48,2046,"202410011509"
"2022/23 - wiosna","EMPTY",603,1,0,0,0,0,0,0,0,0,0,3,0,25,2046,"202410011509"
"2022/23 - jesień","EMPTY",25,0,0,0,0,0,0,0,0,0,0,0,0,1,2046,"202410011509"
"1","WID",90,0,0,0,0,0,0,0,0,0,0,0,0,2,272,"202410011509"
"2","GKS",90,0,0,0,0,0,0,0,0,0,0,0,0,2,272,"202410011509"
"3","JAG",90,0,0,0,0,0,0,0,0,0,0,0,0,1,272,"202410011509"
"4","POG",90,0,0,0,0,0,0,0,0,0,0,0,0,2,272,"202410011509"
"5","PIA",90,0,0,0,0,0,0,0,0,0,0,1,0,5,272,"202410011509"
"6","KOR",90,0,0,0,0,0,0,0,0,0,0,0,0,1,272,"202410011509"
"7","LPO",90,0,0,0,0,0,0,0,0,0,0,1,0,0,272,"202410011509"
"8","ŚLA",0,0,0,0,0,0,0,0,0,0,0,0,0,0,272,"202410011509"
"9","MOT",90,0,0,0,0,0,0,0,0,0,0,0,0,6,272,"202410011509"
"10","CRA",90,0,0,0,0,0,0,0,0,0,0,0,0,2,272,"202410011509"
"11","LGD",0,0,0,0,0,0,0,0,0,0,0,0,0,0,272,"202410011509"
"12","GÓR",0,0,0,0,0,0,0,0,0,0,0,0,0,0,272,"202410011509"
"13","ZAG",0,0,0,0,0,0,0,0,0,0,0,0,0,0,272,"202410011509"
"14","RCZ",0,0,0,0,0,0,0,0,0,0,0,0,0,0,272,"202410011509"
"15","PUN",0,0,0,0,0,0,0,0,0,0,0,0,0,0,272,"202410011509"
"16","RAD",0,0,0,0,0,0,0,0,0,0,0,0,0,0,272,"202410011509"
"17","LEG",0,0,0,0,0,0,0,0,0,0,0,0,0,0,272,"202410011509"
"18","WID",0,0,0,0,0,0,0,0,0,0,0,0,0,0,272,"202410011509"
"SUMA","EMPTY",810,0,0,0,0,0,0,0,0,0,0,2,0,21,272,"202410011509"
"2023/24 - wiosna","EMPTY",1350,2,1,0,0,0,0,0,0,0,0,2,0,57,272,"202410011509"
"2023/24 - jesień","EMPTY",1620,1,2,0,1,0,0,0,0,0,0,0,0,46,272,"202410011509"
"2022/23 - wiosna","EMPTY",1440,1,1,0,1,0,0,0,0,0,0,2,0,48,272,"202410011509"
"2022/23 - jesień","EMPTY",1347,1,1,0,0,0,0,0,0,0,0,2,1,53,272,"202410011509"
"2021/22 - wiosna","EMPTY",1300,1,1,0,0,0,0,0,0,0,0,1,0,30,272,"202410011509"
"2021/22 - jesień","EMPTY",1814,0,0,0,0,0,1,0,0,0,0,2,0,51,272,"202410011509"
"2020/21 - wiosna","EMPTY",1351,1,1,0,0,0,0,0,0,0,0,2,0,47,272,"202410011509"
"2020/21 - jesień","EMPTY",988,0,0,0,0,0,0,0,0,0,0,3,0,23,272,"202410011509"
"2019/20 - wiosna","EMPTY",172,0,0,0,0,0,0,0,0,0,0,0,0,7,272,"202410011509"
"2019/20 - jesień","EMPTY",1230,0,0,0,0,0,0,0,0,0,0,5,0,48,272,"202410011509"
"2018/19 - wiosna","EMPTY",1410,3,2,0,0,0,0,0,0,0,0,3,0,77,272,"202410011509"
"2018/19 - jesień","EMPTY",141,0,0,0,0,0,0,0,0,0,0,2,0,11,272,"202410011509"
"2017/18 - wiosna","EMPTY",159,0,0,0,0,0,0,1,0,0,0,1,1,10,272,"202410011509"
"2017/18 - jesień","EMPTY",494,1,0,0,0,0,0,0,0,0,0,1,0,23,272,"202410011509"
"2016/17 - wiosna","EMPTY",1395,1,0,0,0,0,0,0,0,0,0,3,0,51,272,"202410011509"
"2016/17 - jesień","EMPTY",1425,4,2,0,0,0,1,0,0,0,0,1,0,82,272,"202410011509"
"1","CRA",90,0,0,0,0,0,0,0,0,0,0,0,0,2,587,"202410011509"
"2","ŚLA",90,0,0,0,0,0,0,0,0,0,0,1,0,3,587,"202410011509"
"3","LEG",90,0,0,0,0,0,0,0,0,0,0,0,0,3,587,"202410011509"
"4","GKS",90,0,0,0,0,0,0,0,0,0,0,0,0,2,587,"202410011509"
"5","STM",90,0,0,0,0,0,0,0,0,0,0,0,0,2,587,"202410011509"
"6","ZAG",90,0,0,0,0,0,0,0,0,0,0,1,0,3,587,"202410011509"
"7","RCZ",90,0,0,0,0,0,0,0,1,0,0,1,0,0,587,"202410011509"
"8","PUN",90,0,0,0,0,0,0,0,0,0,0,0,0,2,587,"202410011509"
"9","WID",83,0,0,0,0,0,0,0,0,0,0,0,0,2,587,"202410011509"
"10","JAG",86,0,0,0,0,0,0,0,0,0,0,0,0,2,587,"202410011509"
"11","POG",0,0,0,0,0,0,0,0,0,0,0,0,0,0,587,"202410011509"
"12","KOR",0,0,0,0,0,0,0,0,0,0,0,0,0,0,587,"202410011509"
"13","LGD",0,0,0,0,0,0,0,0,0,0,0,0,0,0,587,"202410011509"
"14","RAD",0,0,0,0,0,0,0,0,0,0,0,0,0,0,587,"202410011509"
"15","MOT",0,0,0,0,0,0,0,0,0,0,0,0,0,0,587,"202410011509"
"16","GÓR",0,0,0,0,0,0,0,0,0,0,0,0,0,0,587,"202410011509"
"17","LPO",0,0,0,0,0,0,0,0,0,0,0,0,0,0,587,"202410011509"
"18","CRA",0,0,0,0,0,0,0,0,0,0,0,0,0,0,587,"202410011509"
"SUMA","EMPTY",889,0,0,0,0,0,0,0,1,0,0,3,0,21,587,"202410011509"
"2023/24 - wiosna","EMPTY",1148,3,0,0,0,2,0,1,1,0,0,5,0,42,587,"202410011509"
"2023/24 - jesień","EMPTY",1365,5,0,0,0,5,0,0,0,0,0,6,0,60,587,"202410011509"
"2022/23 - wiosna","EMPTY",1240,2,2,0,0,2,0,0,1,0,0,3,1,49,587,"202410011509"
"2022/23 - jesień","EMPTY",606,1,0,0,0,1,0,0,0,0,0,5,0,18,587,"202410011509"
"2021/22 - wiosna","EMPTY",0,0,0,0,0,0,0,0,0,0,0,0,0,0,587,"202410011509"
"2021/22 - jesień","EMPTY",0,0,0,0,0,0,0,0,0,0,0,0,0,0,587,"202410011509"
"2020/21 - wiosna","EMPTY",0,0,0,0,0,0,0,0,0,0,0,0,0,0,587,"202410011509"
"2020/21 - jesień","EMPTY",0,0,0,0,0,0,0,0,0,0,0,0,0,0,587,"202410011509"
"2019/20 - jesień","EMPTY",263,0,0,0,0,0,0,0,0,0,0,2,0,7,587,"202410011509"
"2018/19 - wiosna","EMPTY",1440,1,0,0,0,0,0,1,0,0,0,5,0,66,587,"202410011509"
"2018/19 - jesień","EMPTY",1374,2,0,0,0,0,0,0,0,0,0,4,0,65,587,"202410011509"
"2017/18 - wiosna","EMPTY",275,0,1,0,0,0,0,0,0,0,0,1,0,20,587,"202410011509"
"2017/18 - jesień","EMPTY",1539,1,1,0,0,0,0,1,0,0,0,6,0,54,587,"202410011509"
"2016/17 - wiosna","EMPTY",98,0,0,0,0,0,0,0,0,0,0,0,0,10,587,"202410011509"
"1","RAD",90,0,0,0,0,0,0,0,0,0,0,0,0,1,106,"202410011509"
"2","STM",90,0,0,0,0,0,0,0,0,0,0,0,0,6,106,"202410011509"
"3","RCZ",90,0,0,0,0,0,0,0,0,0,0,0,0,2,106,"202410011509"
"4","PIA",90,0,0,0,0,0,0,0,0,0,0,0,0,1,106,"202410011509"
"5","MOT",63,0,0,0,0,0,0,0,0,0,0,1,0,4,106,"202410011509"
"6","JAG",81,0,0,0,0,0,0,0,0,0,0,0,0,3,106,"202410011509"
"7","ZAG",89,0,0,0,0,0,0,0,0,0,0,0,0,2,106,"202410011509"
"8","WID",80,0,0,0,0,0,0,0,0,0,0,0,0,2,106,"202410011509"
"9","GÓR",90,0,0,0,0,0,0,0,0,0,0,0,0,0,106,"202410011509"
"10","POG",0,0,0,0,0,0,0,0,0,0,0,0,0,0,106,"202410011509"
"11","PUN",0,0,0,0,0,0,0,0,0,0,0,0,0,0,106,"202410011509"
"12","ŚLA",0,0,0,0,0,0,0,0,0,0,0,0,0,0,106,"202410011509"
"13","LEG",0,0,0,0,0,0,0,0,0,0,0,0,0,0,106,"202410011509"
"14","KOR",0,0,0,0,0,0,0,0,0,0,0,0,0,0,106,"202410011509"
"15","CRA",0,0,0,0,0,0,0,0,0,0,0,0,0,0,106,"202410011509"
"16","LPO",0,0,0,0,0,0,0,0,0,0,0,0,0,0,106,"202410011509"
"17","LGD",0,0,0,0,0,0,0,0,0,0,0,0,0,0,106,"202410011509"
"18","RAD",0,0,0,0,0,0,0,0,0,0,0,0,0,0,106,"202410011509"
"SUMA","EMPTY",763,0,0,0,0,0,0,0,0,0,0,1,0,21,106,"202410011509"
"2023/24 - wiosna","EMPTY",0,0,0,0,0,0,0,0,0,0,0,0,0,0,106,"202410011509"
"2023/24 - jesień","EMPTY",0,0,0,0,0,0,0,0,0,0,0,0,0,0,106,"202410011509"
"2022/23 - wiosna","EMPTY",0,0,0,0,0,0,0,0,0,0,0,0,0,0,106,"202410011509"
"2022/23 - jesień","EMPTY",0,0,0,0,0,0,0,0,0,0,0,0,0,0,106,"202410011509"
"2019/20 - jesień","EMPTY",0,0,0,0,0,0,0,0,0,0,0,0,0,0,106,"202410011509"
"2018/19 - wiosna","EMPTY",0,0,0,0,0,0,0,0,0,0,0,0,0,0,106,"202410011509"
"2017/18 - wiosna","EMPTY",0,0,0,0,0,0,0,0,0,0,0,0,0,0,106,"202410011509"
"2017/18 - jesień","EMPTY",0,0,0,0,0,0,0,0,0,0,0,0,0,0,106,"202410011509"
"2016/17 - wiosna","EMPTY",0,0,0,0,0,0,0,0,0,0,0,0,0,0,106,"202410011509"
"2016/17 - jesień","EMPTY",0,0,0,0,0,0,0,0,0,0,0,0,0,0,106,"202410011509"
"1","ZAG",90,0,0,0,0,0,0,0,0,0,0,0,0,3,1898,"202410011509"
"2","KOR",90,0,0,0,0,0,0,0,0,0,0,0,0,3,1898,"202410011509"
"3","PIA",90,0,0,0,0,0,0,0,0,0,0,1,0,1,1898,"202410011509"
"4","PUN",35,0,0,0,0,0,0,0,0,0,0,0,0,1,1898,"202410011509"
"5","RAD",26,1,0,0,0,1,0,0,0,0,0,0,0,6,1898,"202410011509"
"6","ŚLA",67,0,0,0,0,0,0,0,0,0,0,0,0,2,1898,"202410011509"
"7","MOT",32,0,0,0,0,0,0,0,0,0,0,0,0,2,1898,"202410011509"
"8","RCZ",28,0,0,0,0,0,0,0,0,0,0,0,0,1,1898,"202410011509"
"9","POG",68,0,0,0,0,0,0,0,0,0,0,0,0,2,1898,"202410011509"
"10","GÓR",0,0,0,0,0,0,0,0,0,0,0,0,0,0,1898,"202410011509"
"11","JAG",0,0,0,0,0,0,0,0,0,0,0,0,0,0,1898,"202410011509"
"12","LGD",0,0,0,0,0,0,0,0,0,0,0,0,0,0,1898,"202410011509"
"13","GKS",0,0,0,0,0,0,0,0,0,0,0,0,0,0,1898,"202410011509"
"14","WID",0,0,0,0,0,0,0,0,0,0,0,0,0,0,1898,"202410011509"
"15","LPO",0,0,0,0,0,0,0,0,0,0,0,0,0,0,1898,"202410011509"
"16","CRA",0,0,0,0,0,0,0,0,0,0,0,0,0,0,1898,"202410011509"
"17","STM",0,0,0,0,0,0,0,0,0,0,0,0,0,0,1898,"202410011509"
"18","ZAG",0,0,0,0,0,0,0,0,0,0,0,0,0,0,1898,"202410011509"
"SUMA","EMPTY",526,1,0,0,0,1,0,0,0,0,0,1,0,21,1898,"202410011509"
"2023/24 - wiosna","EMPTY",1164,7,2,0,0,0,1,0,0,0,0,1,0,75,1898,"202410011509"
"2023/24 - jesień","EMPTY",803,1,1,0,0,0,1,0,0,0,0,1,0,43,1898,"202410011509"
"2022/23 - wiosna","EMPTY",1207,8,3,1,0,1,0,0,1,0,0,1,0,75,1898,"202410011509"
"2022/23 - jesień","EMPTY",1172,8,3,0,0,2,0,0,0,0,0,4,0,72,1898,"202410011509"
"2021/22 - wiosna","EMPTY",547,3,0,0,0,0,0,0,0,0,0,1,0,26,1898,"202410011509"
"1","ŚLA",90,0,0,0,0,0,0,0,0,0,0,0,0,2,2410,"202410011509"
"2","MOT",90,0,0,0,0,0,0,0,0,0,0,0,0,2,2410,"202410011509"
"3","LPO",90,0,0,0,0,0,0,0,0,0,0,1,0,1,2410,"202410011509"
"4","ZAG",90,0,0,0,0,0,0,0,0,0,0,0,0,2,2410,"202410011509"
"5","PUN",90,0,0,0,0,0,0,0,0,0,0,0,0,2,2410,"202410011509"
"6","RCZ",90,0,0,0,0,0,0,0,0,0,0,0,0,2,2410,"202410011509"
"7","GÓR",90,0,0,0,0,0,0,0,0,0,0,0,0,3,2410,"202410011509"
"8","RAD",90,0,0,0,0,0,0,0,0,0,0,0,0,4,2410,"202410011509"
"9","JAG",90,0,0,0,0,0,0,0,0,0,0,0,0,2,2410,"202410011509"
"10","WID",90,0,0,0,0,0,0,0,0,0,0,1,0,1,2410,"202410011509"
"11","STM",0,0,0,0,0,0,0,0,0,0,0,0,0,0,2410,"202410011509"
"12","LEG",0,0,0,0,0,0,0,0,0,0,0,0,0,0,2410,"202410011509"
"13","PIA",0,0,0,0,0,0,0,0,0,0,0,0,0,0,2410,"202410011509"
"14","CRA",0,0,0,0,0,0,0,0,0,0,0,0,0,0,2410,"202410011509"
"15","KOR",0,0,0,0,0,0,0,0,0,0,0,0,0,0,2410,"202410011509"
"16","POG",0,0,0,0,0,0,0,0,0,0,0,0,0,0,2410,"202410011509"
"17","GKS",0,0,0,0,0,0,0,0,0,0,0,0,0,0,2410,"202410011509"
"18","ŚLA",0,0,0,0,0,0,0,0,0,0,0,0,0,0,2410,"202410011509"
"SUMA","EMPTY",900,0,0,0,0,0,0,0,0,0,0,2,0,21,2410,"202410011509"
"1","LGD",90,0,1,0,0,0,0,0,0,0,0,0,0,6,2222,"202410011509"
"2","PIA",90,0,0,0,0,0,0,0,0,0,0,0,0,1,2222,"202410011509"
"4","WID",90,0,0,0,0,0,0,0,0,0,0,0,0,5,2222,"202410011509"
"5","KOR",90,0,0,0,0,0,0,0,0,0,0,0,0,2,2222,"202410011509"
"6","LEG",90,0,0,0,0,0,0,0,0,0,0,0,0,2,2222,"202410011509"
"7","POG",90,1,0,0,0,0,0,0,0,0,0,0,0,4,2222,"202410011509"
"8","STM",0,0,0,0,0,0,0,0,0,0,0,0,0,0,2222,"202410011509"
"9","LPO",0,0,0,0,0,0,0,0,0,0,0,0,0,0,2222,"202410011509"
"10","MOT",90,0,0,0,0,0,0,0,0,0,0,0,0,1,2222,"202410011509"
"11","CRA",0,0,0,0,0,0,0,0,0,0,0,0,0,0,2222,"202410011509"
"12","GKS",0,0,0,0,0,0,0,0,0,0,0,0,0,0,2222,"202410011509"
"13","RCZ",0,0,0,0,0,0,0,0,0,0,0,0,0,0,2222,"202410011509"
"14","ZAG",0,0,0,0,0,0,0,0,0,0,0,0,0,0,2222,"202410011509"
"15","GÓR",0,0,0,0,0,0,0,0,0,0,0,0,0,0,2222,"202410011509"
"16","JAG",0,0,0,0,0,0,0,0,0,0,0,0,0,0,2222,"202410011509"
"17","PUN",0,0,0,0,0,0,0,0,0,0,0,0,0,0,2222,"202410011509"
"18","RAD",0,0,0,0,0,0,0,0,0,0,0,0,0,0,2222,"202410011509"
"18","LGD",0,0,0,0,0,0,0,0,0,0,0,0,0,0,2222,"202410011509"
"SUMA","EMPTY",630,1,1,0,0,0,0,0,0,0,0,0,0,21,2222,"202410011509"
"2023/24 - wiosna","EMPTY",1260,0,0,0,0,0,1,0,0,0,0,2,0,42,2222,"202410011509"
"2023/24 - jesień","EMPTY",1710,0,1,0,0,0,0,0,0,0,0,3,0,73,2222,"202410011509"
"3","WID",1,0,0,0,0,0,0,0,0,0,0,0,0,1,2481,"202410011509"
"4","KOR",0,0,0,0,0,0,0,0,0,0,0,0,0,0,2481,"202410011509"
"5","JAG",0,0,0,0,0,0,0,0,0,0,0,0,0,0,2481,"202410011509"
"6","GÓR",45,1,0,0,0,0,0,0,0,0,0,0,0,7,2481,"202410011509"
"7","RAD",69,0,0,0,0,0,0,0,0,0,0,0,0,2,2481,"202410011509"
"8","POG",67,0,0,0,0,0,0,0,0,0,0,0,0,3,2481,"202410011509"
"9","PUN",82,0,1,0,0,0,0,0,0,0,0,0,0,6,2481,"202410011509"
"10","STM",90,0,0,0,0,0,0,0,0,0,0,0,0,2,2481,"202410011509"
"11","ŚLA",0,0,0,0,0,0,0,0,0,0,0,0,0,0,2481,"202410011509"
"12","LPO",0,0,0,0,0,0,0,0,0,0,0,0,0,0,2481,"202410011509"
"13","MOT",0,0,0,0,0,0,0,0,0,0,0,0,0,0,2481,"202410011509"
"14","LGD",0,0,0,0,0,0,0,0,0,0,0,0,0,0,2481,"202410011509"
"15","GKS",0,0,0,0,0,0,0,0,0,0,0,0,0,0,2481,"202410011509"
"16","LEG",0,0,0,0,0,0,0,0,0,0,0,0,0,0,2481,"202410011509"
"17","ZAG",0,0,0,0,0,0,0,0,0,0,0,0,0,0,2481,"202410011509"
"18","PIA",0,0,0,0,0,0,0,0,0,0,0,0,0,0,2481,"202410011509"
"SUMA","EMPTY",354,1,1,0,0,0,0,0,0,0,0,0,0,21,2481,"202410011509"
"1","JAG",90,0,0,0,0,0,0,0,0,0,0,1,0,0,2229,"202410011509"
"2","GÓR",90,0,0,0,0,0,0,0,0,0,0,0,0,1,2229,"202410011509"
"3","ZAG",90,0,0,0,0,0,0,0,0,0,0,0,0,2,2229,"202410011509"
"4","LEG",90,1,0,0,0,1,0,0,0,0,0,0,0,7,2229,"202410011509"
"5","LGD",90,0,0,0,0,0,0,0,0,0,0,0,0,3,2229,"202410011509"
"6","MOT",29,0,0,0,0,0,0,0,0,0,0,0,0,2,2229,"202410011509"
"7","KOR",90,0,0,0,0,0,0,0,0,0,0,0,0,5,2229,"202410011509"
"8","PIA",90,0,0,0,0,0,0,0,0,0,0,0,0,2,2229,"202410011509"
"9","CRA",78,0,0,0,0,0,0,0,0,0,0,1,1,-2,2229,"202410011509"
"10","RCZ",90,0,0,0,0,0,0,0,0,0,0,0,0,1,2229,"202410011509"
"11","GKS",0,0,0,0,0,0,0,0,0,0,0,0,0,0,2229,"202410011509"
"12","RAD",0,0,0,0,0,0,0,0,0,0,0,0,0,0,2229,"202410011509"
"13","POG",0,0,0,0,0,0,0,0,0,0,0,0,0,0,2229,"202410011509"
"14","LPO",0,0,0,0,0,0,0,0,0,0,0,0,0,0,2229,"202410011509"
"15","STM",0,0,0,0,0,0,0,0,0,0,0,0,0,0,2229,"202410011509"
"16","WID",0,0,0,0,0,0,0,0,0,0,0,0,0,0,2229,"202410011509"
"17","ŚLA",0,0,0,0,0,0,0,0,0,0,0,0,0,0,2229,"202410011509"
"18","JAG",0,0,0,0,0,0,0,0,0,0,0,0,0,0,2229,"202410011509"
"SUMA","EMPTY",827,1,0,0,0,1,0,0,0,0,0,2,1,21,2229,"202410011509"
"2023/24 - wiosna","EMPTY",1113,1,1,1,1,0,0,1,0,0,0,3,0,42,2229,"202410011509"
"2023/24 - jesień","EMPTY",1408,6,1,0,1,5,0,0,0,0,0,8,1,61,2229,"202410011509"
"1","RCZ",90,0,0,0,0,0,0,0,0,0,0,0,0,2,1754,"202410011509"
"2","LGD",27,0,1,0,0,0,0,0,0,0,0,0,0,5,1754,"202410011509"
"3","KOR",90,0,0,0,0,0,0,0,0,0,0,0,0,2,1754,"202410011509"
"5","GKS",24,0,0,0,0,0,0,0,0,0,0,0,0,1,1754,"202410011509"
"6","PUN",26,0,0,0,0,0,0,0,0,0,0,0,0,1,1754,"202410011509"
"7","LEG",0,0,0,0,0,0,0,0,0,0,0,0,0,0,1754,"202410011509"
"8","GÓR",90,0,0,0,0,0,0,0,0,0,0,0,0,4,1754,"202410011509"
"9","JAG",90,0,0,0,0,0,0,0,0,0,0,0,0,2,1754,"202410011509"
"9","STM",90,0,0,0,0,0,0,0,0,0,0,0,0,2,1754,"202410011509"
"10","ŚLA",80,0,0,0,0,0,0,0,0,0,0,1,0,2,1754,"202410011509"
"11","LPO",0,0,0,0,0,0,0,0,0,0,0,0,0,0,1754,"202410011509"
"12","WID",0,0,0,0,0,0,0,0,0,0,0,0,0,0,1754,"202410011509"
"13","CRA",0,0,0,0,0,0,0,0,0,0,0,0,0,0,1754,"202410011509"
"14","POG",0,0,0,0,0,0,0,0,0,0,0,0,0,0,1754,"202410011509"
"15","PIA",0,0,0,0,0,0,0,0,0,0,0,0,0,0,1754,"202410011509"
"16","ZAG",0,0,0,0,0,0,0,0,0,0,0,0,0,0,1754,"202410011509"
"17","RAD",0,0,0,0,0,0,0,0,0,0,0,0,0,0,1754,"202410011509"
"18","RCZ",0,0,0,0,0,0,0,0,0,0,0,0,0,0,1754,"202410011509"
"SUMA","EMPTY",607,0,1,0,0,0,0,0,0,0,0,1,0,21,1754,"202410011509"
"2021/22 - wiosna","EMPTY",3,0,0,0,0,0,0,0,0,0,0,0,0,0,1754,"202410011509"
"2021/22 - jesień","EMPTY",2,0,0,0,0,0,0,0,0,0,0,0,0,2,1754,"202410011509"
"1","POG",90,0,0,0,0,0,0,0,0,0,0,0,0,0,1756,"202410011509"
"2","LEG",90,0,0,0,0,0,0,0,0,0,0,0,0,2,1756,"202410011509"
"3","MOT",90,0,0,0,0,0,0,0,0,0,0,1,0,1,1756,"202410011509"
"4","CRA",90,0,0,0,0,0,0,0,0,0,0,1,0,0,1756,"202410011509"
"5","ŚLA",90,0,0,0,0,0,0,0,0,0,0,1,0,1,1756,"202410011509"
"6","STM",90,0,1,0,0,0,0,0,0,0,0,0,0,7,1756,"202410011509"
"7","PUN",90,0,0,0,0,0,0,0,0,0,0,0,0,5,1756,"202410011509"
"8","ZAG",90,0,0,0,0,0,0,0,0,0,0,0,0,6,1756,"202410011509"
"9","RAD",90,0,0,0,0,0,0,0,0,0,0,0,0,-1,1756,"202410011509"
"10","LPO",90,0,0,0,0,0,0,0,0,0,0,0,0,0,1756,"202410011509"
"11","WID",0,0,0,0,0,0,0,0,0,0,0,0,0,0,1756,"202410011509"
"12","PIA",0,0,0,0,0,0,0,0,0,0,0,0,0,0,1756,"202410011509"
"13","JAG",0,0,0,0,0,0,0,0,0,0,0,0,0,0,1756,"202410011509"
"14","GKS",0,0,0,0,0,0,0,0,0,0,0,0,0,0,1756,"202410011509"
"15","LGD",0,0,0,0,0,0,0,0,0,0,0,0,0,0,1756,"202410011509"
"16","RCZ",0,0,0,0,0,0,0,0,0,0,0,0,0,0,1756,"202410011509"
"17","GÓR",0,0,0,0,0,0,0,0,0,0,0,0,0,0,1756,"202410011509"
"18","POG",0,0,0,0,0,0,0,0,0,0,0,0,0,0,1756,"202410011509"
"SUMA","EMPTY",900,0,1,0,0,0,0,0,0,0,0,3,0,21,1756,"202410011509"
"2023/24 - wiosna","EMPTY",922,1,0,0,0,0,0,0,0,0,0,2,0,34,1756,"202410011509"
"2023/24 - jesień","EMPTY",1059,0,2,0,0,0,0,0,0,0,0,2,0,36,1756,"202410011509"
"2022/23 - wiosna","EMPTY",1250,0,3,1,0,0,0,0,0,0,0,2,0,51,1756,"202410011509"
"2022/23 - jesień","EMPTY",1095,0,1,0,0,0,0,0,0,0,0,0,0,46,1756,"202410011509"
"2021/22 - wiosna","EMPTY",568,0,0,0,0,0,0,0,0,0,0,0,0,21,1756,"202410011509"
"2021/22 - jesień","EMPTY",941,1,1,0,0,0,0,0,0,0,0,4,0,29,1756,"202410011509"
"1","ZAG (LEG)",0,0,0,0,0,0,0,0,0,0,0,0,0,0,1322,"202410011509"
"2","ŚLA",10,0,0,0,0,0,0,0,0,0,0,0,0,2,1322,"202410011509"
"3","LEG",27,0,0,0,0,0,0,0,0,0,0,1,0,1,1322,"202410011509"
"4","GKS",27,0,0,0,0,0,0,0,0,0,0,0,0,1,1322,"202410011509"
"5","STM",90,0,0,0,0,0,0,0,0,0,0,0,0,2,1322,"202410011509"
"6","ZAG",72,0,1,0,0,0,0,0,0,0,0,0,0,6,1322,"202410011509"
"7","RCZ",77,0,0,0,0,0,0,0,0,0,0,0,0,3,1322,"202410011509"
"8","PUN",77,0,0,0,0,0,0,0,0,0,0,0,0,2,1322,"202410011509"
"9","WID",74,0,0,0,0,0,0,0,0,0,0,0,0,2,1322,"202410011509"
"10","JAG",22,0,0,0,0,0,0,0,0,0,0,0,0,1,1322,"202410011509"
"11","POG",0,0,0,0,0,0,0,0,0,0,0,0,0,0,1322,"202410011509"
"12","KOR",0,0,0,0,0,0,0,0,0,0,0,0,0,0,1322,"202410011509"
"13","LGD",0,0,0,0,0,0,0,0,0,0,0,0,0,0,1322,"202410011509"
"14","RAD",0,0,0,0,0,0,0,0,0,0,0,0,0,0,1322,"202410011509"
"15","MOT",0,0,0,0,0,0,0,0,0,0,0,0,0,0,1322,"202410011509"
"16","GÓR",0,0,0,0,0,0,0,0,0,0,0,0,0,0,1322,"202410011509"
"17","LPO",0,0,0,0,0,0,0,0,0,0,0,0,0,0,1322,"202410011509"
"18","CRA",0,0,0,0,0,0,0,0,0,0,0,0,0,0,1322,"202410011509"
"SUMA","EMPTY",476,0,1,0,0,0,0,0,0,0,0,1,0,20,1322,"202410011509"
"2023/24 - wiosna","EMPTY",335,2,0,0,0,1,0,0,0,0,0,0,0,31,1322,"202410011509"
"2023/24 - jesień","EMPTY",610,0,2,0,0,0,0,0,0,0,0,1,0,36,1322,"202410011509"
"2022/23 - wiosna","EMPTY",816,4,1,0,0,0,1,0,0,0,0,2,0,56,1322,"202410011509"
"2022/23 - jesień","EMPTY",934,1,0,0,0,0,1,0,0,0,0,1,0,41,1322,"202410011509"
"2021/22 - wiosna","EMPTY",1057,3,3,0,0,0,0,0,0,0,0,3,0,53,1322,"202410011509"
"2021/22 - jesień","EMPTY",92,0,0,0,0,0,0,0,0,0,0,0,0,5,1322,"202410011509"
"2020/21 - wiosna","EMPTY",0,0,0,0,0,0,0,0,0,0,0,0,0,0,1322,"202410011509"
"2020/21 - jesień","EMPTY",289,0,1,0,0,0,0,0,0,0,0,1,0,16,1322,"202410011509"
"2019/20 - wiosna","EMPTY",354,2,0,0,0,0,0,0,0,0,0,0,0,22,1322,"202410011509"
"2019/20 - jesień","EMPTY",69,1,0,0,0,0,0,0,0,0,0,0,0,17,1322,"202410011509"
"1","JAG",45,0,0,0,0,0,0,0,0,0,0,0,0,1,2358,"202410011509"
"2","GÓR",90,0,1,0,0,0,0,0,0,0,0,0,0,5,2358,"202410011509"
"3","ZAG",85,0,0,0,0,0,0,0,0,0,0,0,0,2,2358,"202410011509"
"4","LEG",90,0,0,0,0,0,0,0,1,0,0,0,0,-1,2358,"202410011509"
"5","LGD",89,0,0,0,0,0,0,0,0,0,0,0,0,3,2358,"202410011509"
"6","MOT",82,0,0,0,0,0,0,0,0,0,0,0,0,3,2358,"202410011509"
"7","KOR",90,0,0,0,0,0,0,0,0,0,0,1,0,2,2358,"202410011509"
"8","PIA",81,0,0,0,0,0,0,0,0,0,0,1,0,1,2358,"202410011509"
"9","CRA",83,0,0,0,0,0,0,0,0,0,0,0,0,2,2358,"202410011509"
"10","RCZ",90,0,0,0,0,0,0,0,0,0,0,0,0,2,2358,"202410011509"
"11","GKS",0,0,0,0,0,0,0,0,0,0,0,0,0,0,2358,"202410011509"
"12","RAD",0,0,0,0,0,0,0,0,0,0,0,0,0,0,2358,"202410011509"
"13","POG",0,0,0,0,0,0,0,0,0,0,0,0,0,0,2358,"202410011509"
"14","LPO",0,0,0,0,0,0,0,0,0,0,0,0,0,0,2358,"202410011509"
"15","STM",0,0,0,0,0,0,0,0,0,0,0,0,0,0,2358,"202410011509"
"16","WID",0,0,0,0,0,0,0,0,0,0,0,0,0,0,2358,"202410011509"
"17","ŚLA",0,0,0,0,0,0,0,0,0,0,0,0,0,0,2358,"202410011509"
"18","JAG",0,0,0,0,0,0,0,0,0,0,0,0,0,0,2358,"202410011509"
"SUMA","EMPTY",825,0,1,0,0,0,0,0,1,0,0,2,0,20,2358,"202410011509"
"2023/24 - wiosna","EMPTY",749,0,1,0,0,0,0,0,0,0,0,1,0,31,2358,"202410011509"
"1","LPO",45,0,0,0,0,0,0,0,0,0,0,0,0,2,2386,"202410011509"
"2","PUN",1,0,0,0,0,0,0,0,0,0,0,0,0,1,2386,"202410011509"
"3","POG",9,0,0,0,0,0,0,0,0,0,0,0,0,2,2386,"202410011509"
"4","RAD",0,0,0,0,0,0,0,0,0,0,0,0,0,0,2386,"202410011509"
"5","RCZ",81,0,0,0,0,0,0,0,0,0,0,0,0,3,2386,"202410011509"
"6","CRA",75,0,0,0,0,0,0,0,0,0,0,0,0,2,2386,"202410011509"
"7","LGD",45,0,0,0,0,0,0,0,0,0,0,0,0,2,2386,"202410011509"
"8","MOT",79,0,0,0,0,0,0,0,0,0,0,0,0,2,2386,"202410011509"
"9","GKS",90,0,0,0,0,0,0,0,0,0,0,0,0,4,2386,"202410011509"
"10","LEG",90,0,0,0,0,0,0,0,0,0,0,0,0,2,2386,"202410011509"
"11","ZAG",0,0,0,0,0,0,0,0,0,0,0,0,0,0,2386,"202410011509"
"12","STM",0,0,0,0,0,0,0,0,0,0,0,0,0,0,2386,"202410011509"
"13","WID",0,0,0,0,0,0,0,0,0,0,0,0,0,0,2386,"202410011509"
"14","JAG",0,0,0,0,0,0,0,0,0,0,0,0,0,0,2386,"202410011509"
"15","ŚLA",0,0,0,0,0,0,0,0,0,0,0,0,0,0,2386,"202410011509"
"16","PIA",0,0,0,0,0,0,0,0,0,0,0,0,0,0,2386,"202410011509"
"17","KOR",0,0,0,0,0,0,0,0,0,0,0,0,0,0,2386,"202410011509"
"18","LPO",0,0,0,0,0,0,0,0,0,0,0,0,0,0,2386,"202410011509"
"SUMA","EMPTY",515,0,0,0,0,0,0,0,0,0,0,0,0,20,2386,"202410011509"
"1","ZAG",90,0,0,0,0,0,0,0,0,0,0,0,0,4,2428,"202410011509"
"2","KOR",59,0,0,0,0,0,0,0,0,0,0,1,0,2,2428,"202410011509"
"3","PIA",64,0,0,0,0,0,0,0,0,0,0,0,0,2,2428,"202410011509"
"4","PUN",55,0,0,0,0,0,0,0,0,0,0,0,0,2,2428,"202410011509"
"5","RAD",90,0,0,0,0,0,1,0,0,0,0,0,0,5,2428,"202410011509"
"6","ŚLA",90,0,0,0,0,0,0,0,0,0,0,1,0,1,2428,"202410011509"
"7","MOT",59,0,0,0,0,0,0,0,0,0,0,1,0,2,2428,"202410011509"
"8","RCZ",45,0,0,0,0,0,0,0,0,0,0,0,0,2,2428,"202410011509"
"9","POG",0,0,0,0,0,0,0,0,0,0,0,0,0,0,2428,"202410011509"
"10","GÓR",0,0,0,0,0,0,0,0,0,0,0,0,0,0,2428,"202410011509"
"11","JAG",0,0,0,0,0,0,0,0,0,0,0,0,0,0,2428,"202410011509"
"12","LGD",0,0,0,0,0,0,0,0,0,0,0,0,0,0,2428,"202410011509"
"13","GKS",0,0,0,0,0,0,0,0,0,0,0,0,0,0,2428,"202410011509"
"14","WID",0,0,0,0,0,0,0,0,0,0,0,0,0,0,2428,"202410011509"
"15","LPO",0,0,0,0,0,0,0,0,0,0,0,0,0,0,2428,"202410011509"
"16","CRA",0,0,0,0,0,0,0,0,0,0,0,0,0,0,2428,"202410011509"
"17","STM",0,0,0,0,0,0,0,0,0,0,0,0,0,0,2428,"202410011509"
"18","ZAG",0,0,0,0,0,0,0,0,0,0,0,0,0,0,2428,"202410011509"
"SUMA","EMPTY",552,0,0,0,0,0,1,0,0,0,0,3,0,20,2428,"202410011509"
"1","MOT",78,0,0,0,0,0,0,0,0,0,0,1,0,2,2436,"202410011509"
"2","CRA",45,0,0,0,0,0,0,0,0,0,0,0,0,2,2436,"202410011509"
"3","GKS",29,0,0,0,0,0,0,0,0,0,0,0,0,2,2436,"202410011509"
"4","LPO",73,0,0,0,0,0,0,0,0,0,0,0,0,2,2436,"202410011509"
"5","GÓR",65,0,0,0,0,0,0,0,0,0,0,0,0,2,2436,"202410011509"
"6","LGD",84,0,0,0,0,0,0,0,0,0,0,0,0,3,2436,"202410011509"
"7","PIA",70,0,0,0,0,0,0,0,0,0,0,0,0,2,2436,"202410011509"
"8","LEG",0,0,0,0,0,0,0,0,0,0,0,0,0,0,2436,"202410011509"
"9","ZAG",25,0,0,0,0,0,0,0,0,0,0,0,0,2,2436,"202410011509"
"10","PUN",73,0,0,0,0,0,0,0,0,0,0,0,0,3,2436,"202410011509"
"11","RAD",0,0,0,0,0,0,0,0,0,0,0,0,0,0,2436,"202410011509"
"12","POG",0,0,0,0,0,0,0,0,0,0,0,0,0,0,2436,"202410011509"
"13","ŚLA",0,0,0,0,0,0,0,0,0,0,0,0,0,0,2436,"202410011509"
"14","STM",0,0,0,0,0,0,0,0,0,0,0,0,0,0,2436,"202410011509"
"15","JAG",0,0,0,0,0,0,0,0,0,0,0,0,0,0,2436,"202410011509"
"16","KOR",0,0,0,0,0,0,0,0,0,0,0,0,0,0,2436,"202410011509"
"17","WID",0,0,0,0,0,0,0,0,0,0,0,0,0,0,2436,"202410011509"
"18","MOT",0,0,0,0,0,0,0,0,0,0,0,0,0,0,2436,"202410011509"
"SUMA","EMPTY",542,0,0,0,0,0,0,0,0,0,0,1,0,20,2436,"202410011509"
"1","KOR",0,0,0,0,0,0,0,0,0,0,0,0,0,0,645,"202410011509"
"2","ZAG",21,0,0,0,0,0,0,0,0,0,0,1,0,0,645,"202410011509"
"3","GÓR",35,0,0,0,0,0,0,0,0,0,0,0,0,1,645,"202410011509"
"4","STM",83,0,0,0,0,0,0,0,0,0,0,0,0,4,645,"202410011509"
"5","WID",88,0,0,0,0,0,0,0,0,0,0,0,0,4,645,"202410011509"
"6","LPO",90,0,0,0,0,0,0,0,0,0,0,0,0,2,645,"202410011509"
"7","ŚLA",85,0,0,0,0,0,0,0,0,0,0,0,0,3,645,"202410011509"
"8","CRA",0,0,0,0,0,0,0,0,0,0,0,0,0,0,645,"202410011509"
"9","LEG",90,0,0,0,0,0,0,0,0,0,0,0,0,4,645,"202410011509"
"10","GKS",90,0,0,0,0,0,0,0,0,0,0,0,0,2,645,"202410011509"
"11","PIA",0,0,0,0,0,0,0,0,0,0,0,0,0,0,645,"202410011509"
"12","RCZ",0,0,0,0,0,0,0,0,0,0,0,0,0,0,645,"202410011509"
"13","PUN",0,0,0,0,0,0,0,0,0,0,0,0,0,0,645,"202410011509"
"14","MOT",0,0,0,0,0,0,0,0,0,0,0,0,0,0,645,"202410011509"
"15","RAD",0,0,0,0,0,0,0,0,0,0,0,0,0,0,645,"202410011509"
"16","LGD",0,0,0,0,0,0,0,0,0,0,0,0,0,0,645,"202410011509"
"17","JAG",0,0,0,0,0,0,0,0,0,0,0,0,0,0,645,"202410011509"
"18","KOR",0,0,0,0,0,0,0,0,0,0,0,0,0,0,645,"202410011509"
"SUMA","EMPTY",582,0,0,0,0,0,0,0,0,0,0,1,0,20,645,"202410011509"
"2023/24 - wiosna","EMPTY",575,1,0,0,0,0,0,0,0,0,0,2,0,22,645,"202410011509"
"2023/24 - jesień","EMPTY",1156,0,1,0,0,0,0,0,0,0,0,4,0,41,645,"202410011509"
"2022/23 - wiosna","EMPTY",491,0,0,0,0,0,0,0,0,0,0,1,0,19,645,"202410011509"
"2022/23 - jesień","EMPTY",501,0,0,0,0,0,0,0,0,0,0,1,0,15,645,"202410011509"
"2021/22 - wiosna","EMPTY",251,0,1,0,0,0,0,0,0,0,0,1,0,19,645,"202410011509"
"2021/22 - jesień","EMPTY",858,1,1,0,1,0,0,0,0,0,0,2,0,36,645,"202410011509"
"2020/21 - wiosna","EMPTY",623,2,0,0,0,0,0,0,0,0,0,0,0,35,645,"202410011509"
"2020/21 - jesień","EMPTY",0,0,0,0,0,0,0,0,0,0,0,0,0,0,645,"202410011509"
"2019/20 - jesień","EMPTY",0,0,0,0,0,0,0,0,0,0,0,0,0,0,645,"202410011509"
"2018/19 - wiosna","EMPTY",0,0,0,0,0,0,0,0,0,0,0,0,0,0,645,"202410011509"
"2017/18 - wiosna","EMPTY",1206,1,6,0,0,0,0,0,0,0,0,1,0,71,645,"202410011509"
"2017/18 - jesień","EMPTY",1861,1,11,0,0,0,0,0,0,0,0,3,0,107,645,"202410011509"
"1","ZAG",90,0,0,0,0,0,0,0,0,0,0,0,0,6,1931,"202410011509"
"2","KOR",90,0,0,0,0,0,0,0,0,0,0,0,0,6,1931,"202410011509"
"3","PIA",90,0,0,0,0,0,0,0,0,0,0,0,0,1,1931,"202410011509"
"4","PUN",90,0,0,0,0,0,0,0,0,0,0,0,0,1,1931,"202410011509"
"5","RAD",24,0,0,0,0,0,0,0,0,0,0,0,0,2,1931,"202410011509"
"6","ŚLA",0,0,0,0,0,0,0,0,0,0,0,0,0,0,1931,"202410011509"
"7","MOT",0,0,0,0,0,0,0,0,0,0,0,0,0,0,1931,"202410011509"
"8","RCZ",45,0,0,0,0,0,0,0,0,0,0,1,0,0,1931,"202410011509"
"9","POG",90,0,0,0,0,0,0,0,0,0,0,0,0,2,1931,"202410011509"
"10","GÓR",90,0,0,0,0,0,0,0,0,0,0,0,0,2,1931,"202410011509"
"11","JAG",0,0,0,0,0,0,0,0,0,0,0,0,0,0,1931,"202410011509"
"12","LGD",0,0,0,0,0,0,0,0,0,0,0,0,0,0,1931,"202410011509"
"13","GKS",0,0,0,0,0,0,0,0,0,0,0,0,0,0,1931,"202410011509"
"14","WID",0,0,0,0,0,0,0,0,0,0,0,0,0,0,1931,"202410011509"
"15","LPO",0,0,0,0,0,0,0,0,0,0,0,0,0,0,1931,"202410011509"
"16","CRA",0,0,0,0,0,0,0,0,0,0,0,0,0,0,1931,"202410011509"
"17","STM",0,0,0,0,0,0,0,0,0,0,0,0,0,0,1931,"202410011509"
"18","ZAG",0,0,0,0,0,0,0,0,0,0,0,0,0,0,1931,"202410011509"
"SUMA","EMPTY",609,0,0,0,0,0,0,0,0,0,0,1,0,20,1931,"202410011509"
"2023/24 - wiosna","EMPTY",932,0,0,0,0,0,0,0,0,0,0,2,0,35,1931,"202410011509"
"2023/24 - jesień","EMPTY",856,1,0,0,0,0,0,0,0,0,0,5,0,34,1931,"202410011509"
"2022/23 - wiosna","EMPTY",1170,0,0,0,0,0,0,0,0,0,0,4,0,24,1931,"202410011509"
"2022/23 - jesień","EMPTY",1162,0,0,0,0,0,0,0,0,0,0,0,1,28,1931,"202410011509"
"1","STM",0,0,0,0,0,0,0,0,0,0,0,0,0,0,2444,"202410011509"
"2","LPO",0,0,0,0,0,0,0,0,0,0,0,0,0,0,2444,"202410011509"
"3","CRA",90,0,0,0,0,0,0,0,0,0,0,0,0,3,2444,"202410011509"
"4","ŚLA",0,0,0,0,0,0,0,0,0,0,0,0,0,0,2444,"202410011509"
"5","POG",33,0,0,0,0,0,0,0,0,0,0,0,0,1,2444,"202410011509"
"6","RAD",90,0,1,0,0,0,0,0,0,0,0,0,0,6,2444,"202410011509"
"7","JAG",90,0,0,0,0,0,0,0,0,0,0,0,0,2,2444,"202410011509"
"8","GKS",10,0,0,0,0,0,0,0,0,0,0,0,0,1,2444,"202410011509"
"9","PIA",90,0,0,0,0,0,0,0,0,0,0,0,0,6,2444,"202410011509"
"10","LGD",45,0,0,0,0,0,0,0,0,0,0,1,0,1,2444,"202410011509"
"11","KOR",0,0,0,0,0,0,0,0,0,0,0,0,0,0,2444,"202410011509"
"12","MOT",0,0,0,0,0,0,0,0,0,0,0,0,0,0,2444,"202410011509"
"13","GÓR",0,0,0,0,0,0,0,0,0,0,0,0,0,0,2444,"202410011509"
"14","LEG",0,0,0,0,0,0,0,0,0,0,0,0,0,0,2444,"202410011509"
"15","ZAG",0,0,0,0,0,0,0,0,0,0,0,0,0,0,2444,"202410011509"
"16","PUN",0,0,0,0,0,0,0,0,0,0,0,0,0,0,2444,"202410011509"
"17","RCZ",0,0,0,0,0,0,0,0,0,0,0,0,0,0,2444,"202410011509"
"18","STM",0,0,0,0,0,0,0,0,0,0,0,0,0,0,2444,"202410011509"
"SUMA","EMPTY",448,0,1,0,0,0,0,0,0,0,0,1,0,20,2444,"202410011509"
"1","LEG",23,0,0,0,0,0,0,0,0,0,0,0,0,1,2445,"202410011509"
"2","POG",21,0,0,0,0,0,0,0,0,0,0,0,0,1,2445,"202410011509"
"3","PUN",21,0,0,0,0,0,0,0,0,0,0,1,0,1,2445,"202410011509"
"4","LGD",19,1,0,0,0,0,0,0,0,0,0,0,0,5,2445,"202410011509"
"5","LPO",45,0,0,0,0,0,0,0,0,0,0,0,0,1,2445,"202410011509"
"6","PIA",90,0,0,0,0,0,0,0,0,0,0,0,0,2,2445,"202410011509"
"7","GKS",90,0,0,0,0,0,0,0,0,0,0,0,0,3,2445,"202410011509"
"8","KOR",67,0,0,0,0,0,0,0,0,0,0,1,0,1,2445,"202410011509"
"9","RCZ",90,0,0,0,0,0,0,0,0,0,0,0,0,2,2445,"202410011509"
"10","RAD",69,0,0,0,0,0,0,0,0,0,0,0,0,3,2445,"202410011509"
"11","GÓR",0,0,0,0,0,0,0,0,0,0,0,0,0,0,2445,"202410011509"
"12","JAG",0,0,0,0,0,0,0,0,0,0,0,0,0,0,2445,"202410011509"
"13","STM",0,0,0,0,0,0,0,0,0,0,0,0,0,0,2445,"202410011509"
"14","ŚLA",0,0,0,0,0,0,0,0,0,0,0,0,0,0,2445,"202410011509"
"15","WID",0,0,0,0,0,0,0,0,0,0,0,0,0,0,2445,"202410011509"
"16","MOT",0,0,0,0,0,0,0,0,0,0,0,0,0,0,2445,"202410011509"
"17","CRA",0,0,0,0,0,0,0,0,0,0,0,0,0,0,2445,"202410011509"
"18","LEG",0,0,0,0,0,0,0,0,0,0,0,0,0,0,2445,"202410011509"
"SUMA","EMPTY",535,1,0,0,0,0,0,0,0,0,0,2,0,20,2445,"202410011509"
"1","GÓR",4,0,0,0,0,0,0,0,0,0,0,0,0,2,2451,"202410011509"
"2","WID",26,0,0,0,0,0,0,0,0,0,0,1,0,0,2451,"202410011509"
"3","LGD",17,0,0,0,0,0,0,0,0,0,0,0,0,2,2451,"202410011509"
"4","RCZ",33,0,0,0,0,0,0,0,0,0,0,0,0,1,2451,"202410011509"
"5","ZAG",5,0,0,0,0,0,0,0,0,0,0,0,0,2,2451,"202410011509"
"6","POG",21,0,0,0,0,0,0,0,0,0,0,0,0,2,2451,"202410011509"
"7","STM",30,0,0,0,0,0,0,0,0,0,0,0,0,2,2451,"202410011509"
"8","JAG",61,0,0,0,0,0,0,0,0,0,0,0,0,3,2451,"202410011509"
"9","ŚLA",27,0,1,0,0,0,0,0,0,0,0,0,0,5,2451,"202410011509"
"10","KOR",17,0,0,0,0,0,0,0,0,0,0,1,0,1,2451,"202410011509"
"11","MOT",0,0,0,0,0,0,0,0,0,0,0,0,0,0,2451,"202410011509"
"12","CRA",0,0,0,0,0,0,0,0,0,0,0,0,0,0,2451,"202410011509"
"13","RAD",0,0,0,0,0,0,0,0,0,0,0,0,0,0,2451,"202410011509"
"14","PUN",0,0,0,0,0,0,0,0,0,0,0,0,0,0,2451,"202410011509"
"15","LEG",0,0,0,0,0,0,0,0,0,0,0,0,0,0,2451,"202410011509"
"16","GKS",0,0,0,0,0,0,0,0,0,0,0,0,0,0,2451,"202410011509"
"17","PIA",0,0,0,0,0,0,0,0,0,0,0,0,0,0,2451,"202410011509"
"18","GÓR",0,0,0,0,0,0,0,0,0,0,0,0,0,0,2451,"202410011509"
"SUMA","EMPTY",241,0,1,0,0,0,0,0,0,0,0,2,0,20,2451,"202410011509"
"1","STM",62,0,0,0,0,0,0,0,0,0,0,0,0,2,2197,"202410011509"
"2","LPO",21,0,0,0,0,0,0,0,0,0,0,0,0,2,2197,"202410011509"
"3","CRA",10,0,2,0,0,0,0,0,0,0,0,1,0,8,2197,"202410011509"
"4","ŚLA",64,0,0,0,0,0,0,0,0,0,0,0,0,3,2197,"202410011509"
"5","POG",0,0,0,0,0,0,0,0,0,0,0,0,0,0,2197,"202410011509"
"6","RAD",30,0,0,0,0,0,0,0,0,0,0,0,0,2,2197,"202410011509"
"7","JAG",28,0,0,0,0,0,0,0,0,0,0,0,0,1,2197,"202410011509"
"8","GKS",0,0,0,0,0,0,0,0,0,0,0,0,0,0,2197,"202410011509"
"9","PIA",18,0,0,0,0,0,0,0,0,0,0,0,0,2,2197,"202410011509"
"10","LGD",0,0,0,0,0,0,0,0,0,0,0,0,0,0,2197,"202410011509"
"11","KOR",0,0,0,0,0,0,0,0,0,0,0,0,0,0,2197,"202410011509"
"12","MOT",0,0,0,0,0,0,0,0,0,0,0,0,0,0,2197,"202410011509"
"13","GÓR",0,0,0,0,0,0,0,0,0,0,0,0,0,0,2197,"202410011509"
"14","LEG",0,0,0,0,0,0,0,0,0,0,0,0,0,0,2197,"202410011509"
"15","ZAG",0,0,0,0,0,0,0,0,0,0,0,0,0,0,2197,"202410011509"
"16","PUN",0,0,0,0,0,0,0,0,0,0,0,0,0,0,2197,"202410011509"
"17","RCZ",0,0,0,0,0,0,0,0,0,0,0,0,0,0,2197,"202410011509"
"18","STM",0,0,0,0,0,0,0,0,0,0,0,0,0,0,2197,"202410011509"
"SUMA","EMPTY",233,0,2,0,0,0,0,0,0,0,0,1,0,20,2197,"202410011509"
"2023/24 - wiosna","EMPTY",807,2,2,0,0,0,0,0,0,0,0,0,0,52,2197,"202410011509"
"2023/24 - jesień","EMPTY",787,1,0,0,0,0,0,0,0,0,0,0,0,34,2197,"202410011509"
"1","GKS",16,0,0,0,0,0,0,0,0,0,0,0,0,2,1688,"202410011509"
"2","JAG",45,0,0,0,0,0,0,0,0,0,0,0,0,1,1688,"202410011509"
"4","GÓR",70,1,0,0,0,0,0,0,0,0,0,0,0,7,1688,"202410011509"
"5","LEG",78,0,1,0,0,0,0,0,0,0,0,1,0,4,1688,"202410011509"
"6","WID",76,0,0,0,0,0,0,0,0,0,0,1,0,1,1688,"202410011509"
"7","CRA",15,0,0,0,0,0,0,0,0,0,0,0,0,2,1688,"202410011509"
"8","LGD",23,0,0,0,0,0,0,0,0,0,0,0,0,1,1688,"202410011509"
"9","KOR",21,0,0,0,0,0,0,0,0,0,0,1,0,1,1688,"202410011509"
"10","ZAG",17,0,0,0,0,0,0,0,0,0,0,0,0,1,1688,"202410011509"
"11","RCZ",0,0,0,0,0,0,0,0,0,0,0,0,0,0,1688,"202410011509"
"12","PUN",0,0,0,0,0,0,0,0,0,0,0,0,0,0,1688,"202410011509"
"13","LPO",0,0,0,0,0,0,0,0,0,0,0,0,0,0,1688,"202410011509"
"14","PIA",0,0,0,0,0,0,0,0,0,0,0,0,0,0,1688,"202410011509"
"15","POG",0,0,0,0,0,0,0,0,0,0,0,0,0,0,1688,"202410011509"
"16","STM",0,0,0,0,0,0,0,0,0,0,0,0,0,0,1688,"202410011509"
"17","MOT",0,0,0,0,0,0,0,0,0,0,0,0,0,0,1688,"202410011509"
"18","ŚLA",0,0,0,0,0,0,0,0,0,0,0,0,0,0,1688,"202410011509"
"18","GKS",0,0,0,0,0,0,0,0,0,0,0,0,0,0,1688,"202410011509"
"SUMA","EMPTY",361,1,1,0,0,0,0,0,0,0,0,3,0,20,1688,"202410011509"
"2023/24 - wiosna","EMPTY",187,0,1,0,0,0,0,0,0,0,0,2,0,14,1688,"202410011509"
"2023/24 - jesień","EMPTY",160,0,0,0,0,0,1,0,0,0,0,2,0,13,1688,"202410011509"
"2022/23 - wiosna","EMPTY",0,0,0,0,0,0,0,0,0,0,0,0,0,0,1688,"202410011509"
"2022/23 - jesień","EMPTY",677,0,1,0,0,0,0,0,0,0,0,2,0,29,1688,"202410011509"
"2021/22 - wiosna","EMPTY",1064,0,0,0,0,0,0,0,0,0,0,2,0,30,1688,"202410011509"
"2021/22 - jesień","EMPTY",1673,4,2,0,0,0,0,1,1,0,0,1,0,75,1688,"202410011509"
"1","POG",36,0,0,0,0,0,0,0,0,0,0,0,0,1,2208,"202410011509"
"2","LEG",75,0,0,0,0,0,0,0,0,0,0,0,0,2,2208,"202410011509"
"3","MOT",89,0,0,0,0,0,0,0,0,0,0,0,0,2,2208,"202410011509"
"4","CRA",70,0,0,0,0,0,0,0,0,0,0,0,0,2,2208,"202410011509"
"5","ŚLA",72,0,0,0,0,0,0,0,0,0,0,0,0,2,2208,"202410011509"
"6","STM",61,0,0,0,0,0,0,0,0,0,0,0,0,3,2208,"202410011509"
"7","PUN",71,0,0,0,0,0,0,0,0,0,0,0,0,3,2208,"202410011509"
"8","ZAG",74,0,0,0,0,0,0,0,0,0,0,1,0,3,2208,"202410011509"
"9","RAD",70,0,0,0,0,0,0,0,0,0,0,1,0,1,2208,"202410011509"
"10","LPO",75,0,0,0,0,0,0,0,0,0,0,1,0,1,2208,"202410011509"
"11","WID",0,0,0,0,0,0,0,0,0,0,0,0,0,0,2208,"202410011509"
"12","PIA",0,0,0,0,0,0,0,0,0,0,0,0,0,0,2208,"202410011509"
"13","JAG",0,0,0,0,0,0,0,0,0,0,0,0,0,0,2208,"202410011509"
"14","GKS",0,0,0,0,0,0,0,0,0,0,0,0,0,0,2208,"202410011509"
"15","LGD",0,0,0,0,0,0,0,0,0,0,0,0,0,0,2208,"202410011509"
"16","RCZ",0,0,0,0,0,0,0,0,0,0,0,0,0,0,2208,"202410011509"
"17","GÓR",0,0,0,0,0,0,0,0,0,0,0,0,0,0,2208,"202410011509"
"18","POG",0,0,0,0,0,0,0,0,0,0,0,0,0,0,2208,"202410011509"
"SUMA","EMPTY",693,0,0,0,0,0,0,0,0,0,0,3,0,20,2208,"202410011509"
"2023/24 - wiosna","EMPTY",1305,2,1,0,0,0,0,0,0,0,0,4,0,47,2208,"202410011509"
"2023/24 - jesień","EMPTY",1218,4,0,0,0,0,1,0,0,0,0,3,0,58,2208,"202410011509"
"2","CRA",19,0,0,0,0,0,0,0,0,0,0,0,0,1,2476,"202410011509"
"3","GKS",19,0,0,0,0,0,0,0,0,0,0,1,0,1,2476,"202410011509"
"4","LPO",18,0,0,0,0,0,0,0,0,0,0,0,0,1,2476,"202410011509"
"5","GÓR",19,0,0,0,0,0,0,0,0,0,0,0,0,1,2476,"202410011509"
"6","LGD",38,1,0,0,0,0,0,0,0,0,0,1,0,5,2476,"202410011509"
"7","PIA",85,0,0,0,0,0,0,0,0,0,0,0,0,2,2476,"202410011509"
"8","LEG",42,0,0,0,0,0,0,0,0,0,0,1,0,1,2476,"202410011509"
"9","ZAG",74,1,0,0,0,0,0,0,0,0,0,0,0,7,2476,"202410011509"
"10","PUN",30,0,0,0,0,0,0,0,0,0,0,1,0,1,2476,"202410011509"
"11","RAD",0,0,0,0,0,0,0,0,0,0,0,0,0,0,2476,"202410011509"
"12","POG",0,0,0,0,0,0,0,0,0,0,0,0,0,0,2476,"202410011509"
"13","ŚLA",0,0,0,0,0,0,0,0,0,0,0,0,0,0,2476,"202410011509"
"14","STM",0,0,0,0,0,0,0,0,0,0,0,0,0,0,2476,"202410011509"
"15","JAG",0,0,0,0,0,0,0,0,0,0,0,0,0,0,2476,"202410011509"
"16","KOR",0,0,0,0,0,0,0,0,0,0,0,0,0,0,2476,"202410011509"
"17","WID",0,0,0,0,0,0,0,0,0,0,0,0,0,0,2476,"202410011509"
"18","MOT",0,0,0,0,0,0,0,0,0,0,0,0,0,0,2476,"202410011509"
"SUMA","EMPTY",344,2,0,0,0,0,0,0,0,0,0,4,0,20,2476,"202410011509"
"1","RAD",0,0,0,0,0,0,0,0,0,0,0,0,0,0,948,"202410011509"
"2","STM",23,0,0,0,0,0,0,0,0,0,0,0,0,2,948,"202410011509"
"3","RCZ",0,0,0,0,0,0,0,0,0,0,0,0,0,0,948,"202410011509"
"4","PIA",90,0,0,0,0,0,0,0,0,0,0,0,0,1,948,"202410011509"
"5","MOT",90,0,0,0,0,0,0,0,0,0,0,1,0,4,948,"202410011509"
"6","JAG",90,0,0,0,0,0,0,0,0,0,0,0,0,3,948,"202410011509"
"7","ZAG",90,0,0,0,0,0,0,0,0,0,0,0,0,2,948,"202410011509"
"8","WID",90,0,0,0,0,0,0,0,0,0,0,0,0,1,948,"202410011509"
"9","GÓR",90,0,0,0,0,0,0,0,0,0,0,0,0,0,948,"202410011509"
"10","POG",90,0,1,0,0,0,0,0,0,0,0,0,0,7,948,"202410011509"
"11","PUN",0,0,0,0,0,0,0,0,0,0,0,0,0,0,948,"202410011509"
"12","ŚLA",0,0,0,0,0,0,0,0,0,0,0,0,0,0,948,"202410011509"
"13","LEG",0,0,0,0,0,0,0,0,0,0,0,0,0,0,948,"202410011509"
"14","KOR",0,0,0,0,0,0,0,0,0,0,0,0,0,0,948,"202410011509"
"15","CRA",0,0,0,0,0,0,0,0,0,0,0,0,0,0,948,"202410011509"
"16","LPO",0,0,0,0,0,0,0,0,0,0,0,0,0,0,948,"202410011509"
"17","LGD",0,0,0,0,0,0,0,0,0,0,0,0,0,0,948,"202410011509"
"18","RAD",0,0,0,0,0,0,0,0,0,0,0,0,0,0,948,"202410011509"
"SUMA","EMPTY",653,0,1,0,0,0,0,0,0,0,0,1,0,20,948,"202410011509"
"2023/24 - wiosna","EMPTY",0,0,0,0,0,0,0,0,0,0,0,0,0,0,948,"202410011509"
"2023/24 - jesień","EMPTY",0,0,0,0,0,0,0,0,0,0,0,0,0,0,948,"202410011509"
"2022/23 - wiosna","EMPTY",0,0,0,0,0,0,0,0,0,0,0,0,0,0,948,"202410011509"
"2022/23 - jesień","EMPTY",0,0,0,0,0,0,0,0,0,0,0,0,0,0,948,"202410011509"
"2021/22 - wiosna","EMPTY",0,0,0,0,0,0,0,0,0,0,0,0,0,0,948,"202410011509"
"2021/22 - jesień","EMPTY",0,0,0,0,0,0,0,0,0,0,0,0,0,0,948,"202410011509"
"2020/21 - wiosna","EMPTY",0,0,0,0,0,0,0,0,0,0,0,0,0,0,948,"202410011509"
"2020/21 - jesień","EMPTY",0,0,0,0,0,0,0,0,0,0,0,0,0,0,948,"202410011509"
"2019/20 - wiosna","EMPTY",0,0,0,0,0,0,0,0,0,0,0,0,0,0,948,"202410011509"
"2019/20 - jesień","EMPTY",0,0,0,0,0,0,0,0,0,0,0,0,0,0,948,"202410011509"
"2018/19 - wiosna","EMPTY",450,0,0,0,0,0,0,0,0,1,0,0,0,8,948,"202410011509"
"2018/19 - jesień","EMPTY",1701,0,0,0,0,0,0,0,0,1,0,1,1,30,948,"202410011509"
"2016/17 - jesień","EMPTY",1170,0,0,0,0,0,0,0,0,0,0,1,0,46,948,"202410011509"
"1","ZAG",65,0,0,0,0,0,0,0,0,0,0,1,0,5,2095,"202410011509"
"2","KOR",90,0,0,0,0,0,0,0,0,0,0,1,0,5,2095,"202410011509"
"3","PIA",90,0,0,0,0,0,0,0,0,0,0,0,0,1,2095,"202410011509"
"4","PUN",66,0,0,0,0,0,0,0,0,0,0,0,0,1,2095,"202410011509"
"5","RAD",0,0,0,0,0,0,0,0,0,0,0,0,0,0,2095,"202410011509"
"6","ŚLA",0,0,0,0,0,0,0,0,0,0,0,0,0,0,2095,"202410011509"
"7","MOT",90,0,1,0,0,0,0,0,0,0,0,0,0,7,2095,"202410011509"
"8","RCZ",0,0,0,0,0,0,0,0,0,0,0,0,0,0,2095,"202410011509"
"9","POG",0,0,0,0,0,0,0,0,0,0,0,0,0,0,2095,"202410011509"
"10","GÓR",0,0,0,0,0,0,0,0,0,0,0,0,0,0,2095,"202410011509"
"11","JAG",0,0,0,0,0,0,0,0,0,0,0,0,0,0,2095,"202410011509"
"12","LGD",0,0,0,0,0,0,0,0,0,0,0,0,0,0,2095,"202410011509"
"13","GKS",0,0,0,0,0,0,0,0,0,0,0,0,0,0,2095,"202410011509"
"14","WID",0,0,0,0,0,0,0,0,0,0,0,0,0,0,2095,"202410011509"
"15","LPO",0,0,0,0,0,0,0,0,0,0,0,0,0,0,2095,"202410011509"
"16","CRA",0,0,0,0,0,0,0,0,0,0,0,0,0,0,2095,"202410011509"
"17","STM",0,0,0,0,0,0,0,0,0,0,0,0,0,0,2095,"202410011509"
"18","ZAG",0,0,0,0,0,0,0,0,0,0,0,0,0,0,2095,"202410011509"
"SUMA","EMPTY",401,0,1,0,0,0,0,0,0,0,0,2,0,19,2095,"202410011509"
"2023/24 - wiosna","EMPTY",186,0,0,0,0,0,0,0,0,0,0,0,0,11,2095,"202410011509"
"2023/24 - jesień","EMPTY",0,0,0,0,0,0,0,0,0,0,0,0,0,0,2095,"202410011509"
"2022/23 - wiosna","EMPTY",0,0,0,0,0,0,0,0,0,0,0,0,0,0,2095,"202410011509"
"1","LEG",3,0,0,0,0,0,0,0,0,0,0,0,0,1,1653,"202410011509"
"2","POG",20,0,0,0,0,0,0,0,0,0,0,0,0,1,1653,"202410011509"
"3","PUN",4,0,0,0,0,0,0,0,0,0,0,0,0,2,1653,"202410011509"
"4","LGD",19,0,1,0,0,0,0,0,0,0,0,1,0,3,1653,"202410011509"
"5","LPO",90,0,0,0,0,0,0,0,0,0,0,1,0,1,1653,"202410011509"
"6","PIA",45,0,0,0,0,0,0,0,0,0,0,0,0,1,1653,"202410011509"
"7","GKS",36,0,0,0,0,0,0,0,0,0,0,0,0,2,1653,"202410011509"
"8","KOR",90,0,0,0,0,0,0,0,0,0,0,0,0,2,1653,"202410011509"
"9","RCZ",90,0,0,0,0,0,0,0,0,0,0,0,0,2,1653,"202410011509"
"10","RAD",90,0,0,0,0,0,0,0,0,0,0,0,0,4,1653,"202410011509"
"11","GÓR",0,0,0,0,0,0,0,0,0,0,0,0,0,0,1653,"202410011509"
"12","JAG",0,0,0,0,0,0,0,0,0,0,0,0,0,0,1653,"202410011509"
"13","STM",0,0,0,0,0,0,0,0,0,0,0,0,0,0,1653,"202410011509"
"14","ŚLA",0,0,0,0,0,0,0,0,0,0,0,0,0,0,1653,"202410011509"
"15","WID",0,0,0,0,0,0,0,0,0,0,0,0,0,0,1653,"202410011509"
"16","MOT",0,0,0,0,0,0,0,0,0,0,0,0,0,0,1653,"202410011509"
"17","CRA",0,0,0,0,0,0,0,0,0,0,0,0,0,0,1653,"202410011509"
"18","LEG",0,0,0,0,0,0,0,0,0,0,0,0,0,0,1653,"202410011509"
"SUMA","EMPTY",487,0,1,0,0,0,0,0,0,0,0,2,0,19,1653,"202410011509"
"2021/22 - wiosna","EMPTY",864,0,1,0,0,0,0,0,0,0,0,2,0,30,1653,"202410011509"
"2021/22 - jesień","EMPTY",770,2,1,0,0,0,0,0,0,0,0,1,0,35,1653,"202410011509"
"1","STM",90,0,0,0,0,0,0,0,0,0,0,0,0,2,2443,"202410011509"
"2","LPO",90,0,0,0,0,0,0,0,0,0,0,0,0,3,2443,"202410011509"
"3","CRA",90,0,0,0,0,0,0,0,0,0,0,1,0,2,2443,"202410011509"
"4","ŚLA",64,0,0,0,0,0,0,0,0,0,0,0,1,2,2443,"202410011509"
"5","POG",0,0,0,0,0,0,0,0,0,0,0,0,0,0,2443,"202410011509"
"6","RAD",0,0,0,0,0,0,0,0,0,0,0,0,0,0,2443,"202410011509"
"7","JAG",90,0,0,0,0,0,0,0,0,0,0,0,0,2,2443,"202410011509"
"8","GKS",80,0,0,0,0,0,0,0,0,0,0,1,0,0,2443,"202410011509"
"9","PIA",90,0,0,0,0,0,0,0,0,0,0,0,0,6,2443,"202410011509"
"10","LGD",90,0,0,0,0,0,0,0,0,0,0,0,0,2,2443,"202410011509"
"11","KOR",0,0,0,0,0,0,0,0,0,0,0,0,0,0,2443,"202410011509"
"12","MOT",0,0,0,0,0,0,0,0,0,0,0,0,0,0,2443,"202410011509"
"13","GÓR",0,0,0,0,0,0,0,0,0,0,0,0,0,0,2443,"202410011509"
"14","LEG",0,0,0,0,0,0,0,0,0,0,0,0,0,0,2443,"202410011509"
"15","ZAG",0,0,0,0,0,0,0,0,0,0,0,0,0,0,2443,"202410011509"
"16","PUN",0,0,0,0,0,0,0,0,0,0,0,0,0,0,2443,"202410011509"
"17","RCZ",0,0,0,0,0,0,0,0,0,0,0,0,0,0,2443,"202410011509"
"18","STM",0,0,0,0,0,0,0,0,0,0,0,0,0,0,2443,"202410011509"
"SUMA","EMPTY",684,0,0,0,0,0,0,0,0,0,0,2,1,19,2443,"202410011509"
"1","POG",0,0,0,0,0,0,0,0,0,0,0,0,0,0,2454,"202410011509"
"2","LEG",0,0,0,0,0,0,0,0,0,0,0,0,0,0,2454,"202410011509"
"3","MOT",0,0,0,0,0,0,0,0,0,0,0,0,0,0,2454,"202410011509"
"4","CRA",0,0,0,0,0,0,0,0,0,0,0,0,0,0,2454,"202410011509"
"5","ŚLA",90,0,0,0,0,0,0,0,0,0,0,1,0,1,2454,"202410011509"
"6","STM",90,0,0,0,0,0,0,0,0,0,0,0,0,3,2454,"202410011509"
"7","PUN",90,0,0,0,0,0,0,0,0,0,0,0,0,5,2454,"202410011509"
"8","ZAG",90,1,0,0,0,0,0,0,0,0,0,0,0,12,2454,"202410011509"
"9","RAD",90,0,0,0,0,0,0,0,0,0,0,1,0,-2,2454,"202410011509"
"10","LPO",90,0,0,0,0,0,0,0,0,0,0,0,0,0,2454,"202410011509"
"11","WID",0,0,0,0,0,0,0,0,0,0,0,0,0,0,2454,"202410011509"
"12","PIA",0,0,0,0,0,0,0,0,0,0,0,0,0,0,2454,"202410011509"
"13","JAG",0,0,0,0,0,0,0,0,0,0,0,0,0,0,2454,"202410011509"
"14","GKS",0,0,0,0,0,0,0,0,0,0,0,0,0,0,2454,"202410011509"
"15","LGD",0,0,0,0,0,0,0,0,0,0,0,0,0,0,2454,"202410011509"
"16","RCZ",0,0,0,0,0,0,0,0,0,0,0,0,0,0,2454,"202410011509"
"17","GÓR",0,0,0,0,0,0,0,0,0,0,0,0,0,0,2454,"202410011509"
"18","POG",0,0,0,0,0,0,0,0,0,0,0,0,0,0,2454,"202410011509"
"SUMA","EMPTY",540,1,0,0,0,0,0,0,0,0,0,2,0,19,2454,"202410011509"
"1","POG",54,0,0,0,0,0,0,0,0,0,0,0,0,2,1954,"202410011509"
"2","LEG",15,0,0,0,0,0,0,0,0,0,0,0,0,1,1954,"202410011509"
"3","MOT",24,0,0,0,0,0,0,0,0,0,0,0,0,1,1954,"202410011509"
"4","CRA",31,0,0,0,0,0,0,0,1,0,0,0,0,-2,1954,"202410011509"
"5","ŚLA",90,0,0,0,0,0,0,0,0,0,0,0,0,2,1954,"202410011509"
"6","STM",90,0,0,0,0,0,1,0,0,0,0,0,0,5,1954,"202410011509"
"7","PUN",90,0,0,0,0,0,0,0,0,0,0,0,0,2,1954,"202410011509"
"8","ZAG",62,0,0,1,0,0,0,0,0,0,0,0,0,5,1954,"202410011509"
"9","RAD",45,0,0,0,0,0,0,0,0,0,0,0,0,2,1954,"202410011509"
"10","LPO",22,0,0,0,0,0,0,0,0,0,0,0,0,1,1954,"202410011509"
"11","WID",0,0,0,0,0,0,0,0,0,0,0,0,0,0,1954,"202410011509"
"12","PIA",0,0,0,0,0,0,0,0,0,0,0,0,0,0,1954,"202410011509"
"13","JAG",0,0,0,0,0,0,0,0,0,0,0,0,0,0,1954,"202410011509"
"14","GKS",0,0,0,0,0,0,0,0,0,0,0,0,0,0,1954,"202410011509"
"15","LGD",0,0,0,0,0,0,0,0,0,0,0,0,0,0,1954,"202410011509"
"16","RCZ",0,0,0,0,0,0,0,0,0,0,0,0,0,0,1954,"202410011509"
"17","GÓR",0,0,0,0,0,0,0,0,0,0,0,0,0,0,1954,"202410011509"
"18","POG",0,0,0,0,0,0,0,0,0,0,0,0,0,0,1954,"202410011509"
"SUMA","EMPTY",523,0,0,1,0,0,1,0,1,0,0,0,0,19,1954,"202410011509"
"2023/24 - wiosna","EMPTY",1073,8,0,0,0,0,0,0,0,0,0,0,0,65,1954,"202410011509"
"2023/24 - jesień","EMPTY",1177,2,1,0,0,0,0,0,0,0,0,1,0,44,1954,"202410011509"
"2022/23 - wiosna","EMPTY",1366,6,0,0,1,0,0,0,0,0,0,2,0,62,1954,"202410011509"
"2022/23 - jesień","EMPTY",510,0,1,0,0,0,0,0,0,0,0,2,0,22,1954,"202410011509"
"1","LEG",90,0,0,0,0,0,0,0,0,0,0,0,0,1,1483,"202410011509"
"2","POG",90,0,0,0,0,0,0,0,0,0,0,0,0,1,1483,"202410011509"
"3","PUN",90,0,0,0,0,0,0,0,0,0,0,0,0,6,1483,"202410011509"
"4","LGD",90,0,0,0,0,0,0,0,0,0,0,0,0,2,1483,"202410011509"
"5","LPO",90,0,0,0,0,0,0,0,0,0,0,0,0,2,1483,"202410011509"
"6","PIA",85,0,0,0,0,0,0,0,0,0,0,0,0,2,1483,"202410011509"
"7","GKS",83,0,0,0,0,0,0,0,0,0,0,0,0,6,1483,"202410011509"
"8","KOR",45,0,0,0,0,0,0,0,0,0,0,1,0,0,1483,"202410011509"
"9","RCZ",15,0,0,0,0,0,0,0,0,0,0,0,0,-1,1483,"202410011509"
"10","RAD",0,0,0,0,0,0,0,0,0,0,0,0,0,0,1483,"202410011509"
"11","GÓR",0,0,0,0,0,0,0,0,0,0,0,0,0,0,1483,"202410011509"
"12","JAG",0,0,0,0,0,0,0,0,0,0,0,0,0,0,1483,"202410011509"
"13","STM",0,0,0,0,0,0,0,0,0,0,0,0,0,0,1483,"202410011509"
"14","ŚLA",0,0,0,0,0,0,0,0,0,0,0,0,0,0,1483,"202410011509"
"15","WID",0,0,0,0,0,0,0,0,0,0,0,0,0,0,1483,"202410011509"
"16","MOT",0,0,0,0,0,0,0,0,0,0,0,0,0,0,1483,"202410011509"
"17","CRA",0,0,0,0,0,0,0,0,0,0,0,0,0,0,1483,"202410011509"
"18","LEG",0,0,0,0,0,0,0,0,0,0,0,0,0,0,1483,"202410011509"
"SUMA","EMPTY",678,0,0,0,0,0,0,0,0,0,0,1,0,19,1483,"202410011509"
"2023/24 - wiosna","EMPTY",719,0,0,0,0,0,0,0,0,0,0,1,0,25,1483,"202410011509"
"2023/24 - jesień","EMPTY",338,0,0,0,0,0,0,0,0,0,0,0,0,9,1483,"202410011509"
"2022/23 - wiosna","EMPTY",252,0,0,0,0,0,0,1,0,0,0,1,0,4,1483,"202410011509"
"2022/23 - jesień","EMPTY",759,0,0,0,0,0,0,0,0,0,0,1,0,27,1483,"202410011509"
"2021/22 - wiosna","EMPTY",1207,0,0,0,0,0,0,0,0,0,0,1,0,45,1483,"202410011509"
"2021/22 - jesień","EMPTY",1419,0,4,0,1,0,0,0,0,0,0,1,0,60,1483,"202410011509"
"2020/21 - wiosna","EMPTY",1203,0,0,0,0,0,0,1,0,0,0,3,0,48,1483,"202410011509"
"2020/21 - jesień","EMPTY",137,0,0,0,0,0,0,0,0,0,0,1,0,4,1483,"202410011509"
"1","WID",87,0,0,0,0,0,0,0,0,0,0,0,0,2,2279,"202410011509"
"2","GKS",58,0,0,0,0,0,0,0,0,0,0,0,0,2,2279,"202410011509"
"3","JAG",90,0,0,0,0,0,0,0,0,0,0,0,0,1,2279,"202410011509"
"4","POG",89,0,0,0,0,0,0,0,0,0,0,0,0,2,2279,"202410011509"
"5","PIA",72,0,0,0,0,0,0,0,0,0,0,0,0,6,2279,"202410011509"
"6","KOR",57,0,0,0,0,0,0,0,0,0,0,0,0,2,2279,"202410011509"
"7","LPO",71,0,0,0,0,0,0,0,0,0,0,0,0,1,2279,"202410011509"
"8","ŚLA",0,0,0,0,0,0,0,0,0,0,0,0,0,0,2279,"202410011509"
"9","MOT",4,0,0,0,0,0,0,0,0,0,0,0,0,2,2279,"202410011509"
"10","CRA",18,0,0,0,0,0,0,0,0,0,0,0,0,1,2279,"202410011509"
"11","LGD",0,0,0,0,0,0,0,0,0,0,0,0,0,0,2279,"202410011509"
"12","GÓR",0,0,0,0,0,0,0,0,0,0,0,0,0,0,2279,"202410011509"
"13","ZAG",0,0,0,0,0,0,0,0,0,0,0,0,0,0,2279,"202410011509"
"14","RCZ",0,0,0,0,0,0,0,0,0,0,0,0,0,0,2279,"202410011509"
"15","PUN",0,0,0,0,0,0,0,0,0,0,0,0,0,0,2279,"202410011509"
"16","RAD",0,0,0,0,0,0,0,0,0,0,0,0,0,0,2279,"202410011509"
"17","LEG",0,0,0,0,0,0,0,0,0,0,0,0,0,0,2279,"202410011509"
"18","WID",0,0,0,0,0,0,0,0,0,0,0,0,0,0,2279,"202410011509"
"SUMA","EMPTY",546,0,0,0,0,0,0,0,0,0,0,0,0,19,2279,"202410011509"
"2023/24 - wiosna","EMPTY",1004,1,0,0,0,0,0,0,0,0,0,0,0,56,2279,"202410011509"
"2023/24 - jesień","EMPTY",434,0,1,0,0,0,0,0,0,0,0,0,0,19,2279,"202410011509"
"1","PIA",90,0,0,0,0,0,0,0,0,0,0,1,0,1,2283,"202410011509"
"2","RCZ",90,0,0,0,0,0,0,0,0,0,0,0,0,6,2283,"202410011509"
"3","WID",90,0,0,0,0,0,0,0,0,0,0,0,0,0,2283,"202410011509"
"4","KOR",90,0,0,0,0,0,0,0,0,0,0,1,0,5,2283,"202410011509"
"5","JAG",0,0,0,0,0,0,0,0,0,0,0,0,0,0,2283,"202410011509"
"6","GÓR",0,0,0,0,0,0,0,0,0,0,0,0,0,0,2283,"202410011509"
"7","RAD",90,0,0,0,0,0,0,0,0,0,0,0,0,1,2283,"202410011509"
"8","POG",90,0,0,0,0,0,0,0,0,0,0,0,0,3,2283,"202410011509"
"9","PUN",90,0,0,0,0,0,0,0,0,0,0,1,0,2,2283,"202410011509"
"10","STM",90,0,0,0,0,0,0,0,0,0,0,1,0,1,2283,"202410011509"
"11","ŚLA",0,0,0,0,0,0,0,0,0,0,0,0,0,0,2283,"202410011509"
"12","LPO",0,0,0,0,0,0,0,0,0,0,0,0,0,0,2283,"202410011509"
"13","MOT",0,0,0,0,0,0,0,0,0,0,0,0,0,0,2283,"202410011509"
"14","LGD",0,0,0,0,0,0,0,0,0,0,0,0,0,0,2283,"202410011509"
"15","GKS",0,0,0,0,0,0,0,0,0,0,0,0,0,0,2283,"202410011509"
"16","LEG",0,0,0,0,0,0,0,0,0,0,0,0,0,0,2283,"202410011509"
"17","ZAG",0,0,0,0,0,0,0,0,0,0,0,0,0,0,2283,"202410011509"
"18","PIA",0,0,0,0,0,0,0,0,0,0,0,0,0,0,2283,"202410011509"
"SUMA","EMPTY",720,0,0,0,0,0,0,0,0,0,0,4,0,19,2283,"202410011509"
"2023/24 - wiosna","EMPTY",495,1,0,0,0,0,0,0,0,0,0,1,0,23,2283,"202410011509"
"2023/24 - jesień","EMPTY",612,1,0,0,0,0,0,1,0,0,0,2,0,15,2283,"202410011509"
"1","STM",80,0,0,0,0,0,0,0,0,0,0,1,1,-1,2289,"202410011509"
"2","LPO",90,0,0,0,0,0,0,0,0,0,0,0,0,3,2289,"202410011509"
"3","CRA",90,0,0,0,0,0,0,0,0,0,0,1,0,2,2289,"202410011509"
"4","ŚLA",90,0,0,0,0,0,0,0,0,0,0,0,0,5,2289,"202410011509"
"5","POG",90,0,0,0,0,0,0,0,0,0,0,0,0,1,2289,"202410011509"
"6","RAD",90,0,0,0,0,0,0,0,0,0,0,1,0,1,2289,"202410011509"
"7","JAG",0,0,0,0,0,0,0,0,0,0,0,0,0,0,2289,"202410011509"
"8","GKS",90,0,0,0,0,0,0,0,0,0,0,1,0,0,2289,"202410011509"
"9","PIA",75,0,0,0,0,0,0,0,0,0,0,0,0,6,2289,"202410011509"
"10","LGD",90,0,0,0,0,0,0,0,0,0,0,0,0,2,2289,"202410011509"
"11","KOR",0,0,0,0,0,0,0,0,0,0,0,0,0,0,2289,"202410011509"
"12","MOT",0,0,0,0,0,0,0,0,0,0,0,0,0,0,2289,"202410011509"
"13","GÓR",0,0,0,0,0,0,0,0,0,0,0,0,0,0,2289,"202410011509"
"14","LEG",0,0,0,0,0,0,0,0,0,0,0,0,0,0,2289,"202410011509"
"15","ZAG",0,0,0,0,0,0,0,0,0,0,0,0,0,0,2289,"202410011509"
"16","PUN",0,0,0,0,0,0,0,0,0,0,0,0,0,0,2289,"202410011509"
"17","RCZ",0,0,0,0,0,0,0,0,0,0,0,0,0,0,2289,"202410011509"
"18","STM",0,0,0,0,0,0,0,0,0,0,0,0,0,0,2289,"202410011509"
"SUMA","EMPTY",785,0,0,0,0,0,0,0,0,0,0,4,1,19,2289,"202410011509"
"2023/24 - wiosna","EMPTY",855,1,0,0,0,0,0,0,0,0,0,1,0,31,2289,"202410011509"
"2023/24 - jesień","EMPTY",729,0,0,0,0,0,0,1,0,0,0,1,0,22,2289,"202410011509"
"1","LGD",84,0,0,0,0,0,0,0,0,0,0,0,0,2,777,"202410011509"
"2","PIA",45,0,0,0,0,0,0,0,0,0,0,0,0,1,777,"202410011509"
"4","WID",6,0,0,0,0,0,0,0,0,0,0,0,0,1,777,"202410011509"
"5","KOR",24,0,1,0,0,0,0,0,0,0,0,0,0,4,777,"202410011509"
"6","LEG",90,0,0,0,0,0,0,0,0,0,0,0,0,2,777,"202410011509"
"7","POG",90,0,1,0,0,0,0,0,0,0,0,1,0,4,777,"202410011509"
"8","STM",0,0,0,0,0,0,0,0,0,0,0,0,0,0,777,"202410011509"
"9","LPO",90,0,0,0,0,0,0,0,0,0,0,0,0,2,777,"202410011509"
"10","MOT",90,0,0,0,0,0,0,0,0,0,0,0,0,2,777,"202410011509"
"11","CRA",0,0,0,0,0,0,0,0,0,0,0,0,0,0,777,"202410011509"
"12","GKS",0,0,0,0,0,0,0,0,0,0,0,0,0,0,777,"202410011509"
"13","RCZ",0,0,0,0,0,0,0,0,0,0,0,0,0,0,777,"202410011509"
"14","ZAG",0,0,0,0,0,0,0,0,0,0,0,0,0,0,777,"202410011509"
"15","GÓR",0,0,0,0,0,0,0,0,0,0,0,0,0,0,777,"202410011509"
"16","JAG",0,0,0,0,0,0,0,0,0,0,0,0,0,0,777,"202410011509"
"17","PUN",0,0,0,0,0,0,0,0,0,0,0,0,0,0,777,"202410011509"
"18","RAD",0,0,0,0,0,0,0,0,0,0,0,0,0,0,777,"202410011509"
"18","LGD",0,0,0,0,0,0,0,0,0,0,0,0,0,0,777,"202410011509"
"SUMA","EMPTY",519,0,2,0,0,0,0,0,0,0,0,1,0,18,777,"202410011509"
"2023/24 - wiosna","EMPTY",298,1,0,0,0,0,0,0,0,0,0,0,0,22,777,"202410011509"
"2023/24 - jesień","EMPTY",925,0,0,0,0,0,0,1,0,0,0,4,0,37,777,"202410011509"
"2022/23 - wiosna","EMPTY",0,0,0,0,0,0,0,0,0,0,0,0,0,0,777,"202410011509"
"2022/23 - jesień","EMPTY",70,0,0,0,0,0,0,0,0,0,0,0,0,5,777,"202410011509"
"2021/22 - wiosna","EMPTY",0,0,0,0,0,0,0,0,0,0,0,0,0,0,777,"202410011509"
"2021/22 - jesień","EMPTY",1303,2,1,0,0,0,0,1,0,0,0,2,0,46,777,"202410011509"
"2020/21 - wiosna","EMPTY",162,0,0,0,0,0,0,0,0,0,0,0,0,14,777,"202410011509"
"2020/21 - jesień","EMPTY",124,0,0,0,0,0,0,0,0,0,0,1,0,8,777,"202410011509"
"2019/20 - jesień","EMPTY",0,0,0,0,0,0,0,0,0,0,0,0,0,0,777,"202410011509"
"2018/19 - wiosna","EMPTY",153,0,0,0,0,0,0,0,0,0,0,1,0,13,777,"202410011509"
"2018/19 - jesień","EMPTY",0,0,0,0,0,0,0,0,0,0,0,0,0,0,777,"202410011509"
"2017/18 - wiosna","EMPTY",52,0,0,0,0,0,0,0,0,0,0,0,0,3,777,"202410011509"
"2017/18 - jesień","EMPTY",1,0,0,0,0,0,0,0,0,0,0,0,0,2,777,"202410011509"
"1","LEG",90,0,0,0,0,0,0,0,0,0,0,0,0,2,1055,"202410011509"
"2","POG",90,0,0,0,0,0,0,0,0,0,0,0,0,2,1055,"202410011509"
"3","PUN",90,0,0,0,0,0,0,0,0,0,0,0,0,4,1055,"202410011509"
"4","LGD",90,0,0,0,0,0,0,0,0,0,0,0,0,2,1055,"202410011509"
"5","LPO",90,0,0,0,0,0,0,0,0,0,0,0,0,2,1055,"202410011509"
"6","PIA",76,0,0,0,0,0,0,0,0,0,0,0,0,2,1055,"202410011509"
"7","GKS",68,0,0,0,0,0,0,0,0,0,0,0,0,4,1055,"202410011509"
"8","KOR",0,0,0,0,0,0,0,0,0,0,0,0,0,0,1055,"202410011509"
"9","RCZ",0,0,0,0,0,0,0,0,0,0,0,0,0,0,1055,"202410011509"
"10","RAD",0,0,0,0,0,0,0,0,0,0,0,0,0,0,1055,"202410011509"
"11","GÓR",0,0,0,0,0,0,0,0,0,0,0,0,0,0,1055,"202410011509"
"12","JAG",0,0,0,0,0,0,0,0,0,0,0,0,0,0,1055,"202410011509"
"13","STM",0,0,0,0,0,0,0,0,0,0,0,0,0,0,1055,"202410011509"
"14","ŚLA",0,0,0,0,0,0,0,0,0,0,0,0,0,0,1055,"202410011509"
"15","WID",0,0,0,0,0,0,0,0,0,0,0,0,0,0,1055,"202410011509"
"16","MOT",0,0,0,0,0,0,0,0,0,0,0,0,0,0,1055,"202410011509"
"17","CRA",0,0,0,0,0,0,0,0,0,0,0,0,0,0,1055,"202410011509"
"18","LEG",0,0,0,0,0,0,0,0,0,0,0,0,0,0,1055,"202410011509"
"SUMA","EMPTY",594,0,0,0,0,0,0,0,0,0,0,0,0,18,1055,"202410011509"
"2023/24 - wiosna","EMPTY",721,0,2,0,0,0,0,0,0,0,0,2,0,32,1055,"202410011509"
"2023/24 - jesień","EMPTY",1178,2,0,2,0,0,0,1,0,0,0,1,0,56,1055,"202410011509"
"2022/23 - wiosna","EMPTY",475,0,0,0,0,0,0,0,0,0,0,2,0,26,1055,"202410011509"
"2022/23 - jesień","EMPTY",991,1,1,0,0,0,0,0,0,0,0,3,0,36,1055,"202410011509"
"2021/22 - wiosna","EMPTY",90,0,0,0,0,0,0,0,0,0,0,0,0,2,1055,"202410011509"
"2021/22 - jesień","EMPTY",953,1,1,0,0,0,0,0,0,0,0,1,0,41,1055,"202410011509"
"2020/21 - wiosna","EMPTY",624,1,1,0,0,0,0,0,0,0,0,0,0,29,1055,"202410011509"
"2020/21 - jesień","EMPTY",745,0,0,0,0,0,0,0,0,0,0,3,1,17,1055,"202410011509"
"2019/20 - wiosna","EMPTY",1100,0,1,0,0,0,1,2,0,0,0,3,0,29,1055,"202410011509"
"2019/20 - jesień","EMPTY",1051,0,0,0,0,0,0,0,0,0,0,3,0,44,1055,"202410011509"
"2018/19 - wiosna","EMPTY",1202,0,0,0,0,0,0,0,0,0,0,2,0,49,1055,"202410011509"
"2018/19 - jesień","EMPTY",399,0,0,0,0,0,0,0,0,0,0,1,0,26,1055,"202410011509"
"1","ŚLA",90,0,0,0,0,0,0,0,0,0,0,0,0,2,2405,"202410011509"
"2","MOT",0,0,0,0,0,0,0,0,0,0,0,0,0,0,2405,"202410011509"
"3","LPO",89,0,0,0,0,0,0,0,0,0,0,0,0,0,2405,"202410011509"
"4","ZAG",90,0,0,0,0,0,0,0,0,0,0,0,0,2,2405,"202410011509"
"5","PUN",80,0,0,0,0,0,0,0,0,0,0,0,0,0,2405,"202410011509"
"6","RCZ",90,0,0,0,0,0,0,0,0,0,0,0,0,1,2405,"202410011509"
"7","GÓR",90,1,0,0,0,0,0,0,0,0,0,0,0,9,2405,"202410011509"
"8","RAD",90,0,0,0,0,0,0,0,0,0,0,0,0,6,2405,"202410011509"
"9","JAG",84,0,0,0,0,0,0,0,0,0,0,1,0,-1,2405,"202410011509"
"10","WID",90,0,0,0,0,0,0,1,0,0,0,1,0,-1,2405,"202410011509"
"11","STM",0,0,0,0,0,0,0,0,0,0,0,0,0,0,2405,"202410011509"
"12","LEG",0,0,0,0,0,0,0,0,0,0,0,0,0,0,2405,"202410011509"
"13","PIA",0,0,0,0,0,0,0,0,0,0,0,0,0,0,2405,"202410011509"
"14","CRA",0,0,0,0,0,0,0,0,0,0,0,0,0,0,2405,"202410011509"
"15","KOR",0,0,0,0,0,0,0,0,0,0,0,0,0,0,2405,"202410011509"
"16","POG",0,0,0,0,0,0,0,0,0,0,0,0,0,0,2405,"202410011509"
"17","GKS",0,0,0,0,0,0,0,0,0,0,0,0,0,0,2405,"202410011509"
"18","ŚLA",0,0,0,0,0,0,0,0,0,0,0,0,0,0,2405,"202410011509"
"SUMA","EMPTY",793,1,0,0,0,0,0,1,0,0,0,2,0,18,2405,"202410011509"
"1","PUN",28,1,0,0,0,0,0,0,0,0,0,0,0,7,1920,"202410011509"
"2","RAD",0,0,0,0,0,0,0,0,0,0,0,0,0,0,1920,"202410011509"
"3","STM",80,0,0,0,0,0,0,0,0,0,0,0,0,4,1920,"202410011509"
"5","CRA",67,0,0,0,0,0,0,0,0,0,0,0,0,2,1920,"202410011509"
"6","GKS",56,0,0,0,0,0,0,0,0,0,0,0,0,2,1920,"202410011509"
"7","WID",14,0,0,0,0,0,0,0,0,0,0,0,0,2,1920,"202410011509"
"8","LPO",61,0,0,0,0,0,0,0,0,0,0,1,0,1,1920,"202410011509"
"9","MOT",0,0,0,0,0,0,0,0,0,0,0,0,0,0,1920,"202410011509"
"9","LGD",0,0,0,0,0,0,0,0,0,0,0,0,0,0,1920,"202410011509"
"10","PIA",0,0,0,0,0,0,0,0,0,0,0,0,0,0,1920,"202410011509"
"11","LEG",0,0,0,0,0,0,0,0,0,0,0,0,0,0,1920,"202410011509"
"12","ZAG",0,0,0,0,0,0,0,0,0,0,0,0,0,0,1920,"202410011509"
"13","KOR",0,0,0,0,0,0,0,0,0,0,0,0,0,0,1920,"202410011509"
"14","GÓR",0,0,0,0,0,0,0,0,0,0,0,0,0,0,1920,"202410011509"
"15","RCZ",0,0,0,0,0,0,0,0,0,0,0,0,0,0,1920,"202410011509"
"16","ŚLA",0,0,0,0,0,0,0,0,0,0,0,0,0,0,1920,"202410011509"
"17","POG",0,0,0,0,0,0,0,0,0,0,0,0,0,0,1920,"202410011509"
"18","PUN",0,0,0,0,0,0,0,0,0,0,0,0,0,0,1920,"202410011509"
"SUMA","EMPTY",306,1,0,0,0,0,0,0,0,0,0,1,0,18,1920,"202410011509"
"2023/24 - wiosna","EMPTY",1228,4,4,1,0,0,1,0,0,0,0,1,0,79,1920,"202410011509"
"2023/24 - jesień","EMPTY",1501,5,3,1,0,0,0,2,0,0,0,4,0,80,1920,"202410011509"
"2022/23 - wiosna","EMPTY",1085,3,1,0,0,0,0,0,0,0,0,4,0,49,1920,"202410011509"
"2022/23 - jesień","EMPTY",1215,2,2,0,0,0,0,0,0,0,0,7,1,44,1920,"202410011509"
"1","CRA",0,0,0,0,0,0,0,0,0,0,0,0,0,0,1747,"202410011509"
"2","ŚLA",10,0,0,0,0,0,0,0,0,0,0,0,0,2,1747,"202410011509"
"3","LEG",26,0,0,0,0,0,0,0,0,0,0,0,0,2,1747,"202410011509"
"4","GKS",77,0,0,0,0,0,0,0,0,0,0,0,0,1,1747,"202410011509"
"5","STM",45,0,0,0,0,0,0,0,0,0,0,0,0,0,1747,"202410011509"
"6","ZAG",29,0,0,0,0,0,0,0,0,0,0,0,0,3,1747,"202410011509"
"7","RCZ",90,0,0,0,0,0,0,0,0,0,0,1,0,5,1747,"202410011509"
"8","PUN",89,0,0,0,0,0,0,0,0,0,0,0,0,2,1747,"202410011509"
"9","WID",74,0,0,0,0,0,0,0,0,0,0,0,0,2,1747,"202410011509"
"10","JAG",90,0,0,0,0,0,0,0,0,0,0,1,0,1,1747,"202410011509"
"11","POG",0,0,0,0,0,0,0,0,0,0,0,0,0,0,1747,"202410011509"
"12","KOR",0,0,0,0,0,0,0,0,0,0,0,0,0,0,1747,"202410011509"
"13","LGD",0,0,0,0,0,0,0,0,0,0,0,0,0,0,1747,"202410011509"
"14","RAD",0,0,0,0,0,0,0,0,0,0,0,0,0,0,1747,"202410011509"
"15","MOT",0,0,0,0,0,0,0,0,0,0,0,0,0,0,1747,"202410011509"
"16","GÓR",0,0,0,0,0,0,0,0,0,0,0,0,0,0,1747,"202410011509"
"17","LPO",0,0,0,0,0,0,0,0,0,0,0,0,0,0,1747,"202410011509"
"18","CRA",0,0,0,0,0,0,0,0,0,0,0,0,0,0,1747,"202410011509"
"SUMA","EMPTY",530,0,0,0,0,0,0,0,0,0,0,2,0,18,1747,"202410011509"
"2022/23 - wiosna","EMPTY",135,0,0,0,0,0,0,0,0,0,0,1,0,5,1747,"202410011509"
"2022/23 - jesień","EMPTY",65,0,0,0,0,0,0,0,0,0,0,0,0,4,1747,"202410011509"
"2021/22 - wiosna","EMPTY",28,0,0,0,0,0,0,0,0,0,0,0,0,3,1747,"202410011509"
"2021/22 - jesień","EMPTY",0,0,0,0,0,0,0,0,0,0,0,0,0,0,1747,"202410011509"
"1","ŚLA",62,1,0,0,0,0,0,0,0,0,0,1,0,7,991,"202410011509"
"2","MOT",76,0,0,0,0,0,0,0,0,0,0,0,0,2,991,"202410011509"
"3","LPO",45,0,0,0,0,0,0,0,0,0,0,0,0,2,991,"202410011509"
"4","ZAG",16,0,0,0,0,0,0,0,0,0,0,0,0,1,991,"202410011509"
"5","PUN",0,0,0,0,0,0,0,0,0,0,0,0,0,0,991,"202410011509"
"6","RCZ",0,0,0,0,0,0,0,0,0,0,0,0,0,0,991,"202410011509"
"7","GÓR",8,0,0,0,0,0,0,0,0,0,0,0,0,2,991,"202410011509"
"8","RAD",8,0,0,0,0,0,0,0,0,0,0,0,0,2,991,"202410011509"
"9","JAG",13,0,0,0,0,0,0,0,0,0,0,0,0,1,991,"202410011509"
"10","WID",11,0,0,0,0,0,0,0,0,0,0,0,0,1,991,"202410011509"
"11","STM",0,0,0,0,0,0,0,0,0,0,0,0,0,0,991,"202410011509"
"12","LEG",0,0,0,0,0,0,0,0,0,0,0,0,0,0,991,"202410011509"
"13","PIA",0,0,0,0,0,0,0,0,0,0,0,0,0,0,991,"202410011509"
"14","CRA",0,0,0,0,0,0,0,0,0,0,0,0,0,0,991,"202410011509"
"15","KOR",0,0,0,0,0,0,0,0,0,0,0,0,0,0,991,"202410011509"
"16","POG",0,0,0,0,0,0,0,0,0,0,0,0,0,0,991,"202410011509"
"17","GKS",0,0,0,0,0,0,0,0,0,0,0,0,0,0,991,"202410011509"
"18","ŚLA",0,0,0,0,0,0,0,0,0,0,0,0,0,0,991,"202410011509"
"SUMA","EMPTY",239,1,0,0,0,0,0,0,0,0,0,1,0,18,991,"202410011509"
"2022/23 - wiosna","EMPTY",0,0,0,0,0,0,0,0,0,0,0,0,0,0,991,"202410011509"
"2022/23 - jesień","EMPTY",66,0,0,0,0,0,0,0,0,0,0,0,0,2,991,"202410011509"
"2021/22 - wiosna","EMPTY",30,0,0,0,0,0,0,0,0,0,0,0,0,1,991,"202410011509"
"2021/22 - jesień","EMPTY",0,0,0,0,0,0,0,0,0,0,0,0,0,0,991,"202410011509"
"2020/21 - wiosna","EMPTY",0,0,0,0,0,0,0,0,0,0,0,0,0,0,991,"202410011509"
"2020/21 - jesień","EMPTY",0,0,0,0,0,0,0,0,0,0,0,0,0,0,991,"202410011509"
"2019/20 - wiosna","EMPTY",0,0,0,0,0,0,0,0,0,0,0,0,0,0,991,"202410011509"
"2019/20 - jesień","EMPTY",0,0,0,0,0,0,0,0,0,0,0,0,0,0,991,"202410011509"
"2018/19 - wiosna","EMPTY",0,0,0,0,0,0,0,0,0,0,0,0,0,0,991,"202410011509"
"2018/19 - jesień","EMPTY",90,0,0,0,0,0,0,0,0,0,0,0,0,3,991,"202410011509"
"1","LGD",90,0,0,0,0,0,0,0,0,0,0,0,0,2,1269,"202410011509"
"2","PIA",71,0,0,0,0,0,0,0,0,0,0,0,0,2,1269,"202410011509"
"4","WID",90,0,0,0,0,0,0,0,0,0,0,0,0,2,1269,"202410011509"
"5","KOR",81,0,0,0,0,0,0,0,0,0,0,0,0,2,1269,"202410011509"
"6","LEG",83,0,0,0,0,0,0,0,0,0,0,0,0,2,1269,"202410011509"
"7","POG",90,1,0,0,0,0,0,0,0,0,0,1,0,5,1269,"202410011509"
"8","STM",0,0,0,0,0,0,0,0,0,0,0,0,0,0,1269,"202410011509"
"9","LPO",77,0,0,0,0,0,0,0,0,0,0,0,0,2,1269,"202410011509"
"10","MOT",2,0,0,0,0,0,0,0,0,0,0,0,0,1,1269,"202410011509"
"11","CRA",0,0,0,0,0,0,0,0,0,0,0,0,0,0,1269,"202410011509"
"12","GKS",0,0,0,0,0,0,0,0,0,0,0,0,0,0,1269,"202410011509"
"13","RCZ",0,0,0,0,0,0,0,0,0,0,0,0,0,0,1269,"202410011509"
"14","ZAG",0,0,0,0,0,0,0,0,0,0,0,0,0,0,1269,"202410011509"
"15","GÓR",0,0,0,0,0,0,0,0,0,0,0,0,0,0,1269,"202410011509"
"16","JAG",0,0,0,0,0,0,0,0,0,0,0,0,0,0,1269,"202410011509"
"17","PUN",0,0,0,0,0,0,0,0,0,0,0,0,0,0,1269,"202410011509"
"18","RAD",0,0,0,0,0,0,0,0,0,0,0,0,0,0,1269,"202410011509"
"18","LGD",0,0,0,0,0,0,0,0,0,0,0,0,0,0,1269,"202410011509"
"SUMA","EMPTY",584,1,0,0,0,0,0,0,0,0,0,1,0,18,1269,"202410011509"
"2023/24 - wiosna","EMPTY",715,2,1,0,0,0,0,0,0,0,0,0,0,42,1269,"202410011509"
"2023/24 - jesień","EMPTY",857,2,2,0,0,0,1,0,0,0,0,3,0,49,1269,"202410011509"
"2022/23 - wiosna","EMPTY",128,0,0,0,0,0,0,0,0,0,0,0,0,16,1269,"202410011509"
"2022/23 - jesień","EMPTY",129,0,0,0,0,0,0,0,0,0,0,0,0,14,1269,"202410011509"
"2021/22 - wiosna","EMPTY",183,1,0,0,0,0,0,0,0,0,0,0,0,27,1269,"202410011509"
"2021/22 - jesień","EMPTY",829,2,0,0,0,0,1,0,0,0,0,1,0,44,1269,"202410011509"
"2020/21 - wiosna","EMPTY",0,0,0,0,0,0,0,0,0,0,0,0,0,0,1269,"202410011509"
"2020/21 - jesień","EMPTY",59,0,0,0,0,0,0,0,0,0,0,0,0,6,1269,"202410011509"
"2019/20 - wiosna","EMPTY",1558,2,1,0,0,0,1,0,0,0,0,2,0,51,1269,"202410011509"
"2019/20 - jesień","EMPTY",1154,4,0,0,0,0,1,0,0,0,0,1,0,63,1269,"202410011509"
"1","LPO",7,0,0,0,0,0,0,0,0,0,0,0,0,1,1540,"202410011509"
"2","PUN",0,0,0,0,0,0,0,0,0,0,0,0,0,0,1540,"202410011509"
"3","POG",18,0,0,0,0,0,0,0,0,0,0,0,0,2,1540,"202410011509"
"4","RAD",45,1,0,0,0,0,0,0,0,0,0,0,0,8,1540,"202410011509"
"5","RCZ",61,0,0,0,0,0,0,0,0,0,0,1,0,1,1540,"202410011509"
"6","CRA",32,0,0,0,0,0,0,0,0,0,0,0,0,1,1540,"202410011509"
"7","LGD",68,0,0,0,0,0,0,0,0,0,0,0,0,2,1540,"202410011509"
"8","MOT",66,0,0,0,0,0,0,0,0,0,0,1,0,1,1540,"202410011509"
"9","GKS",0,0,0,0,0,0,0,0,0,0,0,0,0,0,1540,"202410011509"
"10","LEG",25,0,0,0,0,0,0,0,0,0,0,0,0,1,1540,"202410011509"
"11","ZAG",0,0,0,0,0,0,0,0,0,0,0,0,0,0,1540,"202410011509"
"12","STM",0,0,0,0,0,0,0,0,0,0,0,0,0,0,1540,"202410011509"
"13","WID",0,0,0,0,0,0,0,0,0,0,0,0,0,0,1540,"202410011509"
"14","JAG",0,0,0,0,0,0,0,0,0,0,0,0,0,0,1540,"202410011509"
"15","ŚLA",0,0,0,0,0,0,0,0,0,0,0,0,0,0,1540,"202410011509"
"16","PIA",0,0,0,0,0,0,0,0,0,0,0,0,0,0,1540,"202410011509"
"17","KOR",0,0,0,0,0,0,0,0,0,0,0,0,0,0,1540,"202410011509"
"18","LPO",0,0,0,0,0,0,0,0,0,0,0,0,0,0,1540,"202410011509"
"SUMA","EMPTY",322,1,0,0,0,0,0,0,0,0,0,2,0,17,1540,"202410011509"
"2023/24 - wiosna","EMPTY",0,0,0,0,0,0,0,0,0,0,0,0,0,0,1540,"202410011509"
"2023/24 - jesień","EMPTY",47,0,0,0,0,0,0,0,0,0,0,1,0,3,1540,"202410011509"
"2022/23 - wiosna","EMPTY",437,0,0,0,0,0,0,0,0,0,0,0,0,16,1540,"202410011509"
"2022/23 - jesień","EMPTY",393,0,1,0,0,0,0,0,0,0,0,1,0,19,1540,"202410011509"
"2021/22 - wiosna","EMPTY",44,0,0,0,0,0,0,0,0,0,0,0,0,2,1540,"202410011509"
"2021/22 - jesień","EMPTY",132,0,0,0,0,0,0,0,0,0,0,0,0,8,1540,"202410011509"
"2020/21 - wiosna","EMPTY",448,0,1,0,0,0,0,1,0,0,0,1,0,16,1540,"202410011509"
"2020/21 - jesień","EMPTY",193,0,0,0,0,0,0,0,0,0,0,1,0,9,1540,"202410011509"
"1","RAD",64,0,0,0,0,0,0,0,0,0,0,0,0,2,774,"202410011509"
"2","STM",0,0,0,0,0,0,0,0,0,0,0,0,0,0,774,"202410011509"
"3","RCZ",25,0,0,0,0,0,0,0,0,0,0,0,0,1,774,"202410011509"
"4","PIA",0,0,0,0,0,0,0,0,0,0,0,0,0,0,774,"202410011509"
"5","MOT",0,0,0,0,0,0,0,0,0,0,0,0,0,0,774,"202410011509"
"6","JAG",0,0,0,0,0,0,0,0,0,0,0,0,0,0,774,"202410011509"
"7","ZAG",1,0,0,0,0,0,0,0,0,0,0,0,0,1,774,"202410011509"
"8","WID",73,0,0,0,0,0,0,0,0,0,0,0,0,2,774,"202410011509"
"9","GÓR",61,0,0,0,0,0,0,0,0,0,0,0,0,2,774,"202410011509"
"10","POG",11,1,1,0,0,0,0,0,0,0,0,1,0,9,774,"202410011509"
"11","PUN",0,0,0,0,0,0,0,0,0,0,0,0,0,0,774,"202410011509"
"12","ŚLA",0,0,0,0,0,0,0,0,0,0,0,0,0,0,774,"202410011509"
"13","LEG",0,0,0,0,0,0,0,0,0,0,0,0,0,0,774,"202410011509"
"14","KOR",0,0,0,0,0,0,0,0,0,0,0,0,0,0,774,"202410011509"
"15","CRA",0,0,0,0,0,0,0,0,0,0,0,0,0,0,774,"202410011509"
"16","LPO",0,0,0,0,0,0,0,0,0,0,0,0,0,0,774,"202410011509"
"17","LGD",0,0,0,0,0,0,0,0,0,0,0,0,0,0,774,"202410011509"
"18","RAD",0,0,0,0,0,0,0,0,0,0,0,0,0,0,774,"202410011509"
"SUMA","EMPTY",235,1,1,0,0,0,0,0,0,0,0,1,0,17,774,"202410011509"
"2023/24 - wiosna","EMPTY",0,0,0,0,0,0,0,0,0,0,0,0,0,0,774,"202410011509"
"2023/24 - jesień","EMPTY",0,0,0,0,0,0,0,0,0,0,0,0,0,0,774,"202410011509"
"2022/23 - wiosna","EMPTY",0,0,0,0,0,0,0,0,0,0,0,0,0,0,774,"202410011509"
"2022/23 - jesień","EMPTY",94,0,0,0,0,0,0,0,0,0,0,0,0,9,774,"202410011509"
"2021/22 - wiosna","EMPTY",0,0,0,0,0,0,0,0,0,0,0,0,0,0,774,"202410011509"
"2021/22 - jesień","EMPTY",64,0,0,0,0,0,0,0,0,0,0,1,0,2,774,"202410011509"
"2020/21 - wiosna","EMPTY",2,0,0,0,0,0,0,0,0,0,0,0,0,2,774,"202410011509"
"2020/21 - jesień","EMPTY",10,0,0,0,0,0,0,0,0,0,0,0,0,1,774,"202410011509"
"2019/20 - wiosna","EMPTY",118,0,0,0,0,0,0,0,0,0,0,0,0,13,774,"202410011509"
"2019/20 - jesień","EMPTY",0,0,0,0,0,0,0,0,0,0,0,0,0,0,774,"202410011509"
"2018/19 - wiosna","EMPTY",0,0,0,0,0,0,0,0,0,0,0,0,0,0,774,"202410011509"
"2017/18 - wiosna","EMPTY",161,0,1,0,0,0,0,0,0,0,0,0,0,16,774,"202410011509"
"2017/18 - jesień","EMPTY",3,0,0,0,0,0,0,0,0,0,0,1,0,1,774,"202410011509"
"1","RCZ",31,0,0,0,0,0,0,0,0,0,0,0,0,1,2314,"202410011509"
"2","LGD",45,0,0,0,0,0,0,0,0,0,0,0,0,2,2314,"202410011509"
"3","KOR",76,0,0,0,0,0,0,0,0,0,0,0,0,2,2314,"202410011509"
"5","GKS",30,0,0,0,0,0,0,0,0,0,0,0,0,1,2314,"202410011509"
"6","PUN",64,0,0,0,0,0,0,0,0,0,0,0,0,2,2314,"202410011509"
"7","LEG",76,0,0,0,0,0,0,0,0,0,0,0,0,2,2314,"202410011509"
"8","GÓR",24,0,0,0,0,0,0,0,0,0,0,0,0,2,2314,"202410011509"
"9","JAG",79,0,0,0,0,0,0,0,0,0,0,1,0,1,2314,"202410011509"
"9","STM",28,0,0,0,0,0,0,0,0,0,0,0,0,1,2314,"202410011509"
"10","ŚLA",61,0,0,0,0,0,0,0,0,0,0,0,0,3,2314,"202410011509"
"11","LPO",0,0,0,0,0,0,0,0,0,0,0,0,0,0,2314,"202410011509"
"12","WID",0,0,0,0,0,0,0,0,0,0,0,0,0,0,2314,"202410011509"
"13","CRA",0,0,0,0,0,0,0,0,0,0,0,0,0,0,2314,"202410011509"
"14","POG",0,0,0,0,0,0,0,0,0,0,0,0,0,0,2314,"202410011509"
"15","PIA",0,0,0,0,0,0,0,0,0,0,0,0,0,0,2314,"202410011509"
"16","ZAG",0,0,0,0,0,0,0,0,0,0,0,0,0,0,2314,"202410011509"
"17","RAD",0,0,0,0,0,0,0,0,0,0,0,0,0,0,2314,"202410011509"
"18","RCZ",0,0,0,0,0,0,0,0,0,0,0,0,0,0,2314,"202410011509"
"SUMA","EMPTY",514,0,0,0,0,0,0,0,0,0,0,1,0,17,2314,"202410011509"
"2023/24 - wiosna","EMPTY",250,2,1,0,0,0,0,0,0,0,0,1,0,32,2314,"202410011509"
"1","POG",90,0,0,0,0,0,0,0,0,0,0,0,0,0,298,"202410011509"
"2","LEG",90,0,0,0,0,0,0,0,0,0,0,1,0,1,298,"202410011509"
"3","MOT",90,0,0,0,0,0,0,0,0,0,0,0,0,2,298,"202410011509"
"4","CRA",90,0,0,0,0,0,0,0,0,0,0,0,0,1,298,"202410011509"
"5","ŚLA",90,0,0,0,0,0,0,0,0,0,0,1,0,1,298,"202410011509"
"6","STM",90,0,0,0,0,0,0,0,0,0,0,0,0,3,298,"202410011509"
"7","PUN",90,0,0,0,0,0,0,0,0,0,0,0,0,5,298,"202410011509"
"8","ZAG",90,0,0,0,0,0,0,0,0,0,0,0,0,6,298,"202410011509"
"9","RAD",90,0,0,0,0,0,0,0,0,0,0,0,0,-1,298,"202410011509"
"10","LPO",90,0,0,0,0,0,0,0,0,0,0,1,0,-1,298,"202410011509"
"11","WID",0,0,0,0,0,0,0,0,0,0,0,0,0,0,298,"202410011509"
"12","PIA",0,0,0,0,0,0,0,0,0,0,0,0,0,0,298,"202410011509"
"13","JAG",0,0,0,0,0,0,0,0,0,0,0,0,0,0,298,"202410011509"
"14","GKS",0,0,0,0,0,0,0,0,0,0,0,0,0,0,298,"202410011509"
"15","LGD",0,0,0,0,0,0,0,0,0,0,0,0,0,0,298,"202410011509"
"16","RCZ",0,0,0,0,0,0,0,0,0,0,0,0,0,0,298,"202410011509"
"17","GÓR",0,0,0,0,0,0,0,0,0,0,0,0,0,0,298,"202410011509"
"18","POG",0,0,0,0,0,0,0,0,0,0,0,0,0,0,298,"202410011509"
"SUMA","EMPTY",900,0,0,0,0,0,0,0,0,0,0,3,0,17,298,"202410011509"
"2023/24 - wiosna","EMPTY",1031,1,0,0,0,0,0,1,0,0,0,2,0,26,298,"202410011509"
"2023/24 - jesień","EMPTY",1440,1,0,0,0,0,0,3,0,0,0,1,0,36,298,"202410011509"
"2022/23 - wiosna","EMPTY",1527,0,1,0,0,0,0,1,0,0,0,2,0,51,298,"202410011509"
"2022/23 - jesień","EMPTY",1436,1,0,0,0,0,1,1,0,0,0,5,0,37,298,"202410011509"
"2019/20 - jesień","EMPTY",0,0,0,0,0,0,0,0,0,0,0,0,0,0,298,"202410011509"
"2018/19 - wiosna","EMPTY",0,0,0,0,0,0,0,0,0,0,0,0,0,0,298,"202410011509"
"2017/18 - wiosna","EMPTY",0,0,0,0,0,0,0,0,0,0,0,0,0,0,298,"202410011509"
"2017/18 - jesień","EMPTY",0,0,0,0,0,0,0,0,0,0,0,0,0,0,298,"202410011509"
"2016/17 - wiosna","EMPTY",220,0,0,0,0,0,0,0,0,0,0,1,0,20,298,"202410011509"
"2016/17 - jesień","EMPTY",0,0,0,0,0,0,0,0,0,0,0,0,0,0,298,"202410011509"
"1","LEG",23,0,0,0,0,0,0,0,0,0,0,0,0,0,827,"202410011509"
"2","POG",90,0,0,0,0,0,0,0,0,0,0,0,0,1,827,"202410011509"
"3","PUN",90,0,0,0,0,0,0,0,0,0,0,0,0,6,827,"202410011509"
"4","LGD",90,0,0,0,0,0,0,0,0,0,0,0,0,2,827,"202410011509"
"5","LPO",60,0,0,0,0,0,0,0,0,0,0,1,0,1,827,"202410011509"
"6","PIA",90,0,0,0,0,0,0,0,0,0,0,0,0,2,827,"202410011509"
"7","GKS",90,0,0,0,0,0,0,0,0,0,0,0,0,6,827,"202410011509"
"8","KOR",90,0,0,0,0,0,0,0,0,0,0,0,0,1,827,"202410011509"
"9","RCZ",90,0,0,0,0,0,0,0,0,0,0,0,0,-2,827,"202410011509"
"10","RAD",0,0,0,0,0,0,0,0,0,0,0,0,0,0,827,"202410011509"
"11","GÓR",0,0,0,0,0,0,0,0,0,0,0,0,0,0,827,"202410011509"
"12","JAG",0,0,0,0,0,0,0,0,0,0,0,0,0,0,827,"202410011509"
"13","STM",0,0,0,0,0,0,0,0,0,0,0,0,0,0,827,"202410011509"
"14","ŚLA",0,0,0,0,0,0,0,0,0,0,0,0,0,0,827,"202410011509"
"15","WID",0,0,0,0,0,0,0,0,0,0,0,0,0,0,827,"202410011509"
"16","MOT",0,0,0,0,0,0,0,0,0,0,0,0,0,0,827,"202410011509"
"17","CRA",0,0,0,0,0,0,0,0,0,0,0,0,0,0,827,"202410011509"
"18","LEG",0,0,0,0,0,0,0,0,0,0,0,0,0,0,827,"202410011509"
"SUMA","EMPTY",713,0,0,0,0,0,0,0,0,0,0,1,0,17,827,"202410011509"
"2023/24 - wiosna","EMPTY",728,1,1,0,0,0,0,0,0,0,0,4,0,31,827,"202410011509"
"2023/24 - jesień","EMPTY",1291,0,1,0,0,0,1,0,0,0,0,2,1,41,827,"202410011509"
"2022/23 - wiosna","EMPTY",1138,0,1,0,0,0,0,0,0,0,0,1,0,49,827,"202410011509"
"2022/23 - jesień","EMPTY",1357,2,0,0,0,0,1,0,0,0,0,1,0,53,827,"202410011509"
"2021/22 - wiosna","EMPTY",1024,1,1,0,0,0,0,0,0,0,0,2,0,39,827,"202410011509"
"2021/22 - jesień","EMPTY",1227,1,2,0,0,0,1,0,0,0,0,3,0,32,827,"202410011509"
"2020/21 - wiosna","EMPTY",0,0,0,0,0,0,0,0,0,0,0,0,0,0,827,"202410011509"
"2020/21 - jesień","EMPTY",0,0,0,0,0,0,0,0,0,0,0,0,0,0,827,"202410011509"
"2019/20 - jesień","EMPTY",0,0,0,0,0,0,0,0,0,0,0,0,0,0,827,"202410011509"
"2018/19 - wiosna","EMPTY",0,0,0,0,0,0,0,0,0,0,0,0,0,0,827,"202410011509"
"2018/19 - jesień","EMPTY",0,0,0,0,0,0,0,0,0,0,0,0,0,0,827,"202410011509"
"2017/18 - wiosna","EMPTY",0,0,0,0,0,0,0,0,0,0,0,0,0,0,827,"202410011509"
"2017/18 - jesień","EMPTY",0,0,0,0,0,0,0,0,0,0,0,0,0,0,827,"202410011509"
"1","LPO",45,0,0,0,0,0,0,0,0,0,0,0,0,2,1146,"202410011509"
"2","PUN",28,0,0,0,0,0,0,0,0,0,0,0,0,1,1146,"202410011509"
"3","POG",90,0,0,0,0,0,0,0,0,0,0,0,0,3,1146,"202410011509"
"4","RAD",90,0,0,0,0,0,0,0,0,0,0,0,0,3,1146,"202410011509"
"5","RCZ",55,0,0,0,0,0,0,0,0,0,0,0,0,2,1146,"202410011509"
"6","CRA",76,0,0,0,0,0,0,0,0,0,0,0,0,2,1146,"202410011509"
"7","LGD",3,0,0,0,0,0,0,0,0,0,0,0,0,1,1146,"202410011509"
"8","MOT",5,0,0,0,0,0,0,0,0,0,0,0,0,1,1146,"202410011509"
"9","GKS",22,0,0,0,0,0,0,0,0,0,0,0,0,2,1146,"202410011509"
"10","LEG",0,0,0,0,0,0,0,0,0,0,0,0,0,0,1146,"202410011509"
"11","ZAG",0,0,0,0,0,0,0,0,0,0,0,0,0,0,1146,"202410011509"
"12","STM",0,0,0,0,0,0,0,0,0,0,0,0,0,0,1146,"202410011509"
"13","WID",0,0,0,0,0,0,0,0,0,0,0,0,0,0,1146,"202410011509"
"14","JAG",0,0,0,0,0,0,0,0,0,0,0,0,0,0,1146,"202410011509"
"15","ŚLA",0,0,0,0,0,0,0,0,0,0,0,0,0,0,1146,"202410011509"
"16","PIA",0,0,0,0,0,0,0,0,0,0,0,0,0,0,1146,"202410011509"
"17","KOR",0,0,0,0,0,0,0,0,0,0,0,0,0,0,1146,"202410011509"
"18","LPO",0,0,0,0,0,0,0,0,0,0,0,0,0,0,1146,"202410011509"
"SUMA","EMPTY",414,0,0,0,0,0,0,0,0,0,0,0,0,17,1146,"202410011509"
"2021/22 - wiosna","EMPTY",0,0,0,0,0,0,0,0,0,0,0,0,0,0,1146,"202410011509"
"2021/22 - jesień","EMPTY",0,0,0,0,0,0,0,0,0,0,0,0,0,0,1146,"202410011509"
"2020/21 - wiosna","EMPTY",36,0,0,0,0,0,0,0,0,0,0,1,0,3,1146,"202410011509"
"2020/21 - jesień","EMPTY",170,0,0,0,0,0,0,0,0,0,0,0,0,12,1146,"202410011509"
"2019/20 - wiosna","EMPTY",483,3,0,0,0,0,0,0,0,0,0,0,0,32,1146,"202410011509"
"2019/20 - jesień","EMPTY",134,1,0,0,0,0,0,0,0,0,0,1,0,17,1146,"202410011509"
"2018/19 - wiosna","EMPTY",31,0,0,0,0,0,0,0,0,0,0,0,0,6,1146,"202410011509"
"1","LGD",90,0,0,0,0,0,0,0,0,0,0,0,0,2,1411,"202410011509"
"2","PIA",90,0,0,0,0,0,0,0,0,0,0,0,0,1,1411,"202410011509"
"4","WID",90,0,0,0,0,0,0,0,0,0,0,0,0,5,1411,"202410011509"
"5","KOR",90,0,0,0,0,0,0,0,0,0,0,0,0,3,1411,"202410011509"
"6","LEG",90,0,0,0,0,0,0,0,0,0,0,0,0,2,1411,"202410011509"
"7","POG",90,0,0,0,0,0,0,0,0,0,0,0,0,-2,1411,"202410011509"
"8","STM",0,0,0,0,0,0,0,0,0,0,0,0,0,0,1411,"202410011509"
"9","LPO",90,0,0,0,0,0,0,0,0,0,0,0,0,4,1411,"202410011509"
"10","MOT",90,0,0,0,0,0,0,0,0,0,0,0,0,2,1411,"202410011509"
"11","CRA",0,0,0,0,0,0,0,0,0,0,0,0,0,0,1411,"202410011509"
"12","GKS",0,0,0,0,0,0,0,0,0,0,0,0,0,0,1411,"202410011509"
"13","RCZ",0,0,0,0,0,0,0,0,0,0,0,0,0,0,1411,"202410011509"
"14","ZAG",0,0,0,0,0,0,0,0,0,0,0,0,0,0,1411,"202410011509"
"15","GÓR",0,0,0,0,0,0,0,0,0,0,0,0,0,0,1411,"202410011509"
"16","JAG",0,0,0,0,0,0,0,0,0,0,0,0,0,0,1411,"202410011509"
"17","PUN",0,0,0,0,0,0,0,0,0,0,0,0,0,0,1411,"202410011509"
"18","RAD",0,0,0,0,0,0,0,0,0,0,0,0,0,0,1411,"202410011509"
"18","LGD",0,0,0,0,0,0,0,0,0,0,0,0,0,0,1411,"202410011509"
"SUMA","EMPTY",720,0,0,0,0,0,0,0,0,0,0,0,0,17,1411,"202410011509"
"2023/24 - wiosna","EMPTY",1350,0,0,0,0,0,0,0,0,0,0,0,0,53,1411,"202410011509"
"2023/24 - jesień","EMPTY",1620,0,0,0,0,0,0,1,0,1,0,2,0,79,1411,"202410011509"
"2022/23 - wiosna","EMPTY",1260,0,0,0,0,0,0,0,0,0,0,0,0,36,1411,"202410011509"
"2022/23 - jesień","EMPTY",540,0,0,0,0,0,0,1,0,0,0,1,0,14,1411,"202410011509"
"2020/21 - wiosna","EMPTY",0,0,0,0,0,0,0,0,0,0,0,0,0,0,1411,"202410011509"
"2020/21 - jesień","EMPTY",290,0,0,0,0,0,0,0,0,0,0,0,0,8,1411,"202410011509"
"1","LEG (ZAG)",0,0,0,0,0,0,0,0,0,0,0,0,0,0,392,"202410011509"
"2","POG (ZAG)",0,0,0,0,0,0,0,0,0,0,0,0,0,0,392,"202410011509"
"3","PUN (ZAG)",0,0,0,0,0,0,0,0,0,0,0,0,0,0,392,"202410011509"
"4","LGD (ZAG)",0,0,0,0,0,0,0,0,0,0,0,0,0,0,392,"202410011509"
"5","ZAG",25,0,0,0,0,0,0,0,0,0,0,0,0,2,392,"202410011509"
"6","POG",11,0,0,0,0,0,0,0,0,0,0,0,0,2,392,"202410011509"
"7","STM",12,0,0,0,0,0,0,0,0,0,0,0,0,2,392,"202410011509"
"8","JAG",29,1,0,0,0,0,0,0,0,0,0,0,0,7,392,"202410011509"
"9","ŚLA",45,0,0,0,0,0,0,0,0,0,0,0,0,2,392,"202410011509"
"10","KOR",17,0,0,0,0,0,0,0,0,0,0,0,0,2,392,"202410011509"
"11","MOT",0,0,0,0,0,0,0,0,0,0,0,0,0,0,392,"202410011509"
"12","CRA",0,0,0,0,0,0,0,0,0,0,0,0,0,0,392,"202410011509"
"13","RAD",0,0,0,0,0,0,0,0,0,0,0,0,0,0,392,"202410011509"
"14","PUN",0,0,0,0,0,0,0,0,0,0,0,0,0,0,392,"202410011509"
"15","LEG",0,0,0,0,0,0,0,0,0,0,0,0,0,0,392,"202410011509"
"16","GKS",0,0,0,0,0,0,0,0,0,0,0,0,0,0,392,"202410011509"
"17","PIA",0,0,0,0,0,0,0,0,0,0,0,0,0,0,392,"202410011509"
"18","GÓR",0,0,0,0,0,0,0,0,0,0,0,0,0,0,392,"202410011509"
"SUMA","EMPTY",139,1,0,0,0,0,0,0,0,0,0,0,0,17,392,"202410011509"
"2023/24 - wiosna","EMPTY",0,0,0,0,0,0,0,0,0,0,0,0,0,0,392,"202410011509"
"2023/24 - jesień","EMPTY",0,0,0,0,0,0,0,0,0,0,0,0,0,0,392,"202410011509"
"2022/23 - wiosna","EMPTY",0,0,0,0,0,0,0,0,0,0,0,0,0,0,392,"202410011509"
"2022/23 - jesień","EMPTY",0,0,0,0,0,0,0,0,0,0,0,0,0,0,392,"202410011509"
"2021/22 - wiosna","EMPTY",0,0,0,0,0,0,0,0,0,0,0,0,0,0,392,"202410011509"
"2021/22 - jesień","EMPTY",0,0,0,0,0,0,0,0,0,0,0,0,0,0,392,"202410011509"
"2020/21 - wiosna","EMPTY",0,0,0,0,0,0,0,0,0,0,0,0,0,0,392,"202410011509"
"2020/21 - jesień","EMPTY",0,0,0,0,0,0,0,0,0,0,0,0,0,0,392,"202410011509"
"2019/20 - jesień","EMPTY",0,0,0,0,0,0,0,0,0,0,0,0,0,0,392,"202410011509"
"2018/19 - wiosna","EMPTY",1155,2,4,0,0,0,0,0,0,0,0,1,0,71,392,"202410011509"
"2018/19 - jesień","EMPTY",1440,1,2,0,0,0,0,0,0,0,0,0,0,62,392,"202410011509"
"2017/18 - wiosna","EMPTY",1196,0,0,0,0,0,0,0,0,0,0,1,0,48,392,"202410011509"
"2017/18 - jesień","EMPTY",1005,1,3,0,0,0,0,0,0,0,0,2,0,64,392,"202410011509"
"2016/17 - wiosna","EMPTY",431,0,0,0,0,0,0,0,0,0,0,2,0,22,392,"202410011509"
"2016/17 - jesień","EMPTY",350,0,0,0,0,0,0,0,0,0,0,3,0,18,392,"202410011509"
"1","STM",0,0,0,0,0,0,0,0,0,0,0,0,0,0,1935,"202410011509"
"2","LPO",28,0,0,0,0,0,0,0,0,0,0,0,0,2,1935,"202410011509"
"3","CRA",1,0,0,0,0,0,0,0,0,0,0,0,0,2,1935,"202410011509"
"4","ŚLA",1,0,0,0,0,0,0,0,0,0,0,0,0,1,1935,"202410011509"
"5","POG",12,0,0,0,0,0,0,0,0,0,0,0,0,1,1935,"202410011509"
"6","RAD",10,0,0,0,0,0,0,0,0,0,0,0,0,2,1935,"202410011509"
"7","JAG",45,0,0,0,0,0,0,0,0,0,0,0,0,1,1935,"202410011509"
"8","GKS",90,0,0,0,0,0,0,0,0,0,0,0,0,2,1935,"202410011509"
"9","PIA",90,0,0,0,0,0,0,0,0,0,0,0,0,4,1935,"202410011509"
"10","LGD",90,0,0,0,0,0,0,0,0,0,0,0,0,2,1935,"202410011509"
"11","KOR",0,0,0,0,0,0,0,0,0,0,0,0,0,0,1935,"202410011509"
"12","MOT",0,0,0,0,0,0,0,0,0,0,0,0,0,0,1935,"202410011509"
"13","GÓR",0,0,0,0,0,0,0,0,0,0,0,0,0,0,1935,"202410011509"
"14","LEG",0,0,0,0,0,0,0,0,0,0,0,0,0,0,1935,"202410011509"
"15","ZAG",0,0,0,0,0,0,0,0,0,0,0,0,0,0,1935,"202410011509"
"16","PUN",0,0,0,0,0,0,0,0,0,0,0,0,0,0,1935,"202410011509"
"17","RCZ",0,0,0,0,0,0,0,0,0,0,0,0,0,0,1935,"202410011509"
"18","STM",0,0,0,0,0,0,0,0,0,0,0,0,0,0,1935,"202410011509"
"SUMA","EMPTY",367,0,0,0,0,0,0,0,0,0,0,0,0,17,1935,"202410011509"
"2023/24 - wiosna","EMPTY",0,0,0,0,0,0,0,0,0,0,0,0,0,0,1935,"202410011509"
"2023/24 - jesień","EMPTY",524,0,1,0,0,0,1,1,0,0,0,4,0,17,1935,"202410011509"
"2022/23 - wiosna","EMPTY",728,0,0,0,0,0,0,0,0,0,0,2,0,23,1935,"202410011509"
"2022/23 - jesień","EMPTY",190,0,0,0,0,0,0,0,0,0,0,1,0,14,1935,"202410011509"
"1","KOR",7,0,0,0,0,0,0,0,0,0,0,0,0,2,2192,"202410011509"
"2","ZAG",0,0,0,0,0,0,0,0,0,0,0,0,0,0,2192,"202410011509"
"3","GÓR",19,0,0,0,0,0,0,0,0,0,0,0,0,1,2192,"202410011509"
"4","STM",7,0,1,0,0,0,0,0,0,0,0,0,0,5,2192,"202410011509"
"5","WID",12,0,0,0,0,0,0,0,0,0,0,0,0,2,2192,"202410011509"
"6","LPO",45,0,0,0,0,0,0,0,0,0,0,0,0,1,2192,"202410011509"
"7","ŚLA",5,0,0,0,0,0,0,0,0,0,0,0,0,2,2192,"202410011509"
"8","CRA",61,0,0,0,0,0,0,0,0,0,0,0,0,2,2192,"202410011509"
"9","LEG",17,0,0,0,0,0,0,0,0,0,0,0,0,2,2192,"202410011509"
"10","GKS",0,0,0,0,0,0,0,0,0,0,0,0,0,0,2192,"202410011509"
"11","PIA",0,0,0,0,0,0,0,0,0,0,0,0,0,0,2192,"202410011509"
"12","RCZ",0,0,0,0,0,0,0,0,0,0,0,0,0,0,2192,"202410011509"
"13","PUN",0,0,0,0,0,0,0,0,0,0,0,0,0,0,2192,"202410011509"
"14","MOT",0,0,0,0,0,0,0,0,0,0,0,0,0,0,2192,"202410011509"
"15","RAD",0,0,0,0,0,0,0,0,0,0,0,0,0,0,2192,"202410011509"
"16","LGD",0,0,0,0,0,0,0,0,0,0,0,0,0,0,2192,"202410011509"
"17","JAG",0,0,0,0,0,0,0,0,0,0,0,0,0,0,2192,"202410011509"
"18","KOR",0,0,0,0,0,0,0,0,0,0,0,0,0,0,2192,"202410011509"
"SUMA","EMPTY",173,0,1,0,0,0,0,0,0,0,0,0,0,17,2192,"202410011509"
"2023/24 - wiosna","EMPTY",629,0,2,0,0,0,1,0,0,0,0,1,0,33,2192,"202410011509"
"2023/24 - jesień","EMPTY",917,0,0,0,0,0,0,0,0,0,0,3,0,32,2192,"202410011509"
"1","STM",28,0,0,0,0,0,0,0,0,0,0,0,0,1,2452,"202410011509"
"2","LPO",10,0,0,0,0,0,0,0,0,0,0,0,0,2,2452,"202410011509"
"3","CRA",27,0,0,0,0,0,0,0,0,0,0,0,0,2,2452,"202410011509"
"4","ŚLA",26,0,0,0,0,0,0,0,0,0,0,0,0,1,2452,"202410011509"
"5","POG",33,0,0,0,0,0,0,0,0,0,0,0,0,1,2452,"202410011509"
"6","RAD",30,0,0,0,0,0,0,0,0,0,0,0,0,2,2452,"202410011509"
"7","JAG",28,0,0,0,0,0,0,0,0,0,0,0,0,1,2452,"202410011509"
"8","GKS",80,0,0,0,0,0,0,0,0,0,0,0,0,2,2452,"202410011509"
"9","PIA",63,0,0,0,0,0,0,0,0,0,0,1,0,3,2452,"202410011509"
"10","LGD",45,0,0,0,0,0,0,0,0,0,0,0,0,2,2452,"202410011509"
"11","KOR",0,0,0,0,0,0,0,0,0,0,0,0,0,0,2452,"202410011509"
"12","MOT",0,0,0,0,0,0,0,0,0,0,0,0,0,0,2452,"202410011509"
"13","GÓR",0,0,0,0,0,0,0,0,0,0,0,0,0,0,2452,"202410011509"
"14","LEG",0,0,0,0,0,0,0,0,0,0,0,0,0,0,2452,"202410011509"
"15","ZAG",0,0,0,0,0,0,0,0,0,0,0,0,0,0,2452,"202410011509"
"16","PUN",0,0,0,0,0,0,0,0,0,0,0,0,0,0,2452,"202410011509"
"17","RCZ",0,0,0,0,0,0,0,0,0,0,0,0,0,0,2452,"202410011509"
"18","STM",0,0,0,0,0,0,0,0,0,0,0,0,0,0,2452,"202410011509"
"SUMA","EMPTY",370,0,0,0,0,0,0,0,0,0,0,1,0,17,2452,"202410011509"
"1","POG",90,0,0,0,0,0,0,0,0,0,0,1,0,-1,2458,"202410011509"
"2","LEG",90,0,0,0,0,0,0,0,0,0,0,0,0,2,2458,"202410011509"
"3","MOT",90,0,0,0,0,0,0,0,0,0,0,0,0,2,2458,"202410011509"
"4","CRA",90,0,0,0,0,0,0,0,0,0,0,0,0,1,2458,"202410011509"
"5","ŚLA",77,0,0,0,0,0,0,0,0,0,0,0,0,2,2458,"202410011509"
"6","STM",89,0,0,0,0,0,0,0,0,0,0,0,0,3,2458,"202410011509"
"7","PUN",71,0,0,0,0,0,0,0,0,0,0,0,0,5,2458,"202410011509"
"8","ZAG",90,0,0,0,0,0,0,0,0,0,0,1,0,5,2458,"202410011509"
"9","RAD",81,0,0,0,0,0,0,0,0,0,0,1,0,-2,2458,"202410011509"
"10","LPO",68,0,0,0,0,0,0,0,0,0,0,0,0,0,2458,"202410011509"
"11","WID",0,0,0,0,0,0,0,0,0,0,0,0,0,0,2458,"202410011509"
"12","PIA",0,0,0,0,0,0,0,0,0,0,0,0,0,0,2458,"202410011509"
"13","JAG",0,0,0,0,0,0,0,0,0,0,0,0,0,0,2458,"202410011509"
"14","GKS",0,0,0,0,0,0,0,0,0,0,0,0,0,0,2458,"202410011509"
"15","LGD",0,0,0,0,0,0,0,0,0,0,0,0,0,0,2458,"202410011509"
"16","RCZ",0,0,0,0,0,0,0,0,0,0,0,0,0,0,2458,"202410011509"
"17","GÓR",0,0,0,0,0,0,0,0,0,0,0,0,0,0,2458,"202410011509"
"18","POG",0,0,0,0,0,0,0,0,0,0,0,0,0,0,2458,"202410011509"
"SUMA","EMPTY",836,0,0,0,0,0,0,0,0,0,0,3,0,17,2458,"202410011509"
"1","GKS",90,0,0,0,0,0,0,0,0,0,0,0,0,3,950,"202410011509"
"2","JAG",90,0,0,0,0,0,0,0,0,0,0,0,0,0,950,"202410011509"
"4","GÓR",90,0,0,0,0,0,0,0,0,0,0,0,0,1,950,"202410011509"
"5","LEG",0,0,0,0,0,0,0,0,0,0,0,0,0,0,950,"202410011509"
"6","WID",0,0,0,0,0,0,0,0,0,0,0,0,0,0,950,"202410011509"
"7","CRA",90,0,0,0,0,0,0,0,0,0,0,0,0,3,950,"202410011509"
"8","LGD",90,0,0,0,0,0,0,0,0,0,0,0,0,2,950,"202410011509"
"9","KOR",90,0,0,0,0,0,0,0,0,0,0,0,0,6,950,"202410011509"
"10","ZAG",85,0,0,0,0,0,0,0,0,0,0,0,0,2,950,"202410011509"
"11","RCZ",0,0,0,0,0,0,0,0,0,0,0,0,0,0,950,"202410011509"
"12","PUN",0,0,0,0,0,0,0,0,0,0,0,0,0,0,950,"202410011509"
"13","LPO",0,0,0,0,0,0,0,0,0,0,0,0,0,0,950,"202410011509"
"14","PIA",0,0,0,0,0,0,0,0,0,0,0,0,0,0,950,"202410011509"
"15","POG",0,0,0,0,0,0,0,0,0,0,0,0,0,0,950,"202410011509"
"16","STM",0,0,0,0,0,0,0,0,0,0,0,0,0,0,950,"202410011509"
"17","MOT",0,0,0,0,0,0,0,0,0,0,0,0,0,0,950,"202410011509"
"18","ŚLA",0,0,0,0,0,0,0,0,0,0,0,0,0,0,950,"202410011509"
"18","GKS",0,0,0,0,0,0,0,0,0,0,0,0,0,0,950,"202410011509"
"SUMA","EMPTY",625,0,0,0,0,0,0,0,0,0,0,0,0,17,950,"202410011509"
"2023/24 - wiosna","EMPTY",364,0,0,0,0,0,0,0,0,0,0,1,0,0,950,"202410011509"
"2023/24 - jesień","EMPTY",1091,1,0,0,0,0,0,1,0,0,0,3,0,37,950,"202410011509"
"2022/23 - wiosna","EMPTY",636,0,0,0,0,0,0,0,0,0,0,1,0,27,950,"202410011509"
"2022/23 - jesień","EMPTY",1145,0,0,0,0,0,0,2,0,0,0,4,1,24,950,"202410011509"
"2021/22 - wiosna","EMPTY",1290,0,0,0,0,0,0,0,0,0,0,5,0,23,950,"202410011509"
"2021/22 - jesień","EMPTY",1854,0,0,0,0,0,0,0,0,0,0,0,0,62,950,"202410011509"
"2019/20 - jesień","EMPTY",0,0,0,0,0,0,0,0,0,0,0,0,0,0,950,"202410011509"
"2018/19 - wiosna","EMPTY",849,0,0,0,0,0,0,0,0,0,0,0,0,21,950,"202410011509"
"2018/19 - jesień","EMPTY",1001,0,0,0,0,0,0,0,0,0,0,1,0,14,950,"202410011509"
"2017/18 - wiosna","EMPTY",0,0,0,0,0,0,0,0,0,0,0,0,0,0,950,"202410011509"
"2017/18 - jesień","EMPTY",0,0,0,0,0,0,0,0,0,0,0,0,0,0,950,"202410011509"
"2016/17 - wiosna","EMPTY",0,0,0,0,0,0,0,0,0,0,0,0,0,0,950,"202410011509"
"2016/17 - jesień","EMPTY",489,0,0,0,0,0,0,0,0,0,0,0,0,9,950,"202410011509"
"1","WID",15,0,0,0,0,0,0,0,0,0,0,0,0,1,1751,"202410011509"
"2","GKS",75,0,0,0,0,0,0,0,0,0,0,0,0,2,1751,"202410011509"
"3","JAG",83,0,0,0,0,0,0,0,0,0,0,0,0,2,1751,"202410011509"
"4","POG",90,0,0,0,0,0,0,0,0,0,0,0,0,2,1751,"202410011509"
"5","PIA",62,0,0,0,0,0,0,0,0,0,0,0,0,4,1751,"202410011509"
"6","KOR",57,0,0,0,0,0,0,0,0,0,0,1,0,1,1751,"202410011509"
"7","LPO",45,0,0,0,0,0,0,0,0,0,0,0,0,1,1751,"202410011509"
"8","ŚLA",0,0,0,0,0,0,0,0,0,0,0,0,0,0,1751,"202410011509"
"9","MOT",75,0,0,0,0,0,0,0,0,0,0,0,0,4,1751,"202410011509"
"10","CRA",0,0,0,0,0,0,0,0,0,0,0,0,0,0,1751,"202410011509"
"11","LGD",0,0,0,0,0,0,0,0,0,0,0,0,0,0,1751,"202410011509"
"12","GÓR",0,0,0,0,0,0,0,0,0,0,0,0,0,0,1751,"202410011509"
"13","ZAG",0,0,0,0,0,0,0,0,0,0,0,0,0,0,1751,"202410011509"
"14","RCZ",0,0,0,0,0,0,0,0,0,0,0,0,0,0,1751,"202410011509"
"15","PUN",0,0,0,0,0,0,0,0,0,0,0,0,0,0,1751,"202410011509"
"16","RAD",0,0,0,0,0,0,0,0,0,0,0,0,0,0,1751,"202410011509"
"17","LEG",0,0,0,0,0,0,0,0,0,0,0,0,0,0,1751,"202410011509"
"18","WID",0,0,0,0,0,0,0,0,0,0,0,0,0,0,1751,"202410011509"
"SUMA","EMPTY",502,0,0,0,0,0,0,0,0,0,0,1,0,17,1751,"202410011509"
"2023/24 - wiosna","EMPTY",912,0,1,0,0,0,0,0,0,0,0,1,0,36,1751,"202410011509"
"2023/24 - jesień","EMPTY",934,3,1,0,0,0,0,0,0,0,0,3,0,49,1751,"202410011509"
"2022/23 - wiosna","EMPTY",762,1,0,0,0,0,0,0,0,0,0,2,0,30,1751,"202410011509"
"2022/23 - jesień","EMPTY",269,0,0,0,0,0,0,0,0,0,0,2,0,8,1751,"202410011509"
"2021/22 - wiosna","EMPTY",652,0,0,0,0,0,0,0,0,0,0,1,0,23,1751,"202410011509"
"2021/22 - jesień","EMPTY",649,1,1,0,0,0,0,0,0,0,0,0,0,33,1751,"202410011509"
"1","WID",0,0,0,0,0,0,0,0,0,0,0,0,0,0,1766,"202410011509"
"2","GKS",0,0,0,0,0,0,0,0,0,0,0,0,0,0,1766,"202410011509"
"3","JAG",0,0,0,0,0,0,0,0,0,0,0,0,0,0,1766,"202410011509"
"4","POG",0,0,0,0,0,0,0,0,0,0,0,0,0,0,1766,"202410011509"
"5","PIA",90,0,0,0,0,0,0,0,0,0,0,0,0,6,1766,"202410011509"
"6","KOR",90,0,0,0,0,0,0,0,0,0,0,0,0,1,1766,"202410011509"
"7","LPO",90,0,0,0,0,0,0,0,0,0,0,0,0,1,1766,"202410011509"
"8","ŚLA",0,0,0,0,0,0,0,0,0,0,0,0,0,0,1766,"202410011509"
"9","MOT",90,0,0,0,0,0,0,0,0,0,0,0,0,6,1766,"202410011509"
"10","CRA",90,0,0,0,0,0,0,0,0,0,0,1,0,3,1766,"202410011509"
"11","LGD",0,0,0,0,0,0,0,0,0,0,0,0,0,0,1766,"202410011509"
"12","GÓR",0,0,0,0,0,0,0,0,0,0,0,0,0,0,1766,"202410011509"
"13","ZAG",0,0,0,0,0,0,0,0,0,0,0,0,0,0,1766,"202410011509"
"14","RCZ",0,0,0,0,0,0,0,0,0,0,0,0,0,0,1766,"202410011509"
"15","PUN",0,0,0,0,0,0,0,0,0,0,0,0,0,0,1766,"202410011509"
"16","RAD",0,0,0,0,0,0,0,0,0,0,0,0,0,0,1766,"202410011509"
"17","LEG",0,0,0,0,0,0,0,0,0,0,0,0,0,0,1766,"202410011509"
"18","WID",0,0,0,0,0,0,0,0,0,0,0,0,0,0,1766,"202410011509"
"SUMA","EMPTY",450,0,0,0,0,0,0,0,0,0,0,1,0,17,1766,"202410011509"
"2023/24 - wiosna","EMPTY",0,0,0,0,0,0,0,0,0,0,0,0,0,0,1766,"202410011509"
"2023/24 - jesień","EMPTY",0,0,0,0,0,0,0,0,0,0,0,0,0,0,1766,"202410011509"
"2022/23 - wiosna","EMPTY",0,0,0,0,0,0,0,0,0,0,0,0,0,0,1766,"202410011509"
"2022/23 - jesień","EMPTY",0,0,0,0,0,0,0,0,0,0,0,0,0,0,1766,"202410011509"
"2021/22 - wiosna","EMPTY",0,0,0,0,0,0,0,0,0,0,0,0,0,0,1766,"202410011509"
"2021/22 - jesień","EMPTY",0,0,0,0,0,0,0,0,0,0,0,0,0,0,1766,"202410011509"
"1","LEG",67,0,0,0,0,0,0,0,0,0,0,0,0,2,2047,"202410011509"
"2","POG",69,1,0,0,0,1,0,0,0,0,0,0,0,6,2047,"202410011509"
"3","PUN",69,0,0,0,0,0,0,0,0,0,0,0,0,3,2047,"202410011509"
"4","LGD",71,0,0,0,0,0,0,0,0,0,0,0,0,2,2047,"202410011509"
"5","LPO",45,0,0,0,0,0,0,0,0,0,0,0,0,2,2047,"202410011509"
"6","PIA",14,0,0,0,0,0,0,0,0,0,0,0,0,1,2047,"202410011509"
"7","GKS",0,0,0,0,0,0,0,0,0,0,0,0,0,0,2047,"202410011509"
"8","KOR",22,0,0,0,0,0,0,0,0,0,0,0,0,1,2047,"202410011509"
"9","RCZ",0,0,0,0,0,0,0,0,0,0,0,0,0,0,2047,"202410011509"
"10","RAD",0,0,0,0,0,0,0,0,0,0,0,0,0,0,2047,"202410011509"
"11","GÓR",0,0,0,0,0,0,0,0,0,0,0,0,0,0,2047,"202410011509"
"12","JAG",0,0,0,0,0,0,0,0,0,0,0,0,0,0,2047,"202410011509"
"13","STM",0,0,0,0,0,0,0,0,0,0,0,0,0,0,2047,"202410011509"
"14","ŚLA",0,0,0,0,0,0,0,0,0,0,0,0,0,0,2047,"202410011509"
"15","WID",0,0,0,0,0,0,0,0,0,0,0,0,0,0,2047,"202410011509"
"16","MOT",0,0,0,0,0,0,0,0,0,0,0,0,0,0,2047,"202410011509"
"17","CRA",0,0,0,0,0,0,0,0,0,0,0,0,0,0,2047,"202410011509"
"18","LEG",0,0,0,0,0,0,0,0,0,0,0,0,0,0,2047,"202410011509"
"SUMA","EMPTY",357,1,0,0,0,1,0,0,0,0,0,0,0,17,2047,"202410011509"
"2023/24 - wiosna","EMPTY",1242,9,0,0,0,0,0,0,0,0,0,3,0,69,2047,"202410011509"
"2023/24 - jesień","EMPTY",1077,3,0,0,0,0,1,0,0,0,0,0,0,47,2047,"202410011509"
"2022/23 - wiosna","EMPTY",927,4,0,0,0,0,1,0,0,0,0,0,0,49,2047,"202410011509"
"2022/23 - jesień","EMPTY",13,0,0,0,0,0,0,0,0,0,0,0,0,1,2047,"202410011509"
"1","MOT",0,0,0,0,0,0,0,0,0,0,0,0,0,0,1539,"202410011509"
"2","CRA",0,0,0,0,0,0,0,0,0,0,0,0,0,0,1539,"202410011509"
"3","GKS",0,0,0,0,0,0,0,0,0,0,0,0,0,0,1539,"202410011509"
"4","LPO",0,0,0,0,0,0,0,0,0,0,0,0,0,0,1539,"202410011509"
"5","GÓR",0,0,0,0,0,0,0,0,0,0,0,0,0,0,1539,"202410011509"
"6","LGD",6,0,0,0,0,0,0,0,0,0,0,0,0,2,1539,"202410011509"
"7","PIA",5,0,0,0,0,0,0,0,0,0,0,0,0,1,1539,"202410011509"
"8","LEG",0,0,0,0,0,0,0,0,0,0,0,0,0,0,1539,"202410011509"
"9","ZAG",0,0,0,0,0,0,0,0,0,0,0,0,0,0,1539,"202410011509"
"10","PUN",60,1,1,0,0,0,0,0,0,0,0,0,0,13,1539,"202410011509"
"11","RAD",0,0,0,0,0,0,0,0,0,0,0,0,0,0,1539,"202410011509"
"12","POG",0,0,0,0,0,0,0,0,0,0,0,0,0,0,1539,"202410011509"
"13","ŚLA",0,0,0,0,0,0,0,0,0,0,0,0,0,0,1539,"202410011509"
"14","STM",0,0,0,0,0,0,0,0,0,0,0,0,0,0,1539,"202410011509"
"15","JAG",0,0,0,0,0,0,0,0,0,0,0,0,0,0,1539,"202410011509"
"16","KOR",0,0,0,0,0,0,0,0,0,0,0,0,0,0,1539,"202410011509"
"17","WID",0,0,0,0,0,0,0,0,0,0,0,0,0,0,1539,"202410011509"
"18","MOT",0,0,0,0,0,0,0,0,0,0,0,0,0,0,1539,"202410011509"
"SUMA","EMPTY",71,1,1,0,0,0,0,0,0,0,0,0,0,16,1539,"202410011509"
"2023/24 - wiosna","EMPTY",80,0,0,0,0,0,0,0,0,0,0,0,0,5,1539,"202410011509"
"2023/24 - jesień","EMPTY",0,0,0,0,0,0,0,0,0,0,0,0,0,0,1539,"202410011509"
"2022/23 - wiosna","EMPTY",812,4,3,0,0,1,0,0,0,0,0,1,0,63,1539,"202410011509"
"2022/23 - jesień","EMPTY",1111,5,3,0,0,3,1,0,0,0,0,2,0,83,1539,"202410011509"
"2021/22 - wiosna","EMPTY",1163,10,0,0,0,3,0,0,1,0,0,1,0,92,1539,"202410011509"
"2021/22 - jesień","EMPTY",1411,10,6,0,0,3,0,0,1,0,0,1,0,118,1539,"202410011509"
"2020/21 - wiosna","EMPTY",1014,4,2,0,0,2,0,1,0,0,0,2,0,55,1539,"202410011509"
"2020/21 - jesień","EMPTY",641,5,0,0,0,0,0,0,0,0,0,1,0,45,1539,"202410011509"
"1","LGD",90,0,0,0,0,0,0,0,0,0,0,1,0,1,2331,"202410011509"
"2","PIA",90,0,0,0,0,0,0,0,0,0,0,0,0,1,2331,"202410011509"
"4","WID",90,0,0,0,0,0,0,0,0,0,0,0,0,5,2331,"202410011509"
"5","KOR",90,0,0,0,0,0,0,0,0,0,0,1,0,1,2331,"202410011509"
"6","LEG",0,0,0,0,0,0,0,0,0,0,0,0,0,0,2331,"202410011509"
"7","POG",45,1,0,0,0,0,0,0,0,0,0,0,0,6,2331,"202410011509"
"8","STM",0,0,0,0,0,0,0,0,0,0,0,0,0,0,2331,"202410011509"
"9","LPO",90,0,0,0,0,0,0,0,0,0,0,0,0,2,2331,"202410011509"
"10","MOT",0,0,0,0,0,0,0,0,0,0,0,0,0,0,2331,"202410011509"
"11","CRA",0,0,0,0,0,0,0,0,0,0,0,0,0,0,2331,"202410011509"
"12","GKS",0,0,0,0,0,0,0,0,0,0,0,0,0,0,2331,"202410011509"
"13","RCZ",0,0,0,0,0,0,0,0,0,0,0,0,0,0,2331,"202410011509"
"14","ZAG",0,0,0,0,0,0,0,0,0,0,0,0,0,0,2331,"202410011509"
"15","GÓR",0,0,0,0,0,0,0,0,0,0,0,0,0,0,2331,"202410011509"
"16","JAG",0,0,0,0,0,0,0,0,0,0,0,0,0,0,2331,"202410011509"
"17","PUN",0,0,0,0,0,0,0,0,0,0,0,0,0,0,2331,"202410011509"
"18","RAD",0,0,0,0,0,0,0,0,0,0,0,0,0,0,2331,"202410011509"
"18","LGD",0,0,0,0,0,0,0,0,0,0,0,0,0,0,2331,"202410011509"
"SUMA","EMPTY",495,1,0,0,0,0,0,0,0,0,0,2,0,16,2331,"202410011509"
"2023/24 - wiosna","EMPTY",911,1,0,0,0,0,0,1,0,0,0,3,0,37,2331,"202410011509"
"1","PUN",71,0,0,0,0,0,0,0,0,0,0,0,0,4,2083,"202410011509"
"2","RAD",19,0,1,0,0,0,0,0,0,0,0,0,0,5,2083,"202410011509"
"3","STM",60,0,0,0,0,0,0,0,0,0,0,1,0,3,2083,"202410011509"
"5","CRA",14,0,0,0,0,0,0,0,0,0,0,0,0,1,2083,"202410011509"
"6","GKS",45,0,0,0,0,0,0,0,0,0,0,0,0,1,2083,"202410011509"
"7","WID",0,0,0,0,0,0,0,0,0,0,0,0,0,0,2083,"202410011509"
"8","LPO",0,0,0,0,0,0,0,0,0,0,0,0,0,0,2083,"202410011509"
"9","MOT",0,0,0,0,0,0,0,0,0,0,0,0,0,0,2083,"202410011509"
"9","LGD",7,0,0,0,0,0,0,0,0,0,0,0,0,2,2083,"202410011509"
"10","PIA",0,0,0,0,0,0,0,0,0,0,0,0,0,0,2083,"202410011509"
"11","LEG",0,0,0,0,0,0,0,0,0,0,0,0,0,0,2083,"202410011509"
"12","ZAG",0,0,0,0,0,0,0,0,0,0,0,0,0,0,2083,"202410011509"
"13","KOR",0,0,0,0,0,0,0,0,0,0,0,0,0,0,2083,"202410011509"
"14","GÓR",0,0,0,0,0,0,0,0,0,0,0,0,0,0,2083,"202410011509"
"15","RCZ",0,0,0,0,0,0,0,0,0,0,0,0,0,0,2083,"202410011509"
"16","ŚLA",0,0,0,0,0,0,0,0,0,0,0,0,0,0,2083,"202410011509"
"17","POG",0,0,0,0,0,0,0,0,0,0,0,0,0,0,2083,"202410011509"
"18","PUN",0,0,0,0,0,0,0,0,0,0,0,0,0,0,2083,"202410011509"
"SUMA","EMPTY",216,0,1,0,0,0,0,0,0,0,0,1,0,16,2083,"202410011509"
"2023/24 - wiosna","EMPTY",163,0,0,0,0,0,0,0,0,0,0,2,0,10,2083,"202410011509"
"2023/24 - jesień","EMPTY",32,0,0,0,0,0,0,0,0,0,0,1,0,2,2083,"202410011509"
"2022/23 - wiosna","EMPTY",470,0,1,0,0,0,0,0,0,0,0,4,0,18,2083,"202410011509"
"1","PIA",14,0,0,0,0,0,0,0,0,0,0,0,0,1,2089,"202410011509"
"2","RCZ",9,0,0,0,0,0,0,0,0,0,0,0,0,2,2089,"202410011509"
"3","WID",0,0,0,0,0,0,0,0,0,0,0,0,0,0,2089,"202410011509"
"4","KOR",1,0,0,0,0,0,0,0,0,0,0,0,0,2,2089,"202410011509"
"5","JAG",11,1,0,0,0,0,0,0,0,0,0,0,0,7,2089,"202410011509"
"6","GÓR",3,0,0,0,0,0,0,0,0,0,0,0,0,2,2089,"202410011509"
"7","RAD",9,0,0,0,0,0,0,0,0,0,0,0,0,1,2089,"202410011509"
"8","POG",0,0,0,0,0,0,0,0,0,0,0,0,0,0,2089,"202410011509"
"9","PUN",0,0,0,0,0,0,0,0,0,0,0,0,0,0,2089,"202410011509"
"10","STM",1,0,0,0,0,0,0,0,0,0,0,0,0,1,2089,"202410011509"
"11","ŚLA",0,0,0,0,0,0,0,0,0,0,0,0,0,0,2089,"202410011509"
"12","LPO",0,0,0,0,0,0,0,0,0,0,0,0,0,0,2089,"202410011509"
"13","MOT",0,0,0,0,0,0,0,0,0,0,0,0,0,0,2089,"202410011509"
"14","LGD",0,0,0,0,0,0,0,0,0,0,0,0,0,0,2089,"202410011509"
"15","GKS",0,0,0,0,0,0,0,0,0,0,0,0,0,0,2089,"202410011509"
"16","LEG",0,0,0,0,0,0,0,0,0,0,0,0,0,0,2089,"202410011509"
"17","ZAG",0,0,0,0,0,0,0,0,0,0,0,0,0,0,2089,"202410011509"
"18","PIA",0,0,0,0,0,0,0,0,0,0,0,0,0,0,2089,"202410011509"
"SUMA","EMPTY",48,1,0,0,0,0,0,0,0,0,0,0,0,16,2089,"202410011509"
"2023/24 - wiosna","EMPTY",157,0,0,0,0,0,0,0,0,0,0,0,0,12,2089,"202410011509"
"2023/24 - jesień","EMPTY",692,0,0,0,0,0,0,0,0,0,0,0,0,29,2089,"202410011509"
"2022/23 - wiosna","EMPTY",795,2,0,1,0,0,0,0,0,0,0,1,0,43,2089,"202410011509"
"1","RAD",84,0,0,0,0,0,0,0,0,0,0,0,0,2,2384,"202410011509"
"2","STM",28,0,0,0,0,0,0,0,0,0,0,0,0,2,2384,"202410011509"
"3","RCZ",90,0,0,0,0,0,0,0,0,0,0,0,0,2,2384,"202410011509"
"4","PIA",67,0,0,0,0,0,0,0,0,0,0,0,0,2,2384,"202410011509"
"5","MOT",27,0,0,0,0,0,0,0,0,0,0,1,0,0,2384,"202410011509"
"6","JAG",45,0,1,0,0,0,0,0,0,0,0,0,0,5,2384,"202410011509"
"7","ZAG",19,0,0,0,0,0,0,0,0,0,0,0,0,1,2384,"202410011509"
"8","WID",17,0,0,0,0,0,0,0,0,0,0,0,0,1,2384,"202410011509"
"9","GÓR",29,0,0,0,0,0,0,0,0,0,0,0,0,1,2384,"202410011509"
"10","POG",0,0,0,0,0,0,0,0,0,0,0,0,0,0,2384,"202410011509"
"11","PUN",0,0,0,0,0,0,0,0,0,0,0,0,0,0,2384,"202410011509"
"12","ŚLA",0,0,0,0,0,0,0,0,0,0,0,0,0,0,2384,"202410011509"
"13","LEG",0,0,0,0,0,0,0,0,0,0,0,0,0,0,2384,"202410011509"
"14","KOR",0,0,0,0,0,0,0,0,0,0,0,0,0,0,2384,"202410011509"
"15","CRA",0,0,0,0,0,0,0,0,0,0,0,0,0,0,2384,"202410011509"
"16","LPO",0,0,0,0,0,0,0,0,0,0,0,0,0,0,2384,"202410011509"
"17","LGD",0,0,0,0,0,0,0,0,0,0,0,0,0,0,2384,"202410011509"
"18","RAD",0,0,0,0,0,0,0,0,0,0,0,0,0,0,2384,"202410011509"
"SUMA","EMPTY",406,0,1,0,0,0,0,0,0,0,0,1,0,16,2384,"202410011509"
"1","LPO",22,0,0,0,0,0,0,0,0,0,0,0,0,1,2385,"202410011509"
"2","PUN",28,0,0,0,0,0,0,0,0,0,0,0,0,1,2385,"202410011509"
"3","POG",72,0,0,0,0,0,0,0,0,0,0,0,0,4,2385,"202410011509"
"4","RAD",90,0,1,0,0,0,0,0,0,0,0,0,0,6,2385,"202410011509"
"5","RCZ",0,0,0,0,0,0,0,0,0,0,0,0,0,0,2385,"202410011509"
"6","CRA",0,0,0,0,0,0,0,0,0,0,0,0,0,0,2385,"202410011509"
"7","LGD",45,0,0,0,0,0,0,0,0,0,0,0,0,1,2385,"202410011509"
"8","MOT",24,0,0,0,0,0,0,0,0,0,0,1,0,0,2385,"202410011509"
"9","GKS",18,0,0,0,0,0,0,0,0,0,0,0,0,2,2385,"202410011509"
"10","LEG",45,0,0,0,0,0,0,0,0,0,0,0,0,1,2385,"202410011509"
"11","ZAG",0,0,0,0,0,0,0,0,0,0,0,0,0,0,2385,"202410011509"
"12","STM",0,0,0,0,0,0,0,0,0,0,0,0,0,0,2385,"202410011509"
"13","WID",0,0,0,0,0,0,0,0,0,0,0,0,0,0,2385,"202410011509"
"14","JAG",0,0,0,0,0,0,0,0,0,0,0,0,0,0,2385,"202410011509"
"15","ŚLA",0,0,0,0,0,0,0,0,0,0,0,0,0,0,2385,"202410011509"
"16","PIA",0,0,0,0,0,0,0,0,0,0,0,0,0,0,2385,"202410011509"
"17","KOR",0,0,0,0,0,0,0,0,0,0,0,0,0,0,2385,"202410011509"
"18","LPO",0,0,0,0,0,0,0,0,0,0,0,0,0,0,2385,"202410011509"
"SUMA","EMPTY",344,0,1,0,0,0,0,0,0,0,0,1,0,16,2385,"202410011509"
"1","POG",36,0,0,0,0,0,0,0,0,0,0,0,0,1,860,"202410011509"
"2","LEG",64,0,0,0,0,0,0,0,0,0,0,0,0,2,860,"202410011509"
"3","MOT",84,0,1,0,0,0,0,0,0,0,0,0,0,5,860,"202410011509"
"4","CRA",59,0,0,0,0,0,0,0,0,0,0,0,0,2,860,"202410011509"
"5","ŚLA",69,0,0,0,0,0,0,0,0,0,0,0,0,2,860,"202410011509"
"6","STM",1,0,0,0,0,0,0,0,0,0,0,1,0,1,860,"202410011509"
"7","PUN",19,0,0,0,0,0,0,0,0,0,0,0,0,1,860,"202410011509"
"8","ZAG",0,0,0,0,0,0,0,0,0,0,0,0,0,0,860,"202410011509"
"9","RAD",45,0,0,0,0,0,0,0,0,0,0,0,0,1,860,"202410011509"
"10","LPO",22,0,0,0,0,0,0,0,0,0,0,0,0,1,860,"202410011509"
"11","WID",0,0,0,0,0,0,0,0,0,0,0,0,0,0,860,"202410011509"
"12","PIA",0,0,0,0,0,0,0,0,0,0,0,0,0,0,860,"202410011509"
"13","JAG",0,0,0,0,0,0,0,0,0,0,0,0,0,0,860,"202410011509"
"14","GKS",0,0,0,0,0,0,0,0,0,0,0,0,0,0,860,"202410011509"
"15","LGD",0,0,0,0,0,0,0,0,0,0,0,0,0,0,860,"202410011509"
"16","RCZ",0,0,0,0,0,0,0,0,0,0,0,0,0,0,860,"202410011509"
"17","GÓR",0,0,0,0,0,0,0,0,0,0,0,0,0,0,860,"202410011509"
"18","POG",0,0,0,0,0,0,0,0,0,0,0,0,0,0,860,"202410011509"
"SUMA","EMPTY",399,0,1,0,0,0,0,0,0,0,0,1,0,16,860,"202410011509"
"2023/24 - wiosna","EMPTY",83,0,0,0,0,0,0,0,0,0,0,1,0,5,860,"202410011509"
"2023/24 - jesień","EMPTY",140,0,0,0,0,0,0,0,0,0,0,0,0,6,860,"202410011509"
"2022/23 - wiosna","EMPTY",208,0,1,0,0,0,0,0,0,0,0,1,0,15,860,"202410011509"
"2022/23 - jesień","EMPTY",244,0,1,0,0,0,0,0,0,0,0,1,0,22,860,"202410011509"
"2021/22 - wiosna","EMPTY",282,0,0,0,0,0,0,0,0,0,0,0,0,11,860,"202410011509"
"2021/22 - jesień","EMPTY",471,1,0,0,0,0,2,1,0,0,0,0,0,29,860,"202410011509"
"2020/21 - wiosna","EMPTY",204,0,0,0,0,0,0,0,0,0,0,0,0,14,860,"202410011509"
"2019/20 - wiosna","EMPTY",52,0,0,0,0,0,0,0,0,0,0,1,0,2,860,"202410011509"
"2019/20 - jesień","EMPTY",0,0,0,0,0,0,0,0,0,0,0,0,0,0,860,"202410011509"
"2018/19 - wiosna","EMPTY",0,0,0,0,0,0,0,0,0,0,0,0,0,0,860,"202410011509"
"2018/19 - jesień","EMPTY",0,0,0,0,0,0,0,0,0,0,0,0,0,0,860,"202410011509"
"2017/18 - wiosna","EMPTY",23,0,0,0,0,0,0,0,0,0,0,0,0,1,860,"202410011509"
"1","STM",90,0,0,0,0,0,0,0,0,0,0,0,0,2,1944,"202410011509"
"2","LPO",90,0,0,0,0,0,0,0,0,0,0,0,0,3,1944,"202410011509"
"3","CRA",90,0,0,0,0,0,0,0,0,0,0,1,0,2,1944,"202410011509"
"4","ŚLA",90,0,0,0,0,0,0,0,0,0,0,0,0,3,1944,"202410011509"
"5","POG",78,0,0,0,0,0,0,0,0,0,0,0,0,2,1944,"202410011509"
"6","RAD",80,0,0,0,0,0,0,0,0,0,0,0,0,3,1944,"202410011509"
"7","JAG",78,0,0,0,0,0,0,0,0,0,0,1,0,1,1944,"202410011509"
"8","GKS",0,0,0,0,0,0,0,0,0,0,0,0,0,0,1944,"202410011509"
"9","PIA",0,0,0,0,0,0,0,0,0,0,0,0,0,0,1944,"202410011509"
"10","LGD",0,0,0,0,0,0,0,0,0,0,0,0,0,0,1944,"202410011509"
"11","KOR",0,0,0,0,0,0,0,0,0,0,0,0,0,0,1944,"202410011509"
"12","MOT",0,0,0,0,0,0,0,0,0,0,0,0,0,0,1944,"202410011509"
"13","GÓR",0,0,0,0,0,0,0,0,0,0,0,0,0,0,1944,"202410011509"
"14","LEG",0,0,0,0,0,0,0,0,0,0,0,0,0,0,1944,"202410011509"
"15","ZAG",0,0,0,0,0,0,0,0,0,0,0,0,0,0,1944,"202410011509"
"16","PUN",0,0,0,0,0,0,0,0,0,0,0,0,0,0,1944,"202410011509"
"17","RCZ",0,0,0,0,0,0,0,0,0,0,0,0,0,0,1944,"202410011509"
"18","STM",0,0,0,0,0,0,0,0,0,0,0,0,0,0,1944,"202410011509"
"SUMA","EMPTY",596,0,0,0,0,0,0,0,0,0,0,2,0,16,1944,"202410011509"
"2023/24 - wiosna","EMPTY",789,0,0,1,0,0,0,0,0,0,0,2,1,26,1944,"202410011509"
"2023/24 - jesień","EMPTY",1601,0,1,0,0,0,0,1,0,0,0,4,0,42,1944,"202410011509"
"2022/23 - wiosna","EMPTY",1274,0,0,0,1,0,0,1,0,0,0,3,0,27,1944,"202410011509"
"2022/23 - jesień","EMPTY",1233,2,0,0,0,1,0,0,0,0,0,1,0,54,1944,"202410011509"
"1","CRA",76,0,0,0,0,0,0,0,0,0,0,0,0,2,942,"202410011509"
"2","ŚLA",80,0,0,1,0,0,0,0,0,0,0,0,0,5,942,"202410011509"
"3","LEG",63,0,0,0,0,0,0,0,0,0,0,0,0,3,942,"202410011509"
"4","GKS",63,0,0,0,0,0,0,0,0,0,0,0,0,2,942,"202410011509"
"5","STM",0,0,0,0,0,0,0,0,0,0,0,0,0,0,942,"202410011509"
"6","ZAG",0,0,0,0,0,0,0,0,0,0,0,0,0,0,942,"202410011509"
"7","RCZ",0,0,0,0,0,0,0,0,0,0,0,0,0,0,942,"202410011509"
"8","PUN",13,0,0,0,0,0,0,0,0,0,0,0,0,1,942,"202410011509"
"9","WID",30,0,0,0,0,0,0,0,0,0,0,0,0,1,942,"202410011509"
"10","JAG",77,0,0,0,0,0,0,0,0,0,0,0,0,2,942,"202410011509"
"11","POG",0,0,0,0,0,0,0,0,0,0,0,0,0,0,942,"202410011509"
"12","KOR",0,0,0,0,0,0,0,0,0,0,0,0,0,0,942,"202410011509"
"13","LGD",0,0,0,0,0,0,0,0,0,0,0,0,0,0,942,"202410011509"
"14","RAD",0,0,0,0,0,0,0,0,0,0,0,0,0,0,942,"202410011509"
"15","MOT",0,0,0,0,0,0,0,0,0,0,0,0,0,0,942,"202410011509"
"16","GÓR",0,0,0,0,0,0,0,0,0,0,0,0,0,0,942,"202410011509"
"17","LPO",0,0,0,0,0,0,0,0,0,0,0,0,0,0,942,"202410011509"
"18","CRA",0,0,0,0,0,0,0,0,0,0,0,0,0,0,942,"202410011509"
"SUMA","EMPTY",402,0,0,1,0,0,0,0,0,0,0,0,0,16,942,"202410011509"
"2023/24 - wiosna","EMPTY",612,2,0,0,0,0,0,0,0,0,0,2,0,23,942,"202410011509"
"2023/24 - jesień","EMPTY",478,0,0,0,0,0,0,0,1,0,0,1,0,21,942,"202410011509"
"2022/23 - wiosna","EMPTY",309,1,1,0,0,0,0,0,0,0,0,1,0,20,942,"202410011509"
"2022/23 - jesień","EMPTY",868,5,2,0,0,0,0,0,0,0,0,3,0,65,942,"202410011509"
"2021/22 - wiosna","EMPTY",667,2,1,0,0,1,0,0,0,0,0,3,0,30,942,"202410011509"
"2021/22 - jesień","EMPTY",1379,5,4,0,0,1,2,0,1,0,0,4,0,69,942,"202410011509"
"2020/21 - wiosna","EMPTY",454,2,0,0,0,0,0,0,0,0,0,3,0,26,942,"202410011509"
"2020/21 - jesień","EMPTY",356,2,0,0,0,0,0,0,0,0,0,2,0,26,942,"202410011509"
"2019/20 - jesień","EMPTY",0,0,0,0,0,0,0,0,0,0,0,0,0,0,942,"202410011509"
"2018/19 - wiosna","EMPTY",318,0,2,0,0,0,0,0,0,0,0,2,0,27,942,"202410011509"
"2018/19 - jesień","EMPTY",1007,1,2,0,0,0,1,0,0,0,0,1,0,53,942,"202410011509"
"1","RAD",18,0,0,0,0,0,0,0,0,0,0,0,0,1,698,"202410011509"
"2","STM",18,0,0,0,0,0,0,0,0,0,0,0,0,2,698,"202410011509"
"3","RCZ",16,0,0,0,0,0,0,0,0,0,0,0,0,1,698,"202410011509"
"4","PIA",0,0,0,0,0,0,0,0,0,0,0,0,0,0,698,"202410011509"
"5","MOT",75,0,0,0,0,0,0,0,0,0,0,0,0,5,698,"202410011509"
"6","JAG",22,0,0,0,0,0,0,0,0,0,0,0,0,3,698,"202410011509"
"7","ZAG",0,0,0,0,0,0,0,0,0,0,0,0,0,0,698,"202410011509"
"8","WID",10,0,0,0,0,0,0,0,0,0,0,1,0,0,698,"202410011509"
"9","GÓR",21,0,0,0,0,0,0,0,0,0,0,0,0,1,698,"202410011509"
"10","POG",73,0,0,0,0,0,0,0,0,0,0,0,0,3,698,"202410011509"
"11","PUN",0,0,0,0,0,0,0,0,0,0,0,0,0,0,698,"202410011509"
"12","ŚLA",0,0,0,0,0,0,0,0,0,0,0,0,0,0,698,"202410011509"
"13","LEG",0,0,0,0,0,0,0,0,0,0,0,0,0,0,698,"202410011509"
"14","KOR",0,0,0,0,0,0,0,0,0,0,0,0,0,0,698,"202410011509"
"15","CRA",0,0,0,0,0,0,0,0,0,0,0,0,0,0,698,"202410011509"
"16","LPO",0,0,0,0,0,0,0,0,0,0,0,0,0,0,698,"202410011509"
"17","LGD",0,0,0,0,0,0,0,0,0,0,0,0,0,0,698,"202410011509"
"18","RAD",0,0,0,0,0,0,0,0,0,0,0,0,0,0,698,"202410011509"
"SUMA","EMPTY",253,0,0,0,0,0,0,0,0,0,0,1,0,16,698,"202410011509"
"2023/24 - wiosna","EMPTY",628,0,1,0,0,0,0,0,0,0,0,0,0,37,698,"202410011509"
"2023/24 - jesień","EMPTY",835,1,0,0,0,0,0,1,0,0,0,2,0,31,698,"202410011509"
"2022/23 - wiosna","EMPTY",763,0,1,0,0,0,0,0,0,0,0,2,0,41,698,"202410011509"
"2022/23 - jesień","EMPTY",666,0,1,0,0,0,0,0,0,0,0,2,0,28,698,"202410011509"
"2021/22 - wiosna","EMPTY",88,1,0,0,0,0,0,0,0,0,0,0,0,13,698,"202410011509"
"2021/22 - jesień","EMPTY",430,0,0,0,0,0,0,0,0,0,0,0,0,20,698,"202410011509"
"2020/21 - wiosna","EMPTY",903,0,1,0,0,0,0,0,0,0,0,2,0,37,698,"202410011509"
"2020/21 - jesień","EMPTY",1207,0,2,0,0,0,0,0,0,0,0,2,0,35,698,"202410011509"
"2019/20 - wiosna","EMPTY",1433,0,3,0,0,0,0,1,0,0,0,2,1,41,698,"202410011509"
"2019/20 - jesień","EMPTY",1787,1,5,0,0,0,0,0,0,0,0,1,0,86,698,"202410011509"
"2018/19 - wiosna","EMPTY",301,0,1,0,0,0,0,0,0,0,0,1,0,22,698,"202410011509"
"2018/19 - jesień","EMPTY",630,0,0,0,0,0,1,0,0,0,0,1,0,23,698,"202410011509"
"2017/18 - wiosna","EMPTY",1293,0,0,0,0,0,0,0,0,0,0,2,0,51,698,"202410011509"
"2017/18 - jesień","EMPTY",1401,1,5,0,0,0,0,0,0,0,0,1,0,85,698,"202410011509"
"2016/17 - wiosna","EMPTY",0,0,0,0,0,0,0,0,0,0,0,0,0,0,698,"202410011509"
"1","ŚLA",90,0,0,0,0,0,0,0,0,0,0,0,0,2,1477,"202410011509"
"2","MOT",76,0,0,0,0,0,0,0,0,0,0,1,0,1,1477,"202410011509"
"3","LPO",14,0,0,0,0,0,0,0,0,0,0,0,0,1,1477,"202410011509"
"4","ZAG",17,0,0,0,0,0,0,0,0,0,0,0,0,1,1477,"202410011509"
"5","PUN",10,0,0,1,0,0,0,0,0,0,0,0,0,3,1477,"202410011509"
"6","RCZ",9,0,0,0,0,0,0,0,0,0,0,0,0,1,1477,"202410011509"
"7","GÓR",28,0,0,0,0,0,0,0,0,0,0,0,0,2,1477,"202410011509"
"8","RAD",22,0,0,0,0,0,0,0,0,0,0,0,0,2,1477,"202410011509"
"9","JAG",13,0,0,0,0,0,0,0,0,0,0,0,0,1,1477,"202410011509"
"10","WID",90,0,0,0,0,0,0,0,0,0,0,0,0,2,1477,"202410011509"
"11","STM",0,0,0,0,0,0,0,0,0,0,0,0,0,0,1477,"202410011509"
"12","LEG",0,0,0,0,0,0,0,0,0,0,0,0,0,0,1477,"202410011509"
"13","PIA",0,0,0,0,0,0,0,0,0,0,0,0,0,0,1477,"202410011509"
"14","CRA",0,0,0,0,0,0,0,0,0,0,0,0,0,0,1477,"202410011509"
"15","KOR",0,0,0,0,0,0,0,0,0,0,0,0,0,0,1477,"202410011509"
"16","POG",0,0,0,0,0,0,0,0,0,0,0,0,0,0,1477,"202410011509"
"17","GKS",0,0,0,0,0,0,0,0,0,0,0,0,0,0,1477,"202410011509"
"18","ŚLA",0,0,0,0,0,0,0,0,0,0,0,0,0,0,1477,"202410011509"
"SUMA","EMPTY",369,0,0,1,0,0,0,0,0,0,0,1,0,16,1477,"202410011509"
"2022/23 - wiosna","EMPTY",405,0,1,0,0,0,0,1,0,0,0,1,0,19,1477,"202410011509"
"2022/23 - jesień","EMPTY",437,0,0,0,0,0,0,0,0,0,0,1,0,18,1477,"202410011509"
"2021/22 - wiosna","EMPTY",387,0,2,0,0,0,1,0,0,0,0,1,0,30,1477,"202410011509"
"2021/22 - jesień","EMPTY",586,1,1,0,0,0,0,0,0,0,0,4,0,28,1477,"202410011509"
"2020/21 - wiosna","EMPTY",0,0,0,0,0,0,0,0,0,0,0,0,0,0,1477,"202410011509"
"2020/21 - jesień","EMPTY",0,0,0,0,0,0,0,0,0,0,0,0,0,0,1477,"202410011509"
"1","CRA",89,1,0,0,0,0,0,0,0,0,0,0,0,8,1010,"202410011509"
"2","ŚLA",40,0,0,0,0,0,0,0,0,0,0,0,0,3,1010,"202410011509"
"3","LEG",0,0,0,0,0,0,0,0,0,0,0,0,0,0,1010,"202410011509"
"4","GKS",0,0,0,0,0,0,0,0,0,0,0,0,0,0,1010,"202410011509"
"5","STM",0,0,0,0,0,0,0,0,0,0,0,0,0,0,1010,"202410011509"
"6","ZAG",0,0,0,0,0,0,0,0,0,0,0,0,0,0,1010,"202410011509"
"7","RCZ",0,0,0,0,0,0,0,0,0,0,0,0,0,0,1010,"202410011509"
"8","PUN",77,0,0,0,0,0,0,0,0,0,0,0,0,2,1010,"202410011509"
"9","WID",90,0,0,0,0,0,0,0,0,0,0,0,0,2,1010,"202410011509"
"10","JAG",90,0,0,0,0,0,0,0,0,0,0,1,0,1,1010,"202410011509"
"11","POG",0,0,0,0,0,0,0,0,0,0,0,0,0,0,1010,"202410011509"
"12","KOR",0,0,0,0,0,0,0,0,0,0,0,0,0,0,1010,"202410011509"
"13","LGD",0,0,0,0,0,0,0,0,0,0,0,0,0,0,1010,"202410011509"
"14","RAD",0,0,0,0,0,0,0,0,0,0,0,0,0,0,1010,"202410011509"
"15","MOT",0,0,0,0,0,0,0,0,0,0,0,0,0,0,1010,"202410011509"
"16","GÓR",0,0,0,0,0,0,0,0,0,0,0,0,0,0,1010,"202410011509"
"17","LPO",0,0,0,0,0,0,0,0,0,0,0,0,0,0,1010,"202410011509"
"18","CRA",0,0,0,0,0,0,0,0,0,0,0,0,0,0,1010,"202410011509"
"SUMA","EMPTY",386,1,0,0,0,0,0,0,0,0,0,1,0,16,1010,"202410011509"
"2023/24 - wiosna","EMPTY",1058,6,4,0,0,0,1,1,0,0,0,1,0,77,1010,"202410011509"
"2023/24 - jesień","EMPTY",1182,1,3,0,0,0,2,0,0,0,0,1,0,56,1010,"202410011509"
"2022/23 - wiosna","EMPTY",1032,2,0,0,0,0,0,0,0,0,0,1,0,53,1010,"202410011509"
"2022/23 - jesień","EMPTY",718,1,0,0,0,0,0,0,0,0,0,0,0,29,1010,"202410011509"
"2021/22 - wiosna","EMPTY",0,0,0,0,0,0,0,0,0,0,0,0,0,0,1010,"202410011509"
"2021/22 - jesień","EMPTY",0,0,0,0,0,0,0,0,0,0,0,0,0,0,1010,"202410011509"
"2020/21 - wiosna","EMPTY",0,0,0,0,0,0,0,0,0,0,0,0,0,0,1010,"202410011509"
"2020/21 - jesień","EMPTY",0,0,0,0,0,0,0,0,0,0,0,0,0,0,1010,"202410011509"
"2019/20 - wiosna","EMPTY",1189,6,3,0,0,2,0,0,0,0,0,1,0,79,1010,"202410011509"
"2019/20 - jesień","EMPTY",1783,10,0,0,0,2,0,0,0,0,0,2,0,121,1010,"202410011509"
"2018/19 - wiosna","EMPTY",1122,5,1,0,0,0,0,0,0,0,0,1,1,71,1010,"202410011509"
"2018/19 - jesień","EMPTY",1439,1,1,0,0,0,0,0,0,0,0,0,0,67,1010,"202410011509"
"1","GÓR",63,0,0,0,0,0,0,0,0,0,0,0,0,4,1791,"202410011509"
"2","WID",64,0,0,0,0,0,0,0,0,0,0,0,0,2,1791,"202410011509"
"3","LGD",73,0,1,0,0,0,0,0,0,0,0,0,0,6,1791,"202410011509"
"4","RCZ",57,0,0,0,0,0,0,0,0,0,0,0,0,2,1791,"202410011509"
"5","ZAG",45,0,0,0,0,0,0,0,0,0,0,1,0,2,1791,"202410011509"
"6","POG",0,0,0,0,0,0,0,0,0,0,0,0,0,0,1791,"202410011509"
"7","STM",0,0,0,0,0,0,0,0,0,0,0,0,0,0,1791,"202410011509"
"8","JAG",0,0,0,0,0,0,0,0,0,0,0,0,0,0,1791,"202410011509"
"9","ŚLA",0,0,0,0,0,0,0,0,0,0,0,0,0,0,1791,"202410011509"
"10","KOR",0,0,0,0,0,0,0,0,0,0,0,0,0,0,1791,"202410011509"
"11","MOT",0,0,0,0,0,0,0,0,0,0,0,0,0,0,1791,"202410011509"
"12","CRA",0,0,0,0,0,0,0,0,0,0,0,0,0,0,1791,"202410011509"
"13","RAD",0,0,0,0,0,0,0,0,0,0,0,0,0,0,1791,"202410011509"
"14","PUN",0,0,0,0,0,0,0,0,0,0,0,0,0,0,1791,"202410011509"
"15","LEG",0,0,0,0,0,0,0,0,0,0,0,0,0,0,1791,"202410011509"
"16","GKS",0,0,0,0,0,0,0,0,0,0,0,0,0,0,1791,"202410011509"
"17","PIA",0,0,0,0,0,0,0,0,0,0,0,0,0,0,1791,"202410011509"
"18","GÓR",0,0,0,0,0,0,0,0,0,0,0,0,0,0,1791,"202410011509"
"SUMA","EMPTY",302,0,1,0,0,0,0,0,0,0,0,1,0,16,1791,"202410011509"
"2023/24 - wiosna","EMPTY",446,0,1,0,0,0,0,0,0,0,0,0,0,25,1791,"202410011509"
"2023/24 - jesień","EMPTY",790,4,2,0,0,0,0,0,0,0,0,1,0,60,1791,"202410011509"
"2022/23 - wiosna","EMPTY",657,0,0,0,0,0,0,0,0,0,0,3,0,29,1791,"202410011509"
"2022/23 - jesień","EMPTY",123,0,0,0,0,0,0,0,0,0,0,0,0,10,1791,"202410011509"
"2021/22 - wiosna","EMPTY",450,0,2,0,0,0,0,0,0,0,0,2,0,32,1791,"202410011509"
"2021/22 - jesień","EMPTY",852,1,1,0,0,0,0,0,0,0,0,1,0,40,1791,"202410011509"
"1","RCZ",78,0,0,0,0,0,0,0,0,0,0,0,0,2,773,"202410011509"
"2","LGD",27,0,0,0,0,0,0,0,0,0,0,0,0,2,773,"202410011509"
"3","KOR",45,0,0,0,0,0,0,0,0,0,0,0,0,1,773,"202410011509"
"5","GKS",90,0,0,0,0,0,0,0,0,0,0,0,0,3,773,"202410011509"
"6","PUN",90,0,0,0,0,0,0,0,0,0,0,0,0,3,773,"202410011509"
"7","LEG",45,0,0,0,0,0,0,0,0,0,0,0,0,2,773,"202410011509"
"8","GÓR",17,0,0,0,0,0,0,0,0,0,0,0,0,2,773,"202410011509"
"9","JAG",0,0,0,0,0,0,0,0,0,0,0,0,0,0,773,"202410011509"
"9","STM",0,0,0,0,0,0,0,0,0,0,0,0,0,0,773,"202410011509"
"10","ŚLA",0,0,0,0,0,0,0,0,0,0,0,0,0,0,773,"202410011509"
"11","LPO",0,0,0,0,0,0,0,0,0,0,0,0,0,0,773,"202410011509"
"12","WID",0,0,0,0,0,0,0,0,0,0,0,0,0,0,773,"202410011509"
"13","CRA",0,0,0,0,0,0,0,0,0,0,0,0,0,0,773,"202410011509"
"14","POG",0,0,0,0,0,0,0,0,0,0,0,0,0,0,773,"202410011509"
"15","PIA",0,0,0,0,0,0,0,0,0,0,0,0,0,0,773,"202410011509"
"16","ZAG",0,0,0,0,0,0,0,0,0,0,0,0,0,0,773,"202410011509"
"17","RAD",0,0,0,0,0,0,0,0,0,0,0,0,0,0,773,"202410011509"
"18","RCZ",0,0,0,0,0,0,0,0,0,0,0,0,0,0,773,"202410011509"
"SUMA","EMPTY",392,0,0,0,0,0,0,0,0,0,0,0,0,15,773,"202410011509"
"2023/24 - wiosna","EMPTY",0,0,0,0,0,0,0,0,0,0,0,0,0,0,773,"202410011509"
"2023/24 - jesień","EMPTY",0,0,0,0,0,0,0,0,0,0,0,0,0,0,773,"202410011509"
"2022/23 - wiosna","EMPTY",0,0,0,0,0,0,0,0,0,0,0,0,0,0,773,"202410011509"
"2022/23 - jesień","EMPTY",0,0,0,0,0,0,0,0,0,0,0,0,0,0,773,"202410011509"
"2021/22 - wiosna","EMPTY",0,0,0,0,0,0,0,0,0,0,0,0,0,0,773,"202410011509"
"2021/22 - jesień","EMPTY",0,0,0,0,0,0,0,0,0,0,0,0,0,0,773,"202410011509"
"2020/21 - wiosna","EMPTY",699,1,0,0,0,0,0,0,0,0,0,1,0,25,773,"202410011509"
"2020/21 - jesień","EMPTY",232,1,0,0,0,0,0,0,0,0,0,0,0,16,773,"202410011509"
"2019/20 - wiosna","EMPTY",78,0,0,0,0,0,0,0,0,0,0,0,0,2,773,"202410011509"
"2019/20 - jesień","EMPTY",0,0,0,0,0,0,0,0,0,0,0,0,0,0,773,"202410011509"
"2018/19 - wiosna","EMPTY",0,0,0,0,0,0,0,0,0,0,0,0,0,0,773,"202410011509"
"2018/19 - jesień","EMPTY",0,0,0,0,0,0,0,0,0,0,0,0,0,0,773,"202410011509"
"2017/18 - wiosna","EMPTY",0,0,0,0,0,0,0,0,0,0,0,0,0,0,773,"202410011509"
"2017/18 - jesień","EMPTY",1,0,1,0,0,0,0,0,0,0,0,0,0,6,773,"202410011509"
"1","KOR",23,0,0,0,0,0,0,0,0,0,0,0,0,2,2312,"202410011509"
"2","ZAG",13,1,0,0,0,0,0,0,0,0,0,0,0,5,2312,"202410011509"
"3","GÓR",8,0,0,0,0,0,0,0,0,0,0,0,0,1,2312,"202410011509"
"4","STM",65,0,0,0,0,0,0,0,0,0,0,0,0,3,2312,"202410011509"
"5","WID",2,0,0,0,0,0,0,0,0,0,0,0,0,2,2312,"202410011509"
"6","LPO",7,0,0,0,0,0,0,0,0,0,0,1,0,0,2312,"202410011509"
"7","ŚLA",0,0,0,0,0,0,0,0,0,0,0,0,0,0,2312,"202410011509"
"8","CRA",1,0,0,0,0,0,0,0,0,0,0,0,0,1,2312,"202410011509"
"9","LEG",0,0,0,0,0,0,0,0,0,0,0,0,0,0,2312,"202410011509"
"10","GKS",11,0,0,0,0,0,0,0,0,0,0,0,0,1,2312,"202410011509"
"11","PIA",0,0,0,0,0,0,0,0,0,0,0,0,0,0,2312,"202410011509"
"12","RCZ",0,0,0,0,0,0,0,0,0,0,0,0,0,0,2312,"202410011509"
"13","PUN",0,0,0,0,0,0,0,0,0,0,0,0,0,0,2312,"202410011509"
"14","MOT",0,0,0,0,0,0,0,0,0,0,0,0,0,0,2312,"202410011509"
"15","RAD",0,0,0,0,0,0,0,0,0,0,0,0,0,0,2312,"202410011509"
"16","LGD",0,0,0,0,0,0,0,0,0,0,0,0,0,0,2312,"202410011509"
"17","JAG",0,0,0,0,0,0,0,0,0,0,0,0,0,0,2312,"202410011509"
"18","KOR",0,0,0,0,0,0,0,0,0,0,0,0,0,0,2312,"202410011509"
"SUMA","EMPTY",130,1,0,0,0,0,0,0,0,0,0,1,0,15,2312,"202410011509"
"2023/24 - wiosna","EMPTY",80,1,0,0,0,0,0,0,0,0,0,1,0,13,2312,"202410011509"
"2023/24 - jesień","EMPTY",0,0,0,0,0,0,0,0,0,0,0,0,0,0,2312,"202410011509"
"1","LPO",45,0,0,0,0,0,0,0,0,0,0,0,0,2,1918,"202410011509"
"2","PUN",0,0,0,0,0,0,0,0,0,0,0,0,0,0,1918,"202410011509"
"3","POG",0,0,0,0,0,0,0,0,0,0,0,0,0,0,1918,"202410011509"
"4","RAD",0,0,0,0,0,0,0,0,0,0,0,0,0,0,1918,"202410011509"
"5","RCZ",9,0,0,0,0,0,0,0,0,0,0,0,0,1,1918,"202410011509"
"6","CRA",15,0,0,0,0,0,0,0,0,0,0,0,0,1,1918,"202410011509"
"7","LGD",45,1,0,0,0,0,0,0,0,0,0,0,0,8,1918,"202410011509"
"8","MOT",0,0,0,0,0,0,0,0,0,0,0,0,0,0,1918,"202410011509"
"9","GKS",8,0,0,0,0,0,0,0,0,0,0,0,0,2,1918,"202410011509"
"10","LEG",85,0,0,0,0,0,0,0,0,0,0,0,0,1,1918,"202410011509"
"11","ZAG",0,0,0,0,0,0,0,0,0,0,0,0,0,0,1918,"202410011509"
"12","STM",0,0,0,0,0,0,0,0,0,0,0,0,0,0,1918,"202410011509"
"13","WID",0,0,0,0,0,0,0,0,0,0,0,0,0,0,1918,"202410011509"
"14","JAG",0,0,0,0,0,0,0,0,0,0,0,0,0,0,1918,"202410011509"
"15","ŚLA",0,0,0,0,0,0,0,0,0,0,0,0,0,0,1918,"202410011509"
"16","PIA",0,0,0,0,0,0,0,0,0,0,0,0,0,0,1918,"202410011509"
"17","KOR",0,0,0,0,0,0,0,0,0,0,0,0,0,0,1918,"202410011509"
"18","LPO",0,0,0,0,0,0,0,0,0,0,0,0,0,0,1918,"202410011509"
"SUMA","EMPTY",207,1,0,0,0,0,0,0,0,0,0,0,0,15,1918,"202410011509"
"2023/24 - wiosna","EMPTY",151,0,0,0,0,0,0,0,0,0,0,0,0,15,1918,"202410011509"
"2023/24 - jesień","EMPTY",469,1,0,0,0,0,0,0,0,0,0,1,0,28,1918,"202410011509"
"2022/23 - wiosna","EMPTY",778,0,0,0,0,0,0,0,0,0,0,1,0,39,1918,"202410011509"
"2022/23 - jesień","EMPTY",835,1,0,0,0,0,0,0,0,0,0,0,0,32,1918,"202410011509"
"1","WID",9,0,0,0,0,0,0,0,0,0,0,0,0,1,2438,"202410011509"
"2","GKS",15,0,0,0,0,0,0,0,0,0,0,0,0,1,2438,"202410011509"
"3","JAG",14,0,0,0,0,0,0,0,0,0,0,0,0,1,2438,"202410011509"
"4","POG",1,0,0,0,0,0,0,0,0,0,0,0,0,1,2438,"202410011509"
"5","PIA",18,1,0,0,0,0,0,0,0,0,0,0,0,6,2438,"202410011509"
"6","KOR",29,0,0,0,0,0,0,0,0,0,0,0,0,1,2438,"202410011509"
"7","LPO",79,0,0,0,0,0,0,0,0,0,0,0,0,2,2438,"202410011509"
"8","ŚLA",0,0,0,0,0,0,0,0,0,0,0,0,0,0,2438,"202410011509"
"9","MOT",4,0,0,0,0,0,0,0,0,0,0,1,0,1,2438,"202410011509"
"10","CRA",30,0,0,0,0,0,0,0,0,0,0,0,0,1,2438,"202410011509"
"11","LGD",0,0,0,0,0,0,0,0,0,0,0,0,0,0,2438,"202410011509"
"12","GÓR",0,0,0,0,0,0,0,0,0,0,0,0,0,0,2438,"202410011509"
"13","ZAG",0,0,0,0,0,0,0,0,0,0,0,0,0,0,2438,"202410011509"
"14","RCZ",0,0,0,0,0,0,0,0,0,0,0,0,0,0,2438,"202410011509"
"15","PUN",0,0,0,0,0,0,0,0,0,0,0,0,0,0,2438,"202410011509"
"16","RAD",0,0,0,0,0,0,0,0,0,0,0,0,0,0,2438,"202410011509"
"17","LEG",0,0,0,0,0,0,0,0,0,0,0,0,0,0,2438,"202410011509"
"18","WID",0,0,0,0,0,0,0,0,0,0,0,0,0,0,2438,"202410011509"
"SUMA","EMPTY",199,1,0,0,0,0,0,0,0,0,0,1,0,15,2438,"202410011509"
"1","ZAG",25,1,0,0,0,0,0,0,0,0,0,0,0,8,923,"202410011509"
"2","KOR",0,0,0,0,0,0,0,0,0,0,0,0,0,0,923,"202410011509"
"3","PIA",0,0,0,0,0,0,0,0,0,0,0,0,0,0,923,"202410011509"
"4","PUN",35,0,0,0,0,0,0,1,0,0,0,1,0,-2,923,"202410011509"
"5","RAD",90,0,0,0,0,0,0,0,0,0,0,0,0,3,923,"202410011509"
"6","ŚLA",90,0,0,0,0,0,0,0,0,0,0,1,0,1,923,"202410011509"
"7","MOT",90,0,0,0,0,0,0,0,0,0,0,1,0,1,923,"202410011509"
"8","RCZ",90,0,0,0,0,0,0,0,0,0,0,0,0,2,923,"202410011509"
"9","POG",90,0,0,0,0,0,0,0,0,0,0,0,0,2,923,"202410011509"
"10","GÓR",0,0,0,0,0,0,0,0,0,0,0,0,0,0,923,"202410011509"
"11","JAG",0,0,0,0,0,0,0,0,0,0,0,0,0,0,923,"202410011509"
"12","LGD",0,0,0,0,0,0,0,0,0,0,0,0,0,0,923,"202410011509"
"13","GKS",0,0,0,0,0,0,0,0,0,0,0,0,0,0,923,"202410011509"
"14","WID",0,0,0,0,0,0,0,0,0,0,0,0,0,0,923,"202410011509"
"15","LPO",0,0,0,0,0,0,0,0,0,0,0,0,0,0,923,"202410011509"
"16","CRA",0,0,0,0,0,0,0,0,0,0,0,0,0,0,923,"202410011509"
"17","STM",0,0,0,0,0,0,0,0,0,0,0,0,0,0,923,"202410011509"
"18","ZAG",0,0,0,0,0,0,0,0,0,0,0,0,0,0,923,"202410011509"
"SUMA","EMPTY",510,1,0,0,0,0,0,1,0,0,0,3,0,15,923,"202410011509"
"2023/24 - wiosna","EMPTY",944,0,1,0,0,0,0,0,0,0,0,2,0,28,923,"202410011509"
"2023/24 - jesień","EMPTY",938,1,0,0,1,0,0,0,0,0,0,1,0,42,923,"202410011509"
"2022/23 - wiosna","EMPTY",1016,3,0,0,0,0,0,0,0,0,0,2,0,58,923,"202410011509"
"2022/23 - jesień","EMPTY",724,1,0,0,0,0,0,0,0,0,0,2,0,40,923,"202410011509"
"2019/20 - jesień","EMPTY",0,0,0,0,0,0,0,0,0,0,0,0,0,0,923,"202410011509"
"2018/19 - wiosna","EMPTY",1175,0,2,0,0,0,0,1,0,0,0,3,0,38,923,"202410011509"
"2018/19 - jesień","EMPTY",553,2,0,0,0,0,0,1,0,0,0,2,0,32,923,"202410011509"
"3","LGD",30,0,0,0,0,0,0,0,0,0,0,1,0,1,2480,"202410011509"
"4","RCZ",33,0,0,0,0,0,0,0,0,0,0,0,0,1,2480,"202410011509"
"5","ZAG",45,0,0,0,0,0,0,0,0,0,0,0,0,2,2480,"202410011509"
"6","POG",69,0,1,0,0,0,0,0,0,0,0,0,0,7,2480,"202410011509"
"7","STM",60,0,0,0,0,0,0,0,0,0,0,0,0,4,2480,"202410011509"
"8","JAG",0,0,0,0,0,0,0,0,0,0,0,0,0,0,2480,"202410011509"
"9","ŚLA",0,0,0,0,0,0,0,0,0,0,0,0,0,0,2480,"202410011509"
"10","KOR",0,0,0,0,0,0,0,0,0,0,0,0,0,0,2480,"202410011509"
"11","MOT",0,0,0,0,0,0,0,0,0,0,0,0,0,0,2480,"202410011509"
"12","CRA",0,0,0,0,0,0,0,0,0,0,0,0,0,0,2480,"202410011509"
"13","RAD",0,0,0,0,0,0,0,0,0,0,0,0,0,0,2480,"202410011509"
"14","PUN",0,0,0,0,0,0,0,0,0,0,0,0,0,0,2480,"202410011509"
"15","LEG",0,0,0,0,0,0,0,0,0,0,0,0,0,0,2480,"202410011509"
"16","GKS",0,0,0,0,0,0,0,0,0,0,0,0,0,0,2480,"202410011509"
"17","PIA",0,0,0,0,0,0,0,0,0,0,0,0,0,0,2480,"202410011509"
"18","GÓR",0,0,0,0,0,0,0,0,0,0,0,0,0,0,2480,"202410011509"
"SUMA","EMPTY",237,0,1,0,0,0,0,0,0,0,0,1,0,15,2480,"202410011509"
"1","LGD",90,0,0,0,0,0,0,0,0,0,0,0,0,2,2273,"202410011509"
"2","PIA",90,0,0,0,0,0,0,0,0,0,0,0,0,2,2273,"202410011509"
"4","WID",90,0,0,0,0,0,0,0,0,0,0,0,0,3,2273,"202410011509"
"5","KOR",90,0,0,0,0,0,0,0,0,0,0,0,0,2,2273,"202410011509"
"6","LEG",90,0,0,0,0,0,0,0,0,0,0,1,0,1,2273,"202410011509"
"7","POG",90,0,0,0,0,0,0,0,0,0,0,0,0,2,2273,"202410011509"
"8","STM",0,0,0,0,0,0,0,0,0,0,0,0,0,0,2273,"202410011509"
"9","LPO",90,0,0,0,0,0,0,0,0,0,0,1,0,1,2273,"202410011509"
"10","MOT",90,0,0,0,0,0,0,0,0,0,0,0,0,2,2273,"202410011509"
"11","CRA",0,0,0,0,0,0,0,0,0,0,0,0,0,0,2273,"202410011509"
"12","GKS",0,0,0,0,0,0,0,0,0,0,0,0,0,0,2273,"202410011509"
"13","RCZ",0,0,0,0,0,0,0,0,0,0,0,0,0,0,2273,"202410011509"
"14","ZAG",0,0,0,0,0,0,0,0,0,0,0,0,0,0,2273,"202410011509"
"15","GÓR",0,0,0,0,0,0,0,0,0,0,0,0,0,0,2273,"202410011509"
"16","JAG",0,0,0,0,0,0,0,0,0,0,0,0,0,0,2273,"202410011509"
"17","PUN",0,0,0,0,0,0,0,0,0,0,0,0,0,0,2273,"202410011509"
"18","RAD",0,0,0,0,0,0,0,0,0,0,0,0,0,0,2273,"202410011509"
"18","LGD",0,0,0,0,0,0,0,0,0,0,0,0,0,0,2273,"202410011509"
"SUMA","EMPTY",720,0,0,0,0,0,0,0,0,0,0,2,0,15,2273,"202410011509"
"2023/24 - wiosna","EMPTY",1259,0,0,0,0,0,0,0,0,0,0,4,0,34,2273,"202410011509"
"2023/24 - jesień","EMPTY",1098,0,1,0,0,0,0,2,0,0,0,6,1,34,2273,"202410011509"
"1","POG",54,0,0,0,0,0,0,1,0,0,0,0,0,0,791,"202410011509"
"2","LEG",26,0,0,0,0,0,0,0,0,0,0,0,0,1,791,"202410011509"
"3","MOT",6,0,0,0,0,0,0,0,0,0,0,0,0,1,791,"202410011509"
"4","CRA",20,0,0,0,0,0,0,0,0,0,0,0,0,1,791,"202410011509"
"5","ŚLA",21,0,0,0,0,0,0,0,0,0,0,0,0,1,791,"202410011509"
"6","STM",1,1,0,0,0,0,0,0,0,0,0,0,0,7,791,"202410011509"
"7","PUN",0,0,0,0,0,0,0,0,0,0,0,0,0,0,791,"202410011509"
"8","ZAG",16,0,0,0,0,0,0,0,0,0,0,0,0,2,791,"202410011509"
"9","RAD",0,0,0,0,0,0,0,0,0,0,0,0,0,0,791,"202410011509"
"10","LPO",14,0,0,0,0,0,0,0,0,0,0,0,0,1,791,"202410011509"
"11","WID",0,0,0,0,0,0,0,0,0,0,0,0,0,0,791,"202410011509"
"12","PIA",0,0,0,0,0,0,0,0,0,0,0,0,0,0,791,"202410011509"
"13","JAG",0,0,0,0,0,0,0,0,0,0,0,0,0,0,791,"202410011509"
"14","GKS",0,0,0,0,0,0,0,0,0,0,0,0,0,0,791,"202410011509"
"15","LGD",0,0,0,0,0,0,0,0,0,0,0,0,0,0,791,"202410011509"
"16","RCZ",0,0,0,0,0,0,0,0,0,0,0,0,0,0,791,"202410011509"
"17","GÓR",0,0,0,0,0,0,0,0,0,0,0,0,0,0,791,"202410011509"
"18","POG",0,0,0,0,0,0,0,0,0,0,0,0,0,0,791,"202410011509"
"SUMA","EMPTY",158,1,0,0,0,0,0,1,0,0,0,0,0,14,791,"202410011509"
"2023/24 - wiosna","EMPTY",880,1,3,0,0,0,0,0,0,0,0,2,0,46,791,"202410011509"
"2023/24 - jesień","EMPTY",522,0,1,0,0,0,0,0,0,0,0,2,0,24,791,"202410011509"
"2022/23 - wiosna","EMPTY",595,1,2,0,0,0,1,0,0,0,0,1,0,43,791,"202410011509"
"2022/23 - jesień","EMPTY",598,2,2,0,0,0,1,0,0,0,0,1,0,35,791,"202410011509"
"2021/22 - wiosna","EMPTY",0,0,0,0,0,0,0,0,0,0,0,0,0,0,791,"202410011509"
"2021/22 - jesień","EMPTY",0,0,0,0,0,0,0,0,0,0,0,0,0,0,791,"202410011509"
"2020/21 - wiosna","EMPTY",0,0,0,0,0,0,0,0,0,0,0,0,0,0,791,"202410011509"
"2020/21 - jesień","EMPTY",0,0,0,0,0,0,0,0,0,0,0,0,0,0,791,"202410011509"
"2019/20 - jesień","EMPTY",0,0,0,0,0,0,0,0,0,0,0,0,0,0,791,"202410011509"
"2018/19 - wiosna","EMPTY",0,0,0,0,0,0,0,0,0,0,0,0,0,0,791,"202410011509"
"2018/19 - jesień","EMPTY",158,0,0,0,0,0,0,0,0,0,0,0,0,18,791,"202410011509"
"2017/18 - wiosna","EMPTY",71,0,0,0,0,0,0,0,0,0,0,1,0,13,791,"202410011509"
"2017/18 - jesień","EMPTY",0,0,0,0,0,0,0,0,0,0,0,0,0,0,791,"202410011509"
"1","PIA",0,0,0,0,0,0,0,0,0,0,0,0,0,0,2088,"202410011509"
"2","RCZ",22,0,0,0,0,0,0,0,0,0,0,0,0,2,2088,"202410011509"
"3","WID",0,0,0,0,0,0,0,0,0,0,0,0,0,0,2088,"202410011509"
"4","KOR",9,0,0,0,0,0,0,0,0,0,0,0,0,2,2088,"202410011509"
"5","JAG",30,0,1,0,0,0,0,0,0,0,0,1,0,4,2088,"202410011509"
"6","GÓR",65,0,0,0,0,0,0,0,0,0,0,0,0,3,2088,"202410011509"
"7","RAD",0,0,0,0,0,0,0,0,0,0,0,0,0,0,2088,"202410011509"
"8","POG",1,0,0,0,0,0,0,0,0,0,0,0,0,2,2088,"202410011509"
"9","PUN",0,0,0,0,0,0,0,0,0,0,0,0,0,0,2088,"202410011509"
"10","STM",30,0,0,0,0,0,0,0,0,0,0,0,0,1,2088,"202410011509"
"11","ŚLA",0,0,0,0,0,0,0,0,0,0,0,0,0,0,2088,"202410011509"
"12","LPO",0,0,0,0,0,0,0,0,0,0,0,0,0,0,2088,"202410011509"
"13","MOT",0,0,0,0,0,0,0,0,0,0,0,0,0,0,2088,"202410011509"
"14","LGD",0,0,0,0,0,0,0,0,0,0,0,0,0,0,2088,"202410011509"
"15","GKS",0,0,0,0,0,0,0,0,0,0,0,0,0,0,2088,"202410011509"
"16","LEG",0,0,0,0,0,0,0,0,0,0,0,0,0,0,2088,"202410011509"
"17","ZAG",0,0,0,0,0,0,0,0,0,0,0,0,0,0,2088,"202410011509"
"18","PIA",0,0,0,0,0,0,0,0,0,0,0,0,0,0,2088,"202410011509"
"SUMA","EMPTY",157,0,1,0,0,0,0,0,0,0,0,1,0,14,2088,"202410011509"
"2023/24 - wiosna","EMPTY",812,4,0,0,0,1,0,0,0,0,0,5,0,44,2088,"202410011509"
"2023/24 - jesień","EMPTY",1205,1,2,0,0,0,0,0,0,0,0,2,0,52,2088,"202410011509"
"2022/23 - wiosna","EMPTY",918,1,3,0,0,0,0,0,0,0,0,2,1,41,2088,"202410011509"
"1","CRA",1,0,0,0,0,0,0,0,0,0,0,0,0,1,1833,"202410011509"
"2","ŚLA",0,0,0,0,0,0,0,0,0,0,0,0,0,0,1833,"202410011509"
"3","LEG",11,1,0,0,0,0,0,0,0,0,0,1,0,6,1833,"202410011509"
"4","GKS",17,0,0,0,0,0,0,0,0,0,0,0,0,1,1833,"202410011509"
"5","STM",45,0,0,0,0,0,0,0,0,0,0,0,0,2,1833,"202410011509"
"6","ZAG",21,0,0,0,0,0,0,0,0,0,0,1,0,1,1833,"202410011509"
"7","RCZ",13,0,0,0,0,0,0,0,0,0,0,0,0,2,1833,"202410011509"
"8","PUN",13,0,0,0,0,0,0,0,0,0,0,0,0,1,1833,"202410011509"
"9","WID",16,0,0,0,0,0,0,0,0,0,0,1,0,0,1833,"202410011509"
"10","JAG",0,0,0,0,0,0,0,0,0,0,0,0,0,0,1833,"202410011509"
"11","POG",0,0,0,0,0,0,0,0,0,0,0,0,0,0,1833,"202410011509"
"12","KOR",0,0,0,0,0,0,0,0,0,0,0,0,0,0,1833,"202410011509"
"13","LGD",0,0,0,0,0,0,0,0,0,0,0,0,0,0,1833,"202410011509"
"14","RAD",0,0,0,0,0,0,0,0,0,0,0,0,0,0,1833,"202410011509"
"15","MOT",0,0,0,0,0,0,0,0,0,0,0,0,0,0,1833,"202410011509"
"16","GÓR",0,0,0,0,0,0,0,0,0,0,0,0,0,0,1833,"202410011509"
"17","LPO",0,0,0,0,0,0,0,0,0,0,0,0,0,0,1833,"202410011509"
"18","CRA",0,0,0,0,0,0,0,0,0,0,0,0,0,0,1833,"202410011509"
"SUMA","EMPTY",137,1,0,0,0,0,0,0,0,0,0,3,0,14,1833,"202410011509"
"2023/24 - wiosna","EMPTY",665,0,3,0,0,0,0,1,0,0,0,2,0,31,1833,"202410011509"
"2023/24 - jesień","EMPTY",15,0,0,0,0,0,0,0,0,0,0,0,0,3,1833,"202410011509"
"2022/23 - wiosna","EMPTY",0,0,0,0,0,0,0,0,0,0,0,0,0,0,1833,"202410011509"
"2022/23 - jesień","EMPTY",0,0,0,0,0,0,0,0,0,0,0,0,0,0,1833,"202410011509"
"2021/22 - wiosna","EMPTY",268,0,1,0,0,0,0,0,0,0,0,1,0,16,1833,"202410011509"
"1","CRA",14,0,0,0,0,0,0,0,0,0,0,0,0,1,816,"202410011509"
"2","ŚLA",10,0,0,0,0,0,0,0,0,0,0,0,0,2,816,"202410011509"
"3","LEG",16,0,0,0,0,0,0,0,0,0,0,0,0,2,816,"202410011509"
"4","GKS",13,0,0,0,0,0,0,0,0,0,0,0,0,1,816,"202410011509"
"5","STM",17,0,0,0,0,0,0,0,0,0,0,0,0,1,816,"202410011509"
"6","ZAG",18,0,0,0,0,0,0,0,0,0,0,0,0,2,816,"202410011509"
"7","RCZ",1,0,0,0,0,0,0,0,0,0,0,0,0,2,816,"202410011509"
"8","PUN",13,0,0,0,0,0,0,0,0,0,0,0,0,1,816,"202410011509"
"9","WID",30,0,0,0,0,0,0,0,0,0,0,0,0,1,816,"202410011509"
"10","JAG",22,0,0,0,0,0,0,0,0,0,0,0,0,1,816,"202410011509"
"11","POG",0,0,0,0,0,0,0,0,0,0,0,0,0,0,816,"202410011509"
"12","KOR",0,0,0,0,0,0,0,0,0,0,0,0,0,0,816,"202410011509"
"13","LGD",0,0,0,0,0,0,0,0,0,0,0,0,0,0,816,"202410011509"
"14","RAD",0,0,0,0,0,0,0,0,0,0,0,0,0,0,816,"202410011509"
"15","MOT",0,0,0,0,0,0,0,0,0,0,0,0,0,0,816,"202410011509"
"16","GÓR",0,0,0,0,0,0,0,0,0,0,0,0,0,0,816,"202410011509"
"17","LPO",0,0,0,0,0,0,0,0,0,0,0,0,0,0,816,"202410011509"
"18","CRA",0,0,0,0,0,0,0,0,0,0,0,0,0,0,816,"202410011509"
"SUMA","EMPTY",154,0,0,0,0,0,0,0,0,0,0,0,0,14,816,"202410011509"
"2023/24 - wiosna","EMPTY",760,0,1,0,0,0,0,0,0,0,0,0,0,36,816,"202410011509"
"2023/24 - jesień","EMPTY",428,0,0,0,0,0,0,0,0,0,0,1,0,19,816,"202410011509"
"2022/23 - wiosna","EMPTY",763,4,3,0,0,0,0,0,0,0,0,1,0,64,816,"202410011509"
"2022/23 - jesień","EMPTY",550,0,1,0,0,0,0,0,0,0,0,1,0,27,816,"202410011509"
"2021/22 - wiosna","EMPTY",614,2,1,0,0,0,0,0,0,0,0,0,0,44,816,"202410011509"
"2021/22 - jesień","EMPTY",8,0,0,0,0,0,0,0,0,0,0,0,0,1,816,"202410011509"
"2020/21 - wiosna","EMPTY",0,0,0,0,0,0,0,0,0,0,0,0,0,0,816,"202410011509"
"2020/21 - jesień","EMPTY",0,0,0,0,0,0,0,0,0,0,0,0,0,0,816,"202410011509"
"2019/20 - wiosna","EMPTY",460,1,0,0,0,0,1,0,0,0,0,0,0,24,816,"202410011509"
"2019/20 - jesień","EMPTY",1390,0,3,0,0,0,1,0,0,0,0,1,0,66,816,"202410011509"
"2018/19 - wiosna","EMPTY",0,0,0,0,0,0,0,0,0,0,0,0,0,0,816,"202410011509"
"2017/18 - wiosna","EMPTY",0,0,0,0,0,0,0,0,0,0,0,0,0,0,816,"202410011509"
"2017/18 - jesień","EMPTY",0,0,0,0,0,0,0,0,0,0,0,0,0,0,816,"202410011509"
"1","JAG",90,0,0,0,0,0,0,0,0,0,0,0,0,2,851,"202410011509"
"2","GÓR",77,0,0,0,0,0,0,0,0,0,0,0,0,2,851,"202410011509"
"3","ZAG",77,0,0,0,0,0,0,0,0,0,0,1,0,1,851,"202410011509"
"4","LEG",45,0,0,0,0,0,0,0,0,0,0,0,0,1,851,"202410011509"
"5","LGD",23,0,0,0,0,0,0,0,0,0,0,0,0,2,851,"202410011509"
"6","MOT",45,0,0,0,0,0,0,0,0,0,0,0,0,1,851,"202410011509"
"7","KOR",60,0,0,0,0,0,0,0,0,0,0,0,0,3,851,"202410011509"
"8","PIA",9,0,0,0,0,0,0,0,0,0,0,0,0,1,851,"202410011509"
"9","CRA",45,0,0,0,0,0,0,0,0,0,0,1,0,1,851,"202410011509"
"10","RCZ",0,0,0,0,0,0,0,0,0,0,0,0,0,0,851,"202410011509"
"11","GKS",0,0,0,0,0,0,0,0,0,0,0,0,0,0,851,"202410011509"
"12","RAD",0,0,0,0,0,0,0,0,0,0,0,0,0,0,851,"202410011509"
"13","POG",0,0,0,0,0,0,0,0,0,0,0,0,0,0,851,"202410011509"
"14","LPO",0,0,0,0,0,0,0,0,0,0,0,0,0,0,851,"202410011509"
"15","STM",0,0,0,0,0,0,0,0,0,0,0,0,0,0,851,"202410011509"
"16","WID",0,0,0,0,0,0,0,0,0,0,0,0,0,0,851,"202410011509"
"17","ŚLA",0,0,0,0,0,0,0,0,0,0,0,0,0,0,851,"202410011509"
"18","JAG",0,0,0,0,0,0,0,0,0,0,0,0,0,0,851,"202410011509"
"SUMA","EMPTY",471,0,0,0,0,0,0,0,0,0,0,2,0,14,851,"202410011509"
"2023/24 - wiosna","EMPTY",102,1,0,0,0,0,0,0,0,0,0,0,0,9,851,"202410011509"
"2023/24 - jesień","EMPTY",994,2,3,0,0,0,0,0,0,0,0,2,0,52,851,"202410011509"
"2022/23 - wiosna","EMPTY",191,0,0,0,0,0,0,0,0,0,0,0,0,13,851,"202410011509"
"2022/23 - jesień","EMPTY",590,0,0,0,0,0,0,0,0,0,0,1,0,22,851,"202410011509"
"2021/22 - wiosna","EMPTY",817,0,2,0,0,0,0,0,0,0,0,1,0,31,851,"202410011509"
"2021/22 - jesień","EMPTY",360,1,0,0,0,0,0,0,0,0,0,1,0,24,851,"202410011509"
"2020/21 - wiosna","EMPTY",9,0,0,0,0,0,0,0,0,0,0,0,0,1,851,"202410011509"
"2020/21 - jesień","EMPTY",79,0,0,0,0,0,0,0,0,0,0,0,0,5,851,"202410011509"
"2019/20 - wiosna","EMPTY",720,2,1,0,0,0,0,0,0,0,0,1,0,39,851,"202410011509"
"2019/20 - jesień","EMPTY",598,2,1,0,0,0,0,0,0,0,0,1,0,58,851,"202410011509"
"2018/19 - wiosna","EMPTY",886,3,1,0,0,0,0,0,0,0,0,0,0,69,851,"202410011509"
"2018/19 - jesień","EMPTY",1237,1,1,0,0,0,0,2,0,0,0,3,0,48,851,"202410011509"
"2017/18 - wiosna","EMPTY",917,1,1,0,0,0,0,0,0,0,0,1,0,49,851,"202410011509"
"1","ŚLA",90,0,0,0,0,0,0,0,0,0,0,0,0,2,1922,"202410011509"
"2","MOT",90,0,0,0,0,0,0,0,0,0,0,0,0,1,1922,"202410011509"
"3","LPO",90,0,0,0,0,0,0,0,0,0,0,0,0,0,1922,"202410011509"
"4","ZAG",90,0,0,0,0,0,0,0,0,0,0,0,0,2,1922,"202410011509"
"5","PUN",80,0,0,0,0,0,0,0,0,0,0,0,0,0,1922,"202410011509"
"6","RCZ",9,0,0,0,0,0,0,0,0,0,0,0,0,0,1922,"202410011509"
"7","GÓR",90,0,0,0,0,0,0,0,0,0,0,0,0,2,1922,"202410011509"
"8","RAD",90,0,0,0,0,0,0,0,0,0,0,1,0,5,1922,"202410011509"
"9","JAG",90,0,0,0,0,0,0,0,0,0,0,0,0,0,1922,"202410011509"
"10","WID",90,0,0,0,0,0,0,0,0,0,0,0,0,2,1922,"202410011509"
"11","STM",0,0,0,0,0,0,0,0,0,0,0,0,0,0,1922,"202410011509"
"12","LEG",0,0,0,0,0,0,0,0,0,0,0,0,0,0,1922,"202410011509"
"13","PIA",0,0,0,0,0,0,0,0,0,0,0,0,0,0,1922,"202410011509"
"14","CRA",0,0,0,0,0,0,0,0,0,0,0,0,0,0,1922,"202410011509"
"15","KOR",0,0,0,0,0,0,0,0,0,0,0,0,0,0,1922,"202410011509"
"16","POG",0,0,0,0,0,0,0,0,0,0,0,0,0,0,1922,"202410011509"
"17","GKS",0,0,0,0,0,0,0,0,0,0,0,0,0,0,1922,"202410011509"
"18","ŚLA",0,0,0,0,0,0,0,0,0,0,0,0,0,0,1922,"202410011509"
"SUMA","EMPTY",809,0,0,0,0,0,0,0,0,0,0,1,0,14,1922,"202410011509"
"2022/23 - wiosna","EMPTY",554,0,0,0,0,0,0,0,0,0,0,0,0,23,1922,"202410011509"
"2022/23 - jesień","EMPTY",150,0,0,0,0,0,0,0,0,0,0,1,0,6,1922,"202410011509"
"1","GKS",90,0,0,0,0,0,0,0,0,0,0,0,0,3,1926,"202410011509"
"2","JAG",90,0,0,0,0,0,0,0,0,0,0,0,0,2,1926,"202410011509"
"4","GÓR",70,0,0,0,0,0,0,0,0,0,0,0,0,2,1926,"202410011509"
"5","LEG",90,0,0,0,0,0,0,0,0,0,0,1,0,1,1926,"202410011509"
"6","WID",45,0,1,0,0,0,0,0,0,0,0,0,0,5,1926,"202410011509"
"7","CRA",0,0,0,0,0,0,0,0,0,0,0,0,0,0,1926,"202410011509"
"8","LGD",0,0,0,0,0,0,0,0,0,0,0,0,0,0,1926,"202410011509"
"9","KOR",0,0,0,0,0,0,0,0,0,0,0,0,0,0,1926,"202410011509"
"10","ZAG",30,0,0,0,0,0,0,0,0,0,0,0,0,1,1926,"202410011509"
"11","RCZ",0,0,0,0,0,0,0,0,0,0,0,0,0,0,1926,"202410011509"
"12","PUN",0,0,0,0,0,0,0,0,0,0,0,0,0,0,1926,"202410011509"
"13","LPO",0,0,0,0,0,0,0,0,0,0,0,0,0,0,1926,"202410011509"
"14","PIA",0,0,0,0,0,0,0,0,0,0,0,0,0,0,1926,"202410011509"
"15","POG",0,0,0,0,0,0,0,0,0,0,0,0,0,0,1926,"202410011509"
"16","STM",0,0,0,0,0,0,0,0,0,0,0,0,0,0,1926,"202410011509"
"17","MOT",0,0,0,0,0,0,0,0,0,0,0,0,0,0,1926,"202410011509"
"18","ŚLA",0,0,0,0,0,0,0,0,0,0,0,0,0,0,1926,"202410011509"
"18","GKS",0,0,0,0,0,0,0,0,0,0,0,0,0,0,1926,"202410011509"
"SUMA","EMPTY",415,0,1,0,0,0,0,0,0,0,0,1,0,14,1926,"202410011509"
"2023/24 - wiosna","EMPTY",32,0,0,0,0,0,0,0,0,0,0,0,0,2,1926,"202410011509"
"2023/24 - jesień","EMPTY",387,0,0,0,0,0,0,0,0,0,0,0,0,13,1926,"202410011509"
"2022/23 - wiosna","EMPTY",1343,0,3,0,0,0,0,0,1,0,0,3,0,45,1926,"202410011509"
"2022/23 - jesień","EMPTY",1308,3,1,0,0,0,0,0,0,0,0,2,0,58,1926,"202410011509"
"1","WID",90,0,0,0,0,0,0,0,0,0,0,0,0,2,2439,"202410011509"
"2","GKS",90,0,0,0,0,0,0,0,0,0,0,0,0,2,2439,"202410011509"
"3","JAG",76,0,0,0,0,0,0,1,0,0,0,0,0,-1,2439,"202410011509"
"4","POG",0,0,0,0,0,0,0,0,0,0,0,0,0,0,2439,"202410011509"
"5","PIA",90,0,0,0,0,0,0,0,0,0,0,0,0,6,2439,"202410011509"
"6","KOR",90,0,0,0,0,0,0,0,0,0,0,0,0,1,2439,"202410011509"
"7","LPO",90,0,0,0,0,0,0,0,0,0,0,0,0,1,2439,"202410011509"
"8","ŚLA",0,0,0,0,0,0,0,0,0,0,0,0,0,0,2439,"202410011509"
"9","MOT",90,0,0,0,0,0,0,0,0,0,0,0,0,6,2439,"202410011509"
"10","CRA",85,0,0,0,0,0,0,1,0,0,0,1,1,-3,2439,"202410011509"
"11","LGD",0,0,0,0,0,0,0,0,0,0,0,0,0,0,2439,"202410011509"
"12","GÓR",0,0,0,0,0,0,0,0,0,0,0,0,0,0,2439,"202410011509"
"13","ZAG",0,0,0,0,0,0,0,0,0,0,0,0,0,0,2439,"202410011509"
"14","RCZ",0,0,0,0,0,0,0,0,0,0,0,0,0,0,2439,"202410011509"
"15","PUN",0,0,0,0,0,0,0,0,0,0,0,0,0,0,2439,"202410011509"
"16","RAD",0,0,0,0,0,0,0,0,0,0,0,0,0,0,2439,"202410011509"
"17","LEG",0,0,0,0,0,0,0,0,0,0,0,0,0,0,2439,"202410011509"
"18","WID",0,0,0,0,0,0,0,0,0,0,0,0,0,0,2439,"202410011509"
"SUMA","EMPTY",701,0,0,0,0,0,0,2,0,0,0,1,1,14,2439,"202410011509"
"1","GKS",0,0,0,0,0,0,0,0,0,0,0,0,0,0,1681,"202410011509"
"2","JAG",0,0,0,0,0,0,0,0,0,0,0,0,0,0,1681,"202410011509"
"4","GÓR",0,0,0,0,0,0,0,0,0,0,0,0,0,0,1681,"202410011509"
"5","LEG",0,0,0,0,0,0,0,0,0,0,0,0,0,0,1681,"202410011509"
"6","WID",45,0,0,0,0,0,0,0,0,0,0,1,0,0,1681,"202410011509"
"7","CRA",90,0,0,0,0,0,0,0,0,0,0,0,0,3,1681,"202410011509"
"8","LGD",89,0,0,0,0,0,0,0,0,0,0,0,0,2,1681,"202410011509"
"9","KOR",90,0,1,0,0,0,0,0,0,0,0,0,0,7,1681,"202410011509"
"10","ZAG",60,0,0,0,0,0,0,0,0,0,0,0,0,2,1681,"202410011509"
"11","RCZ",0,0,0,0,0,0,0,0,0,0,0,0,0,0,1681,"202410011509"
"12","PUN",0,0,0,0,0,0,0,0,0,0,0,0,0,0,1681,"202410011509"
"13","LPO",0,0,0,0,0,0,0,0,0,0,0,0,0,0,1681,"202410011509"
"14","PIA",0,0,0,0,0,0,0,0,0,0,0,0,0,0,1681,"202410011509"
"15","POG",0,0,0,0,0,0,0,0,0,0,0,0,0,0,1681,"202410011509"
"16","STM",0,0,0,0,0,0,0,0,0,0,0,0,0,0,1681,"202410011509"
"17","MOT",0,0,0,0,0,0,0,0,0,0,0,0,0,0,1681,"202410011509"
"18","ŚLA",0,0,0,0,0,0,0,0,0,0,0,0,0,0,1681,"202410011509"
"18","GKS",0,0,0,0,0,0,0,0,0,0,0,0,0,0,1681,"202410011509"
"SUMA","EMPTY",374,0,1,0,0,0,0,0,0,0,0,1,0,14,1681,"202410011509"
"2023/24 - wiosna","EMPTY",576,0,0,0,0,0,0,0,0,0,0,1,1,15,1681,"202410011509"
"2023/24 - jesień","EMPTY",875,0,0,0,0,0,0,0,0,0,0,5,0,27,1681,"202410011509"
"2022/23 - wiosna","EMPTY",47,0,0,0,0,0,0,0,0,0,0,0,0,7,1681,"202410011509"
"2022/23 - jesień","EMPTY",285,0,1,0,0,0,0,0,0,0,0,1,0,20,1681,"202410011509"
"2021/22 - wiosna","EMPTY",347,0,0,0,0,0,0,0,0,0,0,1,0,20,1681,"202410011509"
"2021/22 - jesień","EMPTY",1600,0,1,0,0,0,0,0,0,0,0,7,0,45,1681,"202410011509"
"1","WID",81,0,0,0,0,0,0,0,0,0,0,0,0,2,1438,"202410011509"
"2","GKS",58,0,0,0,0,0,0,1,0,0,0,0,0,0,1438,"202410011509"
"3","JAG",0,0,0,0,0,0,0,0,0,0,0,0,0,0,1438,"202410011509"
"4","POG",0,0,0,0,0,0,0,0,0,0,0,0,0,0,1438,"202410011509"
"5","PIA",28,0,0,0,0,0,0,0,0,0,0,0,0,2,1438,"202410011509"
"6","KOR",33,0,0,0,0,0,0,0,0,0,0,0,0,1,1438,"202410011509"
"7","LPO",90,0,0,0,0,0,0,0,0,0,0,0,0,1,1438,"202410011509"
"8","ŚLA",0,0,0,0,0,0,0,0,0,0,0,0,0,0,1438,"202410011509"
"9","MOT",90,0,0,0,0,0,0,0,0,0,0,0,0,6,1438,"202410011509"
"10","CRA",90,0,0,0,0,0,0,0,0,0,0,0,0,2,1438,"202410011509"
"11","LGD",0,0,0,0,0,0,0,0,0,0,0,0,0,0,1438,"202410011509"
"12","GÓR",0,0,0,0,0,0,0,0,0,0,0,0,0,0,1438,"202410011509"
"13","ZAG",0,0,0,0,0,0,0,0,0,0,0,0,0,0,1438,"202410011509"
"14","RCZ",0,0,0,0,0,0,0,0,0,0,0,0,0,0,1438,"202410011509"
"15","PUN",0,0,0,0,0,0,0,0,0,0,0,0,0,0,1438,"202410011509"
"16","RAD",0,0,0,0,0,0,0,0,0,0,0,0,0,0,1438,"202410011509"
"17","LEG",0,0,0,0,0,0,0,0,0,0,0,0,0,0,1438,"202410011509"
"18","WID",0,0,0,0,0,0,0,0,0,0,0,0,0,0,1438,"202410011509"
"SUMA","EMPTY",470,0,0,0,0,0,0,1,0,0,0,0,0,14,1438,"202410011509"
"2023/24 - wiosna","EMPTY",1169,0,1,0,0,0,0,1,0,0,0,2,0,48,1438,"202410011509"
"2023/24 - jesień","EMPTY",1518,3,3,0,0,1,0,1,0,0,0,3,0,63,1438,"202410011509"
"2022/23 - wiosna","EMPTY",1464,0,0,0,0,0,0,0,0,0,0,2,0,46,1438,"202410011509"
"2022/23 - jesień","EMPTY",1477,0,1,0,0,0,0,1,0,0,0,1,0,51,1438,"202410011509"
"2021/22 - wiosna","EMPTY",1251,2,1,0,0,0,0,0,0,0,0,4,0,35,1438,"202410011509"
"2021/22 - jesień","EMPTY",1584,0,5,0,3,0,0,1,0,0,0,4,1,45,1438,"202410011509"
"2020/21 - wiosna","EMPTY",1546,1,0,0,0,0,0,0,0,0,0,1,0,48,1438,"202410011509"
"2020/21 - jesień","EMPTY",1045,1,1,0,0,0,0,0,0,0,0,2,0,29,1438,"202410011509"
"1","PIA",90,0,0,0,0,0,0,0,0,0,0,0,0,2,1186,"202410011509"
"2","RCZ",9,0,0,0,0,0,0,0,0,0,0,0,0,2,1186,"202410011509"
"3","WID",7,0,0,0,0,0,0,0,0,0,0,0,0,1,1186,"202410011509"
"4","KOR",9,0,0,0,0,0,0,0,0,0,0,0,0,2,1186,"202410011509"
"5","JAG",22,0,0,0,0,0,0,0,0,0,0,0,0,2,1186,"202410011509"
"6","GÓR",0,0,0,0,0,0,0,0,0,0,0,0,0,0,1186,"202410011509"
"7","RAD",38,0,0,0,0,0,0,0,0,0,0,0,0,1,1186,"202410011509"
"8","POG",7,0,0,0,0,0,0,0,0,0,0,0,0,2,1186,"202410011509"
"9","PUN",21,0,0,0,0,0,0,0,0,0,0,1,0,1,1186,"202410011509"
"10","STM",29,0,0,0,0,0,0,0,0,0,0,0,0,1,1186,"202410011509"
"11","ŚLA",0,0,0,0,0,0,0,0,0,0,0,0,0,0,1186,"202410011509"
"12","LPO",0,0,0,0,0,0,0,0,0,0,0,0,0,0,1186,"202410011509"
"13","MOT",0,0,0,0,0,0,0,0,0,0,0,0,0,0,1186,"202410011509"
"14","LGD",0,0,0,0,0,0,0,0,0,0,0,0,0,0,1186,"202410011509"
"15","GKS",0,0,0,0,0,0,0,0,0,0,0,0,0,0,1186,"202410011509"
"16","LEG",0,0,0,0,0,0,0,0,0,0,0,0,0,0,1186,"202410011509"
"17","ZAG",0,0,0,0,0,0,0,0,0,0,0,0,0,0,1186,"202410011509"
"18","PIA",0,0,0,0,0,0,0,0,0,0,0,0,0,0,1186,"202410011509"
"SUMA","EMPTY",232,0,0,0,0,0,0,0,0,0,0,1,0,14,1186,"202410011509"
"2023/24 - wiosna","EMPTY",1054,3,1,1,0,0,0,0,0,0,0,3,0,56,1186,"202410011509"
"2023/24 - jesień","EMPTY",1337,3,2,0,0,0,0,0,1,0,0,4,0,55,1186,"202410011509"
"2022/23 - wiosna","EMPTY",1179,3,1,0,0,0,0,0,0,0,0,4,0,54,1186,"202410011509"
"2022/23 - jesień","EMPTY",700,4,1,0,0,0,0,0,0,0,0,2,0,56,1186,"202410011509"
"2021/22 - wiosna","EMPTY",689,2,0,0,0,0,0,0,0,0,0,1,0,39,1186,"202410011509"
"2021/22 - jesień","EMPTY",555,1,0,0,0,0,0,0,0,0,0,1,0,28,1186,"202410011509"
"2020/21 - wiosna","EMPTY",0,0,0,0,0,0,0,0,0,0,0,0,0,0,1186,"202410011509"
"2020/21 - jesień","EMPTY",0,0,0,0,0,0,0,0,0,0,0,0,0,0,1186,"202410011509"
"2019/20 - wiosna","EMPTY",202,0,0,0,0,0,0,0,0,0,0,0,0,8,1186,"202410011509"
"2019/20 - jesień","EMPTY",137,1,1,0,0,0,0,0,0,0,0,1,0,17,1186,"202410011509"
"1","RCZ",12,0,0,0,0,0,0,0,0,0,0,0,0,1,168,"202410011509"
"2","LGD",15,0,0,0,0,0,0,0,0,0,0,0,0,2,168,"202410011509"
"3","KOR",45,0,0,0,0,0,0,0,0,0,0,1,0,0,168,"202410011509"
"5","GKS",66,0,0,0,0,0,0,0,0,0,0,0,0,5,168,"202410011509"
"6","PUN",64,0,0,0,0,0,0,0,0,0,0,0,0,5,168,"202410011509"
"7","LEG",45,0,0,0,0,0,0,2,0,0,0,0,0,-3,168,"202410011509"
"8","GÓR",0,0,0,0,0,0,0,0,0,0,0,0,0,0,168,"202410011509"
"9","JAG",0,0,0,0,0,0,0,0,0,0,0,0,0,0,168,"202410011509"
"9","STM",10,0,0,0,0,0,0,0,0,0,0,0,0,1,168,"202410011509"
"10","ŚLA",73,0,0,0,0,0,0,0,0,0,0,0,0,3,168,"202410011509"
"11","LPO",0,0,0,0,0,0,0,0,0,0,0,0,0,0,168,"202410011509"
"12","WID",0,0,0,0,0,0,0,0,0,0,0,0,0,0,168,"202410011509"
"13","CRA",0,0,0,0,0,0,0,0,0,0,0,0,0,0,168,"202410011509"
"14","POG",0,0,0,0,0,0,0,0,0,0,0,0,0,0,168,"202410011509"
"15","PIA",0,0,0,0,0,0,0,0,0,0,0,0,0,0,168,"202410011509"
"16","ZAG",0,0,0,0,0,0,0,0,0,0,0,0,0,0,168,"202410011509"
"17","RAD",0,0,0,0,0,0,0,0,0,0,0,0,0,0,168,"202410011509"
"18","RCZ",0,0,0,0,0,0,0,0,0,0,0,0,0,0,168,"202410011509"
"SUMA","EMPTY",330,0,0,0,0,0,0,2,0,0,0,1,0,14,168,"202410011509"
"2023/24 - wiosna","EMPTY",0,0,0,0,0,0,0,0,0,0,0,0,0,0,168,"202410011509"
"2023/24 - jesień","EMPTY",98,0,0,0,0,0,0,0,0,0,0,1,0,3,168,"202410011509"
"2022/23 - wiosna","EMPTY",510,0,0,0,0,0,0,1,0,0,0,1,0,11,168,"202410011509"
"2022/23 - jesień","EMPTY",302,0,0,0,0,0,0,0,0,0,0,1,0,13,168,"202410011509"
"2021/22 - wiosna","EMPTY",152,0,0,0,0,0,0,0,0,0,0,0,0,9,168,"202410011509"
"2021/22 - jesień","EMPTY",854,0,1,0,0,0,0,0,0,0,0,2,0,40,168,"202410011509"
"2020/21 - wiosna","EMPTY",301,0,0,0,0,0,0,0,0,0,0,0,0,7,168,"202410011509"
"2020/21 - jesień","EMPTY",227,0,0,0,0,0,0,0,0,0,0,0,0,5,168,"202410011509"
"2019/20 - wiosna","EMPTY",387,0,0,0,0,0,0,0,0,0,0,3,0,11,168,"202410011509"
"2019/20 - jesień","EMPTY",691,0,1,0,0,0,0,0,0,0,0,0,0,35,168,"202410011509"
"2018/19 - wiosna","EMPTY",474,1,0,0,0,0,0,0,0,0,0,2,0,27,168,"202410011509"
"2018/19 - jesień","EMPTY",738,0,1,0,0,0,0,0,0,0,0,4,0,49,168,"202410011509"
"2017/18 - wiosna","EMPTY",825,0,1,0,0,0,0,1,0,0,0,3,0,19,168,"202410011509"
"2017/18 - jesień","EMPTY",1124,0,2,0,0,0,0,0,0,0,0,2,0,53,168,"202410011509"
"2016/17 - wiosna","EMPTY",705,0,1,0,1,0,0,0,0,0,0,1,0,36,168,"202410011509"
"2016/17 - jesień","EMPTY",697,0,1,0,0,0,0,0,0,0,0,1,0,43,168,"202410011509"
"3","STM",0,0,0,0,0,0,0,0,0,0,0,0,0,0,2484,"202410011509"
"5","CRA",23,0,0,0,0,0,0,0,0,0,0,0,0,1,2484,"202410011509"
"6","GKS",24,0,0,0,0,0,0,0,0,0,0,0,0,0,2484,"202410011509"
"7","WID",0,0,0,0,0,0,0,0,0,0,0,0,0,0,2484,"202410011509"
"8","LPO",0,0,0,0,0,0,0,0,0,0,0,0,0,0,2484,"202410011509"
"9","MOT",11,0,0,0,0,0,0,0,0,0,0,0,0,2,2484,"202410011509"
"9","LGD",56,1,0,0,0,0,0,0,0,0,0,0,0,9,2484,"202410011509"
"10","PIA",22,0,0,0,0,0,0,0,0,0,0,0,0,2,2484,"202410011509"
"11","LEG",0,0,0,0,0,0,0,0,0,0,0,0,0,0,2484,"202410011509"
"12","ZAG",0,0,0,0,0,0,0,0,0,0,0,0,0,0,2484,"202410011509"
"13","KOR",0,0,0,0,0,0,0,0,0,0,0,0,0,0,2484,"202410011509"
"14","GÓR",0,0,0,0,0,0,0,0,0,0,0,0,0,0,2484,"202410011509"
"15","RCZ",0,0,0,0,0,0,0,0,0,0,0,0,0,0,2484,"202410011509"
"16","ŚLA",0,0,0,0,0,0,0,0,0,0,0,0,0,0,2484,"202410011509"
"17","POG",0,0,0,0,0,0,0,0,0,0,0,0,0,0,2484,"202410011509"
"18","PUN",0,0,0,0,0,0,0,0,0,0,0,0,0,0,2484,"202410011509"
"SUMA","EMPTY",136,1,0,0,0,0,0,0,0,0,0,0,0,14,2484,"202410011509"
"1","WID",90,0,0,0,0,0,0,0,0,0,0,0,0,2,461,"202410011509"
"2","GKS",70,0,0,0,0,0,0,0,0,0,0,0,0,2,461,"202410011509"
"3","JAG",90,0,0,0,0,0,0,0,0,0,0,0,0,2,461,"202410011509"
"4","POG",89,0,0,0,0,0,0,0,0,0,0,0,0,2,461,"202410011509"
"5","PIA",0,0,0,0,0,0,0,0,0,0,0,0,0,0,461,"202410011509"
"6","KOR",0,0,0,0,0,0,0,0,0,0,0,0,0,0,461,"202410011509"
"7","LPO",0,0,0,0,0,0,0,0,0,0,0,0,0,0,461,"202410011509"
"8","ŚLA",0,0,0,0,0,0,0,0,0,0,0,0,0,0,461,"202410011509"
"9","MOT",90,0,0,0,0,0,0,0,0,0,0,0,0,4,461,"202410011509"
"10","CRA",90,0,0,0,0,0,0,0,0,0,0,0,0,2,461,"202410011509"
"11","LGD",0,0,0,0,0,0,0,0,0,0,0,0,0,0,461,"202410011509"
"12","GÓR",0,0,0,0,0,0,0,0,0,0,0,0,0,0,461,"202410011509"
"13","ZAG",0,0,0,0,0,0,0,0,0,0,0,0,0,0,461,"202410011509"
"14","RCZ",0,0,0,0,0,0,0,0,0,0,0,0,0,0,461,"202410011509"
"15","PUN",0,0,0,0,0,0,0,0,0,0,0,0,0,0,461,"202410011509"
"16","RAD",0,0,0,0,0,0,0,0,0,0,0,0,0,0,461,"202410011509"
"17","LEG",0,0,0,0,0,0,0,0,0,0,0,0,0,0,461,"202410011509"
"18","WID",0,0,0,0,0,0,0,0,0,0,0,0,0,0,461,"202410011509"
"SUMA","EMPTY",519,0,0,0,0,0,0,0,0,0,0,0,0,14,461,"202410011509"
"2023/24 - wiosna","EMPTY",1162,1,2,0,0,0,0,0,0,0,0,4,0,44,461,"202410011509"
"2023/24 - jesień","EMPTY",1077,0,1,0,0,0,0,0,1,0,0,4,0,28,461,"202410011509"
"2022/23 - wiosna","EMPTY",1365,0,0,0,0,0,1,0,0,0,0,3,0,41,461,"202410011509"
"2022/23 - jesień","EMPTY",1458,4,0,0,0,2,0,0,0,0,0,3,0,66,461,"202410011509"
"2021/22 - wiosna","EMPTY",1052,2,1,0,0,1,1,0,1,0,0,2,0,43,461,"202410011509"
"2021/22 - jesień","EMPTY",1568,7,0,0,0,5,0,0,2,0,0,5,0,59,461,"202410011509"
"2020/21 - wiosna","EMPTY",0,0,0,0,0,0,0,0,0,0,0,0,0,0,461,"202410011509"
"2020/21 - jesień","EMPTY",0,0,0,0,0,0,0,0,0,0,0,0,0,0,461,"202410011509"
"2019/20 - jesień","EMPTY",0,0,0,0,0,0,0,0,0,0,0,0,0,0,461,"202410011509"
"2018/19 - wiosna","EMPTY",0,0,0,0,0,0,0,0,0,0,0,0,0,0,461,"202410011509"
"2018/19 - jesień","EMPTY",60,0,0,0,0,0,0,0,0,0,0,0,0,2,461,"202410011509"
"2017/18 - wiosna","EMPTY",754,1,1,0,0,0,1,0,0,0,0,3,0,47,461,"202410011509"
"2017/18 - jesień","EMPTY",943,1,0,0,2,0,0,0,0,0,0,2,0,41,461,"202410011509"
"2016/17 - wiosna","EMPTY",1296,3,1,0,0,3,2,0,0,0,0,3,0,68,461,"202410011509"
"2016/17 - jesień","EMPTY",1000,4,2,0,0,1,1,0,0,0,0,3,0,70,461,"202410011509"
"1","STM",28,0,0,0,0,0,0,0,0,0,0,0,0,1,2281,"202410011509"
"2","LPO",28,0,0,0,0,0,0,0,0,0,0,0,0,2,2281,"202410011509"
"3","CRA",0,0,0,0,0,0,0,0,0,0,0,0,0,0,2281,"202410011509"
"4","ŚLA",26,0,0,0,0,0,0,0,0,0,0,0,0,1,2281,"202410011509"
"5","POG",25,0,0,0,0,0,0,0,0,0,0,0,0,1,2281,"202410011509"
"6","RAD",20,0,0,0,0,0,0,0,0,0,0,1,0,1,2281,"202410011509"
"7","JAG",12,0,0,0,0,0,0,0,0,0,0,1,0,0,2281,"202410011509"
"8","GKS",71,0,0,0,0,0,0,0,0,0,0,0,0,2,2281,"202410011509"
"9","PIA",72,0,0,0,0,0,0,0,0,0,0,1,0,3,2281,"202410011509"
"10","LGD",89,0,0,0,0,0,0,0,0,0,0,0,0,3,2281,"202410011509"
"11","KOR",0,0,0,0,0,0,0,0,0,0,0,0,0,0,2281,"202410011509"
"12","MOT",0,0,0,0,0,0,0,0,0,0,0,0,0,0,2281,"202410011509"
"13","GÓR",0,0,0,0,0,0,0,0,0,0,0,0,0,0,2281,"202410011509"
"14","LEG",0,0,0,0,0,0,0,0,0,0,0,0,0,0,2281,"202410011509"
"15","ZAG",0,0,0,0,0,0,0,0,0,0,0,0,0,0,2281,"202410011509"
"16","PUN",0,0,0,0,0,0,0,0,0,0,0,0,0,0,2281,"202410011509"
"17","RCZ",0,0,0,0,0,0,0,0,0,0,0,0,0,0,2281,"202410011509"
"18","STM",0,0,0,0,0,0,0,0,0,0,0,0,0,0,2281,"202410011509"
"SUMA","EMPTY",371,0,0,0,0,0,0,0,0,0,0,3,0,14,2281,"202410011509"
"2023/24 - wiosna","EMPTY",27,0,0,0,0,0,0,0,0,0,0,0,0,5,2281,"202410011509"
"2023/24 - jesień","EMPTY",120,0,1,0,0,0,0,0,0,0,0,0,0,10,2281,"202410011509"
"1","ŚLA",0,0,0,0,0,0,0,0,0,0,0,0,0,0,1773,"202410011509"
"2","MOT",0,0,0,0,0,0,0,0,0,0,0,0,0,0,1773,"202410011509"
"3","LPO",0,0,0,0,0,0,0,0,0,0,0,0,0,0,1773,"202410011509"
"4","ZAG",0,0,0,0,0,0,0,0,0,0,0,0,0,0,1773,"202410011509"
"5","PUN",0,0,0,0,0,0,0,0,0,0,0,0,0,0,1773,"202410011509"
"6","RCZ",90,0,0,0,0,0,0,0,0,0,0,0,0,1,1773,"202410011509"
"7","GÓR",90,0,0,0,0,0,0,0,0,0,0,1,0,1,1773,"202410011509"
"8","RAD",90,0,0,0,0,0,0,0,0,0,0,1,0,7,1773,"202410011509"
"9","JAG",90,0,0,0,0,0,0,0,0,0,0,0,0,1,1773,"202410011509"
"10","WID",90,0,0,0,0,0,0,0,0,0,0,0,0,4,1773,"202410011509"
"11","STM",0,0,0,0,0,0,0,0,0,0,0,0,0,0,1773,"202410011509"
"12","LEG",0,0,0,0,0,0,0,0,0,0,0,0,0,0,1773,"202410011509"
"13","PIA",0,0,0,0,0,0,0,0,0,0,0,0,0,0,1773,"202410011509"
"14","CRA",0,0,0,0,0,0,0,0,0,0,0,0,0,0,1773,"202410011509"
"15","KOR",0,0,0,0,0,0,0,0,0,0,0,0,0,0,1773,"202410011509"
"16","POG",0,0,0,0,0,0,0,0,0,0,0,0,0,0,1773,"202410011509"
"17","GKS",0,0,0,0,0,0,0,0,0,0,0,0,0,0,1773,"202410011509"
"18","ŚLA",0,0,0,0,0,0,0,0,0,0,0,0,0,0,1773,"202410011509"
"SUMA","EMPTY",450,0,0,0,0,0,0,0,0,0,0,2,0,14,1773,"202410011509"
"2023/24 - wiosna","EMPTY",0,0,0,0,0,0,0,0,0,0,0,0,0,0,1773,"202410011509"
"2023/24 - jesień","EMPTY",720,0,0,0,0,0,0,1,0,0,0,0,0,26,1773,"202410011509"
"2022/23 - wiosna","EMPTY",0,0,0,0,0,0,0,0,0,0,0,0,0,0,1773,"202410011509"
"2022/23 - jesień","EMPTY",0,0,0,0,0,0,0,0,0,0,0,0,0,0,1773,"202410011509"
"2021/22 - wiosna","EMPTY",0,0,0,0,0,0,0,0,0,0,0,0,0,0,1773,"202410011509"
"2021/22 - jesień","EMPTY",0,0,0,0,0,0,0,0,0,0,0,0,0,0,1773,"202410011509"
"1","KOR (POG)",0,0,0,0,0,0,0,0,0,0,0,0,0,0,278,"202410011509"
"2","ZAG (POG)",0,0,0,0,0,0,0,0,0,0,0,0,0,0,278,"202410011509"
"3","GÓR (POG)",0,0,0,0,0,0,0,0,0,0,0,0,0,0,278,"202410011509"
"4","STM (POG)",0,0,0,0,0,0,0,0,0,0,0,0,0,0,278,"202410011509"
"5","WID (POG)",0,0,0,0,0,0,0,0,0,0,0,0,0,0,278,"202410011509"
"6","GKS",34,0,0,0,0,0,0,0,0,0,0,0,0,1,278,"202410011509"
"7","WID",1,0,0,0,0,0,0,0,0,0,0,0,0,2,278,"202410011509"
"8","LPO",45,0,0,0,0,0,0,0,0,0,0,0,0,2,278,"202410011509"
"9","MOT",22,0,0,0,0,0,0,0,0,0,0,0,0,2,278,"202410011509"
"9","LGD",34,0,0,0,0,0,0,0,0,0,0,0,0,2,278,"202410011509"
"10","PIA",68,0,0,0,0,0,0,0,0,0,0,0,0,4,278,"202410011509"
"11","LEG",0,0,0,0,0,0,0,0,0,0,0,0,0,0,278,"202410011509"
"12","ZAG",0,0,0,0,0,0,0,0,0,0,0,0,0,0,278,"202410011509"
"13","KOR",0,0,0,0,0,0,0,0,0,0,0,0,0,0,278,"202410011509"
"14","GÓR",0,0,0,0,0,0,0,0,0,0,0,0,0,0,278,"202410011509"
"15","RCZ",0,0,0,0,0,0,0,0,0,0,0,0,0,0,278,"202410011509"
"16","ŚLA",0,0,0,0,0,0,0,0,0,0,0,0,0,0,278,"202410011509"
"17","POG",0,0,0,0,0,0,0,0,0,0,0,0,0,0,278,"202410011509"
"18","PUN",0,0,0,0,0,0,0,0,0,0,0,0,0,0,278,"202410011509"
"SUMA","EMPTY",204,0,0,0,0,0,0,0,0,0,0,0,0,13,278,"202410011509"
"2023/24 - wiosna","EMPTY",0,0,0,0,0,0,0,0,0,0,0,0,0,0,278,"202410011509"
"2023/24 - jesień","EMPTY",0,0,0,0,0,0,0,0,0,0,0,0,0,0,278,"202410011509"
"2022/23 - wiosna","EMPTY",0,0,0,0,0,0,0,0,0,0,0,0,0,0,278,"202410011509"
"2022/23 - jesień","EMPTY",0,0,0,0,0,0,0,0,0,0,0,0,0,0,278,"202410011509"
"2021/22 - wiosna","EMPTY",0,0,0,0,0,0,0,0,0,0,0,0,0,0,278,"202410011509"
"2021/22 - jesień","EMPTY",0,0,0,0,0,0,0,0,0,0,0,0,0,0,278,"202410011509"
"2020/21 - wiosna","EMPTY",0,0,0,0,0,0,0,0,0,0,0,0,0,0,278,"202410011509"
"2020/21 - jesień","EMPTY",0,0,0,0,0,0,0,0,0,0,0,0,0,0,278,"202410011509"
"2019/20 - wiosna","EMPTY",1174,2,2,0,0,0,0,0,0,0,0,4,0,41,278,"202410011509"
"2019/20 - jesień","EMPTY",933,0,0,0,0,0,0,0,0,0,0,1,0,48,278,"202410011509"
"2018/19 - wiosna","EMPTY",0,0,0,0,0,0,0,0,0,0,0,0,0,0,278,"202410011509"
"2018/19 - jesień","EMPTY",41,0,0,0,0,0,0,0,0,0,0,0,0,2,278,"202410011509"
"2017/18 - wiosna","EMPTY",137,0,0,0,0,0,0,0,0,0,0,0,0,11,278,"202410011509"
"2017/18 - jesień","EMPTY",519,0,0,0,0,0,0,0,0,0,0,4,0,25,278,"202410011509"
"2016/17 - wiosna","EMPTY",739,0,1,0,0,0,0,0,0,0,0,2,0,36,278,"202410011509"
"2016/17 - jesień","EMPTY",87,0,0,0,0,0,0,0,0,0,0,0,0,8,278,"202410011509"
"1","LEG",0,0,0,0,0,0,0,0,0,0,0,0,0,0,1814,"202410011509"
"2","POG",12,0,0,0,0,0,0,0,0,0,0,0,0,1,1814,"202410011509"
"3","PUN",0,0,0,0,0,0,0,0,0,0,0,0,0,0,1814,"202410011509"
"4","LGD",19,0,0,0,0,0,0,0,0,0,0,0,0,1,1814,"202410011509"
"5","LPO",70,0,0,0,0,0,0,0,0,0,0,0,0,2,1814,"202410011509"
"6","PIA",14,0,0,0,0,0,0,0,0,0,0,0,0,1,1814,"202410011509"
"7","GKS",22,0,0,0,0,0,0,0,0,0,0,0,0,2,1814,"202410011509"
"8","KOR",0,0,0,0,0,0,0,0,0,0,0,0,0,0,1814,"202410011509"
"9","RCZ",15,0,0,0,0,0,0,0,0,0,0,0,0,1,1814,"202410011509"
"10","RAD",10,0,1,0,0,0,0,0,0,0,0,0,0,5,1814,"202410011509"
"11","GÓR",0,0,0,0,0,0,0,0,0,0,0,0,0,0,1814,"202410011509"
"12","JAG",0,0,0,0,0,0,0,0,0,0,0,0,0,0,1814,"202410011509"
"13","STM",0,0,0,0,0,0,0,0,0,0,0,0,0,0,1814,"202410011509"
"14","ŚLA",0,0,0,0,0,0,0,0,0,0,0,0,0,0,1814,"202410011509"
"15","WID",0,0,0,0,0,0,0,0,0,0,0,0,0,0,1814,"202410011509"
"16","MOT",0,0,0,0,0,0,0,0,0,0,0,0,0,0,1814,"202410011509"
"17","CRA",0,0,0,0,0,0,0,0,0,0,0,0,0,0,1814,"202410011509"
"18","LEG",0,0,0,0,0,0,0,0,0,0,0,0,0,0,1814,"202410011509"
"SUMA","EMPTY",162,0,1,0,0,0,0,0,0,0,0,0,0,13,1814,"202410011509"
"2023/24 - wiosna","EMPTY",19,0,0,0,0,0,0,0,0,0,0,0,0,7,1814,"202410011509"
"2023/24 - jesień","EMPTY",0,0,0,0,0,0,0,0,0,0,0,0,0,0,1814,"202410011509"
"2022/23 - wiosna","EMPTY",0,0,0,0,0,0,0,0,0,0,0,0,0,0,1814,"202410011509"
"2022/23 - jesień","EMPTY",0,0,0,0,0,0,0,0,0,0,0,0,0,0,1814,"202410011509"
"2021/22 - wiosna","EMPTY",0,0,0,0,0,0,0,0,0,0,0,0,0,0,1814,"202410011509"
"2021/22 - jesień","EMPTY",82,0,0,0,0,0,0,0,0,0,0,1,0,3,1814,"202410011509"
"1","STM",90,0,0,0,0,0,0,0,0,0,0,0,0,2,2335,"202410011509"
"2","LPO",90,0,0,0,0,0,0,0,0,0,0,1,0,2,2335,"202410011509"
"3","CRA",0,0,0,0,0,0,0,0,0,0,0,0,0,0,2335,"202410011509"
"4","ŚLA",90,0,0,0,0,0,0,0,0,0,0,0,0,5,2335,"202410011509"
"5","POG",57,0,0,0,0,0,0,0,0,0,0,0,0,2,2335,"202410011509"
"6","RAD",0,0,0,0,0,0,0,0,0,0,0,0,0,0,2335,"202410011509"
"7","JAG",0,0,0,0,0,0,0,0,0,0,0,0,0,0,2335,"202410011509"
"8","GKS",80,0,0,0,0,0,0,0,0,0,0,0,0,1,2335,"202410011509"
"9","PIA",0,0,0,0,0,0,0,0,0,0,0,0,0,0,2335,"202410011509"
"10","LGD",45,0,0,0,0,0,0,0,0,0,0,0,0,1,2335,"202410011509"
"11","KOR",0,0,0,0,0,0,0,0,0,0,0,0,0,0,2335,"202410011509"
"12","MOT",0,0,0,0,0,0,0,0,0,0,0,0,0,0,2335,"202410011509"
"13","GÓR",0,0,0,0,0,0,0,0,0,0,0,0,0,0,2335,"202410011509"
"14","LEG",0,0,0,0,0,0,0,0,0,0,0,0,0,0,2335,"202410011509"
"15","ZAG",0,0,0,0,0,0,0,0,0,0,0,0,0,0,2335,"202410011509"
"16","PUN",0,0,0,0,0,0,0,0,0,0,0,0,0,0,2335,"202410011509"
"17","RCZ",0,0,0,0,0,0,0,0,0,0,0,0,0,0,2335,"202410011509"
"18","STM",0,0,0,0,0,0,0,0,0,0,0,0,0,0,2335,"202410011509"
"SUMA","EMPTY",452,0,0,0,0,0,0,0,0,0,0,1,0,13,2335,"202410011509"
"2023/24 - wiosna","EMPTY",316,0,0,0,0,0,0,0,0,0,0,1,0,13,2335,"202410011509"
"1","KOR",83,0,0,0,0,0,0,0,0,0,0,0,0,4,2092,"202410011509"
"2","ZAG",0,0,0,0,0,0,0,0,0,0,0,0,0,0,2092,"202410011509"
"3","GÓR",0,0,0,0,0,0,0,0,0,0,0,0,0,0,2092,"202410011509"
"4","STM",25,0,0,0,0,0,0,0,0,0,0,0,0,2,2092,"202410011509"
"5","WID",12,0,0,0,0,0,0,0,0,0,0,0,0,2,2092,"202410011509"
"6","LPO",33,0,0,0,0,0,0,0,0,0,0,0,0,1,2092,"202410011509"
"7","ŚLA",59,0,0,0,0,0,0,0,0,0,0,1,0,2,2092,"202410011509"
"8","CRA",45,0,0,0,0,0,0,0,0,0,0,0,0,2,2092,"202410011509"
"9","LEG",0,0,0,0,0,0,0,0,0,0,0,0,0,0,2092,"202410011509"
"10","GKS",0,0,0,0,0,0,0,0,0,0,0,0,0,0,2092,"202410011509"
"11","PIA",0,0,0,0,0,0,0,0,0,0,0,0,0,0,2092,"202410011509"
"12","RCZ",0,0,0,0,0,0,0,0,0,0,0,0,0,0,2092,"202410011509"
"13","PUN",0,0,0,0,0,0,0,0,0,0,0,0,0,0,2092,"202410011509"
"14","MOT",0,0,0,0,0,0,0,0,0,0,0,0,0,0,2092,"202410011509"
"15","RAD",0,0,0,0,0,0,0,0,0,0,0,0,0,0,2092,"202410011509"
"16","LGD",0,0,0,0,0,0,0,0,0,0,0,0,0,0,2092,"202410011509"
"17","JAG",0,0,0,0,0,0,0,0,0,0,0,0,0,0,2092,"202410011509"
"18","KOR",0,0,0,0,0,0,0,0,0,0,0,0,0,0,2092,"202410011509"
"SUMA","EMPTY",257,0,0,0,0,0,0,0,0,0,0,1,0,13,2092,"202410011509"
"2023/24 - wiosna","EMPTY",867,1,2,0,0,0,0,0,0,0,0,2,0,47,2092,"202410011509"
"2023/24 - jesień","EMPTY",165,0,1,0,0,0,0,0,0,0,0,1,0,13,2092,"202410011509"
"2022/23 - wiosna","EMPTY",45,0,0,0,0,0,0,0,0,0,0,0,0,5,2092,"202410011509"
"1","MOT",90,0,0,0,0,0,0,0,0,0,0,1,0,5,1853,"202410011509"
"2","CRA",90,0,0,0,0,0,0,0,0,0,0,0,0,2,1853,"202410011509"
"3","GKS",83,0,0,0,0,0,0,0,0,0,0,0,0,6,1853,"202410011509"
"4","LPO",0,0,0,0,0,0,0,0,0,0,0,0,0,0,1853,"202410011509"
"5","GÓR",0,0,0,0,0,0,0,0,0,0,0,0,0,0,1853,"202410011509"
"6","LGD",0,0,0,0,0,0,0,0,0,0,0,0,0,0,1853,"202410011509"
"7","PIA",0,0,0,0,0,0,0,0,0,0,0,0,0,0,1853,"202410011509"
"8","LEG",0,0,0,0,0,0,0,0,0,0,0,0,0,0,1853,"202410011509"
"9","ZAG",0,0,0,0,0,0,0,0,0,0,0,0,0,0,1853,"202410011509"
"10","PUN",0,0,0,0,0,0,0,0,0,0,0,0,0,0,1853,"202410011509"
"11","RAD",0,0,0,0,0,0,0,0,0,0,0,0,0,0,1853,"202410011509"
"12","POG",0,0,0,0,0,0,0,0,0,0,0,0,0,0,1853,"202410011509"
"13","ŚLA",0,0,0,0,0,0,0,0,0,0,0,0,0,0,1853,"202410011509"
"14","STM",0,0,0,0,0,0,0,0,0,0,0,0,0,0,1853,"202410011509"
"15","JAG",0,0,0,0,0,0,0,0,0,0,0,0,0,0,1853,"202410011509"
"16","KOR",0,0,0,0,0,0,0,0,0,0,0,0,0,0,1853,"202410011509"
"17","WID",0,0,0,0,0,0,0,0,0,0,0,0,0,0,1853,"202410011509"
"18","MOT",0,0,0,0,0,0,0,0,0,0,0,0,0,0,1853,"202410011509"
"SUMA","EMPTY",263,0,0,0,0,0,0,0,0,0,0,1,0,13,1853,"202410011509"
"2023/24 - wiosna","EMPTY",1356,0,1,0,0,0,0,1,0,0,0,3,0,42,1853,"202410011509"
"2023/24 - jesień","EMPTY",1266,3,0,0,0,0,0,0,0,0,0,1,0,67,1853,"202410011509"
"2022/23 - wiosna","EMPTY",362,1,1,0,0,0,0,0,0,0,0,2,0,29,1853,"202410011509"
"2022/23 - jesień","EMPTY",527,0,0,0,0,0,0,0,0,0,0,4,0,20,1853,"202410011509"
"2021/22 - wiosna","EMPTY",123,0,0,0,0,0,0,0,0,0,0,0,0,10,1853,"202410011509"
"1","RCZ",0,0,0,0,0,0,0,0,0,0,0,0,0,0,850,"202410011509"
"2","LGD",0,0,0,0,0,0,0,0,0,0,0,0,0,0,850,"202410011509"
"3","KOR",27,0,0,0,0,0,0,0,0,0,0,0,0,1,850,"202410011509"
"5","GKS",82,0,0,0,0,0,0,0,0,0,0,0,0,5,850,"202410011509"
"6","PUN",90,0,0,0,0,0,0,0,0,0,0,1,0,4,850,"202410011509"
"7","LEG",90,0,0,0,0,0,0,0,0,0,0,0,0,-2,850,"202410011509"
"8","GÓR",0,0,0,0,0,0,0,0,0,0,0,0,0,0,850,"202410011509"
"9","JAG",19,0,0,0,0,0,0,0,0,0,0,0,0,1,850,"202410011509"
"9","STM",28,0,0,0,0,0,0,0,0,0,0,0,0,1,850,"202410011509"
"10","ŚLA",90,0,0,0,0,0,0,0,0,0,0,0,0,3,850,"202410011509"
"11","LPO",0,0,0,0,0,0,0,0,0,0,0,0,0,0,850,"202410011509"
"12","WID",0,0,0,0,0,0,0,0,0,0,0,0,0,0,850,"202410011509"
"13","CRA",0,0,0,0,0,0,0,0,0,0,0,0,0,0,850,"202410011509"
"14","POG",0,0,0,0,0,0,0,0,0,0,0,0,0,0,850,"202410011509"
"15","PIA",0,0,0,0,0,0,0,0,0,0,0,0,0,0,850,"202410011509"
"16","ZAG",0,0,0,0,0,0,0,0,0,0,0,0,0,0,850,"202410011509"
"17","RAD",0,0,0,0,0,0,0,0,0,0,0,0,0,0,850,"202410011509"
"18","RCZ",0,0,0,0,0,0,0,0,0,0,0,0,0,0,850,"202410011509"
"SUMA","EMPTY",426,0,0,0,0,0,0,0,0,0,0,1,0,13,850,"202410011509"
"2023/24 - wiosna","EMPTY",0,0,0,0,0,0,0,0,0,0,0,0,0,0,850,"202410011509"
"2023/24 - jesień","EMPTY",0,0,0,0,0,0,0,0,0,0,0,0,0,0,850,"202410011509"
"2022/23 - wiosna","EMPTY",0,0,0,0,0,0,0,0,0,0,0,0,0,0,850,"202410011509"
"2022/23 - jesień","EMPTY",0,0,0,0,0,0,0,0,0,0,0,0,0,0,850,"202410011509"
"2021/22 - wiosna","EMPTY",0,0,0,0,0,0,0,0,0,0,0,0,0,0,850,"202410011509"
"2021/22 - jesień","EMPTY",0,0,0,0,0,0,0,0,0,0,0,0,0,0,850,"202410011509"
"2020/21 - wiosna","EMPTY",0,0,0,0,0,0,0,0,0,0,0,0,0,0,850,"202410011509"
"2020/21 - jesień","EMPTY",0,0,0,0,0,0,0,0,0,0,0,0,0,0,850,"202410011509"
"2019/20 - jesień","EMPTY",0,0,0,0,0,0,0,0,0,0,0,0,0,0,850,"202410011509"
"2018/19 - wiosna","EMPTY",0,0,0,0,0,0,0,0,0,0,0,0,0,0,850,"202410011509"
"2017/18 - wiosna","EMPTY",0,0,0,0,0,0,0,0,0,0,0,0,0,0,850,"202410011509"
"1","ZAG",0,0,0,0,0,0,0,0,0,0,0,0,0,0,2430,"202410011509"
"2","KOR",0,0,0,0,0,0,0,0,0,0,0,0,0,0,2430,"202410011509"
"3","PIA",35,0,0,0,0,0,0,0,0,0,0,0,0,1,2430,"202410011509"
"4","PUN",55,0,0,0,0,0,0,0,0,0,0,0,0,2,2430,"202410011509"
"5","RAD",0,0,0,0,0,0,0,0,0,0,0,0,0,0,2430,"202410011509"
"6","ŚLA",0,0,0,0,0,0,0,0,0,0,0,0,0,0,2430,"202410011509"
"7","MOT",20,1,0,0,0,0,0,0,0,0,0,0,0,6,2430,"202410011509"
"8","RCZ",90,0,0,0,0,0,0,0,0,0,0,0,0,2,2430,"202410011509"
"9","POG",90,0,0,0,0,0,0,0,0,0,0,0,0,2,2430,"202410011509"
"10","GÓR",0,0,0,0,0,0,0,0,0,0,0,0,0,0,2430,"202410011509"
"11","JAG",0,0,0,0,0,0,0,0,0,0,0,0,0,0,2430,"202410011509"
"12","LGD",0,0,0,0,0,0,0,0,0,0,0,0,0,0,2430,"202410011509"
"13","GKS",0,0,0,0,0,0,0,0,0,0,0,0,0,0,2430,"202410011509"
"14","WID",0,0,0,0,0,0,0,0,0,0,0,0,0,0,2430,"202410011509"
"15","LPO",0,0,0,0,0,0,0,0,0,0,0,0,0,0,2430,"202410011509"
"16","CRA",0,0,0,0,0,0,0,0,0,0,0,0,0,0,2430,"202410011509"
"17","STM",0,0,0,0,0,0,0,0,0,0,0,0,0,0,2430,"202410011509"
"18","ZAG",0,0,0,0,0,0,0,0,0,0,0,0,0,0,2430,"202410011509"
"SUMA","EMPTY",290,1,0,0,0,0,0,0,0,0,0,0,0,13,2430,"202410011509"
"4","POG",1,0,0,0,0,0,0,0,0,0,0,0,0,1,1444,"202410011509"
"5","PIA",18,0,0,0,0,0,0,0,0,0,0,0,0,2,1444,"202410011509"
"6","KOR",33,0,0,0,0,0,0,0,0,0,0,0,0,1,1444,"202410011509"
"7","LPO",19,0,0,0,0,0,0,0,0,0,0,0,0,1,1444,"202410011509"
"8","ŚLA",0,0,0,0,0,0,0,0,0,0,0,0,0,0,1444,"202410011509"
"9","MOT",86,0,1,0,0,0,0,0,0,0,0,0,0,7,1444,"202410011509"
"10","CRA",72,0,0,0,0,0,0,0,0,0,0,1,0,1,1444,"202410011509"
"11","LGD",0,0,0,0,0,0,0,0,0,0,0,0,0,0,1444,"202410011509"
"12","GÓR",0,0,0,0,0,0,0,0,0,0,0,0,0,0,1444,"202410011509"
"13","ZAG",0,0,0,0,0,0,0,0,0,0,0,0,0,0,1444,"202410011509"
"14","RCZ",0,0,0,0,0,0,0,0,0,0,0,0,0,0,1444,"202410011509"
"15","PUN",0,0,0,0,0,0,0,0,0,0,0,0,0,0,1444,"202410011509"
"16","RAD",0,0,0,0,0,0,0,0,0,0,0,0,0,0,1444,"202410011509"
"17","LEG",0,0,0,0,0,0,0,0,0,0,0,0,0,0,1444,"202410011509"
"18","WID",0,0,0,0,0,0,0,0,0,0,0,0,0,0,1444,"202410011509"
"SUMA","EMPTY",229,0,1,0,0,0,0,0,0,0,0,1,0,13,1444,"202410011509"
"2023/24 - wiosna","EMPTY",878,1,0,0,1,0,0,0,0,0,0,1,1,27,1444,"202410011509"
"2023/24 - jesień","EMPTY",579,0,1,0,0,0,0,0,0,0,0,3,0,30,1444,"202410011509"
"2022/23 - wiosna","EMPTY",451,1,0,0,0,0,0,0,0,0,0,1,0,29,1444,"202410011509"
"2022/23 - jesień","EMPTY",846,3,0,0,0,0,1,0,0,0,0,3,0,41,1444,"202410011509"
"2021/22 - wiosna","EMPTY",934,2,1,0,0,0,0,0,0,0,0,1,0,43,1444,"202410011509"
"2021/22 - jesień","EMPTY",1539,1,3,0,0,0,0,1,0,0,0,4,0,53,1444,"202410011509"
"2020/21 - wiosna","EMPTY",760,0,1,0,0,0,0,0,0,0,0,3,1,21,1444,"202410011509"
"2020/21 - jesień","EMPTY",330,0,1,0,0,0,0,0,0,0,0,1,0,18,1444,"202410011509"
"5","CRA",67,0,1,0,0,0,0,0,0,0,0,0,0,5,2490,"202410011509"
"6","GKS",90,0,0,0,0,0,0,0,0,0,0,0,0,2,2490,"202410011509"
"7","WID",65,0,0,0,0,0,0,0,0,0,0,0,0,4,2490,"202410011509"
"8","LPO",0,0,0,0,0,0,0,0,0,0,0,0,0,0,2490,"202410011509"
"9","MOT",0,0,0,0,0,0,0,0,0,0,0,0,0,0,2490,"202410011509"
"9","LGD",0,0,0,0,0,0,0,0,0,0,0,0,0,0,2490,"202410011509"
"10","PIA",16,0,0,0,0,0,0,0,0,0,0,0,0,2,2490,"202410011509"
"11","LEG",0,0,0,0,0,0,0,0,0,0,0,0,0,0,2490,"202410011509"
"12","ZAG",0,0,0,0,0,0,0,0,0,0,0,0,0,0,2490,"202410011509"
"13","KOR",0,0,0,0,0,0,0,0,0,0,0,0,0,0,2490,"202410011509"
"14","GÓR",0,0,0,0,0,0,0,0,0,0,0,0,0,0,2490,"202410011509"
"15","RCZ",0,0,0,0,0,0,0,0,0,0,0,0,0,0,2490,"202410011509"
"16","ŚLA",0,0,0,0,0,0,0,0,0,0,0,0,0,0,2490,"202410011509"
"17","POG",0,0,0,0,0,0,0,0,0,0,0,0,0,0,2490,"202410011509"
"18","PUN",0,0,0,0,0,0,0,0,0,0,0,0,0,0,2490,"202410011509"
"SUMA","EMPTY",238,0,1,0,0,0,0,0,0,0,0,0,0,13,2490,"202410011509"
"1","KOR",1,0,0,0,0,0,0,0,0,0,0,0,0,2,2237,"202410011509"
"2","ZAG",1,0,0,0,0,0,0,0,0,0,0,0,0,1,2237,"202410011509"
"3","GÓR",0,0,0,0,0,0,0,0,0,0,0,0,0,0,2237,"202410011509"
"4","STM",7,0,0,0,0,0,0,0,0,0,0,0,0,2,2237,"202410011509"
"5","WID",2,0,0,0,0,0,0,0,0,0,0,0,0,2,2237,"202410011509"
"6","LPO",11,0,0,0,0,0,0,0,0,0,0,0,0,1,2237,"202410011509"
"7","ŚLA",5,0,0,0,0,0,0,0,0,0,0,0,0,2,2237,"202410011509"
"8","CRA",3,0,0,0,0,0,0,0,0,0,0,0,0,1,2237,"202410011509"
"9","LEG",9,0,0,0,0,0,0,0,0,0,0,0,0,2,2237,"202410011509"
"10","GKS",20,0,0,0,0,0,0,0,0,0,0,1,0,0,2237,"202410011509"
"11","PIA",0,0,0,0,0,0,0,0,0,0,0,0,0,0,2237,"202410011509"
"12","RCZ",0,0,0,0,0,0,0,0,0,0,0,0,0,0,2237,"202410011509"
"13","PUN",0,0,0,0,0,0,0,0,0,0,0,0,0,0,2237,"202410011509"
"14","MOT",0,0,0,0,0,0,0,0,0,0,0,0,0,0,2237,"202410011509"
"15","RAD",0,0,0,0,0,0,0,0,0,0,0,0,0,0,2237,"202410011509"
"16","LGD",0,0,0,0,0,0,0,0,0,0,0,0,0,0,2237,"202410011509"
"17","JAG",0,0,0,0,0,0,0,0,0,0,0,0,0,0,2237,"202410011509"
"18","KOR",0,0,0,0,0,0,0,0,0,0,0,0,0,0,2237,"202410011509"
"SUMA","EMPTY",59,0,0,0,0,0,0,0,0,0,0,1,0,13,2237,"202410011509"
"2023/24 - wiosna","EMPTY",37,0,0,0,0,0,0,0,0,0,0,0,0,7,2237,"202410011509"
"2023/24 - jesień","EMPTY",55,0,1,0,0,0,0,0,0,0,0,0,0,7,2237,"202410011509"
"6","WID",0,0,0,0,0,0,0,0,0,0,0,0,0,0,2496,"202410011509"
"7","CRA",90,0,0,1,0,0,0,0,0,0,0,0,0,5,2496,"202410011509"
"8","LGD",67,0,0,0,0,0,0,0,0,0,0,1,0,1,2496,"202410011509"
"9","KOR",90,0,0,0,0,0,0,0,0,0,0,1,0,5,2496,"202410011509"
"10","ZAG",90,0,0,0,0,0,0,0,0,0,0,0,0,2,2496,"202410011509"
"11","RCZ",0,0,0,0,0,0,0,0,0,0,0,0,0,0,2496,"202410011509"
"12","PUN",0,0,0,0,0,0,0,0,0,0,0,0,0,0,2496,"202410011509"
"13","LPO",0,0,0,0,0,0,0,0,0,0,0,0,0,0,2496,"202410011509"
"14","PIA",0,0,0,0,0,0,0,0,0,0,0,0,0,0,2496,"202410011509"
"15","POG",0,0,0,0,0,0,0,0,0,0,0,0,0,0,2496,"202410011509"
"16","STM",0,0,0,0,0,0,0,0,0,0,0,0,0,0,2496,"202410011509"
"17","MOT",0,0,0,0,0,0,0,0,0,0,0,0,0,0,2496,"202410011509"
"18","ŚLA",0,0,0,0,0,0,0,0,0,0,0,0,0,0,2496,"202410011509"
"18","GKS",0,0,0,0,0,0,0,0,0,0,0,0,0,0,2496,"202410011509"
"SUMA","EMPTY",337,0,0,1,0,0,0,0,0,0,0,2,0,13,2496,"202410011509"
"1","JAG",81,0,0,0,0,0,0,0,0,0,0,0,0,2,1021,"202410011509"
"2","GÓR",77,0,0,0,0,0,0,0,0,0,0,0,0,2,1021,"202410011509"
"3","ZAG",45,0,0,0,0,0,0,0,0,0,0,0,0,2,1021,"202410011509"
"4","LEG",6,0,0,0,0,0,0,0,0,0,0,0,0,1,1021,"202410011509"
"5","LGD",1,0,0,0,0,0,0,0,0,0,0,0,0,2,1021,"202410011509"
"6","MOT",22,0,0,0,0,0,0,0,0,0,0,0,0,1,1021,"202410011509"
"7","KOR",30,0,0,0,0,0,0,0,0,0,0,0,0,1,1021,"202410011509"
"8","PIA",41,0,0,0,0,0,0,0,0,0,0,0,0,2,1021,"202410011509"
"9","CRA",0,0,0,0,0,0,0,0,0,0,0,0,0,0,1021,"202410011509"
"10","RCZ",0,0,0,0,0,0,0,0,0,0,0,0,0,0,1021,"202410011509"
"11","GKS",0,0,0,0,0,0,0,0,0,0,0,0,0,0,1021,"202410011509"
"12","RAD",0,0,0,0,0,0,0,0,0,0,0,0,0,0,1021,"202410011509"
"13","POG",0,0,0,0,0,0,0,0,0,0,0,0,0,0,1021,"202410011509"
"14","LPO",0,0,0,0,0,0,0,0,0,0,0,0,0,0,1021,"202410011509"
"15","STM",0,0,0,0,0,0,0,0,0,0,0,0,0,0,1021,"202410011509"
"16","WID",0,0,0,0,0,0,0,0,0,0,0,0,0,0,1021,"202410011509"
"17","ŚLA",0,0,0,0,0,0,0,0,0,0,0,0,0,0,1021,"202410011509"
"18","JAG",0,0,0,0,0,0,0,0,0,0,0,0,0,0,1021,"202410011509"
"SUMA","EMPTY",303,0,0,0,0,0,0,0,0,0,0,0,0,13,1021,"202410011509"
"2023/24 - wiosna","EMPTY",0,0,0,0,0,0,0,0,0,0,0,0,0,0,1021,"202410011509"
"2023/24 - jesień","EMPTY",0,0,0,0,0,0,0,0,0,0,0,0,0,0,1021,"202410011509"
"2022/23 - wiosna","EMPTY",0,0,0,0,0,0,0,0,0,0,0,0,0,0,1021,"202410011509"
"2022/23 - jesień","EMPTY",0,0,0,0,0,0,0,0,0,0,0,0,0,0,1021,"202410011509"
"2021/22 - wiosna","EMPTY",448,0,1,0,0,0,0,0,0,0,0,0,0,20,1021,"202410011509"
"2021/22 - jesień","EMPTY",620,1,1,0,0,0,0,0,0,0,0,3,0,28,1021,"202410011509"
"2020/21 - wiosna","EMPTY",0,0,0,0,0,0,0,0,0,0,0,0,0,0,1021,"202410011509"
"2020/21 - jesień","EMPTY",0,0,0,0,0,0,0,0,0,0,0,0,0,0,1021,"202410011509"
"2019/20 - wiosna","EMPTY",0,0,0,0,0,0,0,0,0,0,0,0,0,0,1021,"202410011509"
"2019/20 - jesień","EMPTY",37,0,0,0,0,0,0,0,0,0,0,0,0,4,1021,"202410011509"
"2018/19 - wiosna","EMPTY",579,3,0,0,0,0,0,0,0,0,0,0,0,47,1021,"202410011509"
"2018/19 - jesień","EMPTY",586,1,0,0,0,0,0,0,0,0,0,4,0,39,1021,"202410011509"
"1","ŚLA",0,0,0,0,0,0,0,0,0,0,0,0,0,0,2411,"202410011509"
"2","MOT",39,0,0,0,0,0,0,0,0,0,0,0,0,1,2411,"202410011509"
"3","LPO",76,0,0,0,0,0,0,0,0,0,0,0,0,2,2411,"202410011509"
"4","ZAG",73,1,0,0,0,0,0,0,0,0,0,0,0,7,2411,"202410011509"
"5","PUN",39,0,0,0,0,0,0,0,0,0,0,0,0,2,2411,"202410011509"
"6","RCZ",0,0,0,0,0,0,0,0,0,0,0,0,0,0,2411,"202410011509"
"7","GÓR",0,0,0,0,0,0,0,0,0,0,0,0,0,0,2411,"202410011509"
"8","RAD",0,0,0,0,0,0,0,0,0,0,0,0,0,0,2411,"202410011509"
"9","JAG",0,0,0,0,0,0,0,0,0,0,0,0,0,0,2411,"202410011509"
"10","WID",0,0,0,0,0,0,0,0,0,0,0,0,0,0,2411,"202410011509"
"11","STM",0,0,0,0,0,0,0,0,0,0,0,0,0,0,2411,"202410011509"
"12","LEG",0,0,0,0,0,0,0,0,0,0,0,0,0,0,2411,"202410011509"
"13","PIA",0,0,0,0,0,0,0,0,0,0,0,0,0,0,2411,"202410011509"
"14","CRA",0,0,0,0,0,0,0,0,0,0,0,0,0,0,2411,"202410011509"
"15","KOR",0,0,0,0,0,0,0,0,0,0,0,0,0,0,2411,"202410011509"
"16","POG",0,0,0,0,0,0,0,0,0,0,0,0,0,0,2411,"202410011509"
"17","GKS",0,0,0,0,0,0,0,0,0,0,0,0,0,0,2411,"202410011509"
"18","ŚLA",0,0,0,0,0,0,0,0,0,0,0,0,0,0,2411,"202410011509"
"SUMA","EMPTY",227,1,0,0,0,0,0,0,0,0,0,0,0,12,2411,"202410011509"
"1","JAG",1,0,0,0,0,0,0,0,0,0,0,0,0,1,2432,"202410011509"
"2","GÓR",0,0,0,0,0,0,0,0,0,0,0,0,0,0,2432,"202410011509"
"3","ZAG",45,0,0,0,0,0,0,0,0,0,0,1,0,0,2432,"202410011509"
"4","LEG",45,1,0,0,0,0,0,0,0,0,0,1,0,6,2432,"202410011509"
"5","LGD",67,0,0,0,0,0,0,0,0,0,0,1,0,2,2432,"202410011509"
"6","MOT",45,0,0,0,0,0,0,0,0,0,0,0,0,2,2432,"202410011509"
"7","KOR",30,0,0,0,0,0,0,0,0,0,0,0,0,1,2432,"202410011509"
"8","PIA",0,0,0,0,0,0,0,0,0,0,0,0,0,0,2432,"202410011509"
"9","CRA",0,0,0,0,0,0,0,0,0,0,0,0,0,0,2432,"202410011509"
"10","RCZ",0,0,0,0,0,0,0,0,0,0,0,0,0,0,2432,"202410011509"
"11","GKS",0,0,0,0,0,0,0,0,0,0,0,0,0,0,2432,"202410011509"
"12","RAD",0,0,0,0,0,0,0,0,0,0,0,0,0,0,2432,"202410011509"
"13","POG",0,0,0,0,0,0,0,0,0,0,0,0,0,0,2432,"202410011509"
"14","LPO",0,0,0,0,0,0,0,0,0,0,0,0,0,0,2432,"202410011509"
"15","STM",0,0,0,0,0,0,0,0,0,0,0,0,0,0,2432,"202410011509"
"16","WID",0,0,0,0,0,0,0,0,0,0,0,0,0,0,2432,"202410011509"
"17","ŚLA",0,0,0,0,0,0,0,0,0,0,0,0,0,0,2432,"202410011509"
"18","JAG",0,0,0,0,0,0,0,0,0,0,0,0,0,0,2432,"202410011509"
"SUMA","EMPTY",233,1,0,0,0,0,0,0,0,0,0,3,0,12,2432,"202410011509"
"1","ŚLA",3,0,0,0,0,0,0,0,0,0,0,0,0,1,2463,"202410011509"
"2","MOT",1,0,0,0,0,0,0,0,0,0,0,0,0,1,2463,"202410011509"
"3","LPO",45,1,0,0,0,0,0,0,0,0,0,0,0,7,2463,"202410011509"
"4","ZAG",81,0,0,0,0,0,0,0,0,0,0,1,0,1,2463,"202410011509"
"5","PUN",58,0,0,0,0,0,0,0,0,0,0,0,0,1,2463,"202410011509"
"6","RCZ",2,0,0,0,0,0,0,0,0,0,0,0,0,1,2463,"202410011509"
"7","GÓR",0,0,0,0,0,0,0,0,0,0,0,0,0,0,2463,"202410011509"
"8","RAD",0,0,0,0,0,0,0,0,0,0,0,0,0,0,2463,"202410011509"
"9","JAG",0,0,0,0,0,0,0,0,0,0,0,0,0,0,2463,"202410011509"
"10","WID",0,0,0,0,0,0,0,0,0,0,0,0,0,0,2463,"202410011509"
"11","STM",0,0,0,0,0,0,0,0,0,0,0,0,0,0,2463,"202410011509"
"12","LEG",0,0,0,0,0,0,0,0,0,0,0,0,0,0,2463,"202410011509"
"13","PIA",0,0,0,0,0,0,0,0,0,0,0,0,0,0,2463,"202410011509"
"14","CRA",0,0,0,0,0,0,0,0,0,0,0,0,0,0,2463,"202410011509"
"15","KOR",0,0,0,0,0,0,0,0,0,0,0,0,0,0,2463,"202410011509"
"16","POG",0,0,0,0,0,0,0,0,0,0,0,0,0,0,2463,"202410011509"
"17","GKS",0,0,0,0,0,0,0,0,0,0,0,0,0,0,2463,"202410011509"
"18","ŚLA",0,0,0,0,0,0,0,0,0,0,0,0,0,0,2463,"202410011509"
"SUMA","EMPTY",190,1,0,0,0,0,0,0,0,0,0,1,0,12,2463,"202410011509"
"3","KOR",0,0,0,0,0,0,0,0,0,0,0,0,0,0,2482,"202410011509"
"5","GKS",0,0,0,0,0,0,0,0,0,0,0,0,0,0,2482,"202410011509"
"6","PUN",0,0,0,0,0,0,0,0,0,0,0,0,0,0,2482,"202410011509"
"7","LEG",45,0,0,0,0,0,0,0,0,0,0,0,0,1,2482,"202410011509"
"8","GÓR",73,0,0,0,0,0,0,0,0,0,0,0,0,4,2482,"202410011509"
"9","JAG",79,0,0,0,0,0,0,0,0,0,0,0,0,2,2482,"202410011509"
"9","STM",62,0,0,0,0,0,0,0,0,0,0,0,0,2,2482,"202410011509"
"10","ŚLA",90,0,0,0,0,0,0,0,0,0,0,0,0,3,2482,"202410011509"
"11","LPO",0,0,0,0,0,0,0,0,0,0,0,0,0,0,2482,"202410011509"
"12","WID",0,0,0,0,0,0,0,0,0,0,0,0,0,0,2482,"202410011509"
"13","CRA",0,0,0,0,0,0,0,0,0,0,0,0,0,0,2482,"202410011509"
"14","POG",0,0,0,0,0,0,0,0,0,0,0,0,0,0,2482,"202410011509"
"15","PIA",0,0,0,0,0,0,0,0,0,0,0,0,0,0,2482,"202410011509"
"16","ZAG",0,0,0,0,0,0,0,0,0,0,0,0,0,0,2482,"202410011509"
"17","RAD",0,0,0,0,0,0,0,0,0,0,0,0,0,0,2482,"202410011509"
"18","RCZ",0,0,0,0,0,0,0,0,0,0,0,0,0,0,2482,"202410011509"
"SUMA","EMPTY",349,0,0,0,0,0,0,0,0,0,0,0,0,12,2482,"202410011509"
"1","LEG",0,0,0,0,0,0,0,0,0,0,0,0,0,0,1771,"202410011509"
"2","POG",0,0,0,0,0,0,0,0,0,0,0,0,0,0,1771,"202410011509"
"3","PUN",0,0,0,0,0,0,0,0,0,0,0,0,0,0,1771,"202410011509"
"4","LGD",9,0,0,0,0,0,0,0,0,0,0,0,0,1,1771,"202410011509"
"5","LPO",30,0,0,0,0,0,0,0,0,0,0,0,0,1,1771,"202410011509"
"6","PIA",0,0,0,0,0,0,0,0,0,0,0,0,0,0,1771,"202410011509"
"7","GKS",7,0,0,0,0,0,0,0,0,0,0,0,0,2,1771,"202410011509"
"8","KOR",45,0,0,0,0,0,0,0,0,0,0,0,0,1,1771,"202410011509"
"9","RCZ",75,0,0,0,0,0,0,0,0,0,0,0,0,1,1771,"202410011509"
"10","RAD",90,0,0,0,0,0,0,0,0,0,0,0,0,6,1771,"202410011509"
"11","GÓR",0,0,0,0,0,0,0,0,0,0,0,0,0,0,1771,"202410011509"
"12","JAG",0,0,0,0,0,0,0,0,0,0,0,0,0,0,1771,"202410011509"
"13","STM",0,0,0,0,0,0,0,0,0,0,0,0,0,0,1771,"202410011509"
"14","ŚLA",0,0,0,0,0,0,0,0,0,0,0,0,0,0,1771,"202410011509"
"15","WID",0,0,0,0,0,0,0,0,0,0,0,0,0,0,1771,"202410011509"
"16","MOT",0,0,0,0,0,0,0,0,0,0,0,0,0,0,1771,"202410011509"
"17","CRA",0,0,0,0,0,0,0,0,0,0,0,0,0,0,1771,"202410011509"
"18","LEG",0,0,0,0,0,0,0,0,0,0,0,0,0,0,1771,"202410011509"
"SUMA","EMPTY",256,0,0,0,0,0,0,0,0,0,0,0,0,12,1771,"202410011509"
"2023/24 - wiosna","EMPTY",276,0,1,0,0,0,0,0,0,0,0,0,0,13,1771,"202410011509"
"2023/24 - jesień","EMPTY",1011,1,0,0,0,0,0,1,0,0,0,4,1,27,1771,"202410011509"
"2022/23 - wiosna","EMPTY",1353,0,1,0,0,0,0,0,0,0,0,2,0,55,1771,"202410011509"
"2022/23 - jesień","EMPTY",439,0,1,0,0,0,0,1,0,0,0,1,0,7,1771,"202410011509"
"2021/22 - wiosna","EMPTY",186,0,0,0,0,0,0,0,0,0,0,0,0,9,1771,"202410011509"
"2021/22 - jesień","EMPTY",36,0,0,0,0,0,0,0,0,0,0,0,0,2,1771,"202410011509"
"1","GKS",90,0,0,0,0,0,0,0,0,0,0,0,0,3,1781,"202410011509"
"2","JAG",90,0,0,0,0,0,0,0,0,0,0,0,0,0,1781,"202410011509"
"4","GÓR",90,0,0,0,0,0,0,0,0,0,0,0,0,1,1781,"202410011509"
"5","LEG",90,0,0,0,0,0,0,0,0,0,0,1,0,-2,1781,"202410011509"
"6","WID",89,0,0,0,0,0,0,0,0,0,0,1,1,-3,1781,"202410011509"
"7","CRA",90,0,0,0,0,0,0,0,0,0,0,0,0,3,1781,"202410011509"
"8","LGD",90,0,0,0,0,0,0,0,0,0,0,0,0,2,1781,"202410011509"
"9","KOR",84,0,0,0,0,0,0,0,0,0,0,0,0,6,1781,"202410011509"
"10","ZAG",90,0,0,0,0,0,0,0,0,0,0,0,0,2,1781,"202410011509"
"11","RCZ",0,0,0,0,0,0,0,0,0,0,0,0,0,0,1781,"202410011509"
"12","PUN",0,0,0,0,0,0,0,0,0,0,0,0,0,0,1781,"202410011509"
"13","LPO",0,0,0,0,0,0,0,0,0,0,0,0,0,0,1781,"202410011509"
"14","PIA",0,0,0,0,0,0,0,0,0,0,0,0,0,0,1781,"202410011509"
"15","POG",0,0,0,0,0,0,0,0,0,0,0,0,0,0,1781,"202410011509"
"16","STM",0,0,0,0,0,0,0,0,0,0,0,0,0,0,1781,"202410011509"
"17","MOT",0,0,0,0,0,0,0,0,0,0,0,0,0,0,1781,"202410011509"
"18","ŚLA",0,0,0,0,0,0,0,0,0,0,0,0,0,0,1781,"202410011509"
"18","GKS",0,0,0,0,0,0,0,0,0,0,0,0,0,0,1781,"202410011509"
"SUMA","EMPTY",803,0,0,0,0,0,0,0,0,0,0,2,1,12,1781,"202410011509"
"2023/24 - wiosna","EMPTY",1260,0,0,0,0,0,0,0,0,0,0,3,0,18,1781,"202410011509"
"2023/24 - jesień","EMPTY",1319,1,0,0,0,0,0,0,0,0,0,8,0,41,1781,"202410011509"
"2022/23 - wiosna","EMPTY",1082,1,0,0,0,0,0,0,0,0,0,5,0,41,1781,"202410011509"
"2022/23 - jesień","EMPTY",1439,1,0,0,0,0,0,0,0,0,0,5,1,39,1781,"202410011509"
"2021/22 - wiosna","EMPTY",1290,1,0,0,0,0,0,1,0,0,0,3,0,30,1781,"202410011509"
"2021/22 - jesień","EMPTY",1731,1,0,0,0,0,1,1,0,0,0,3,0,61,1781,"202410011509"
"1","ZAG",12,0,0,0,0,0,0,0,0,0,0,0,0,2,535,"202410011509"
"2","KOR",0,0,0,0,0,0,0,0,0,0,0,0,0,0,535,"202410011509"
"3","PIA",0,0,0,0,0,0,0,0,0,0,0,0,0,0,535,"202410011509"
"4","PUN",80,0,0,0,0,0,0,0,0,0,0,0,0,1,535,"202410011509"
"5","RAD",66,0,0,0,0,0,0,0,0,0,0,0,0,3,535,"202410011509"
"6","ŚLA",45,0,0,0,0,0,0,0,0,0,0,0,0,2,535,"202410011509"
"7","MOT",0,0,0,0,0,0,0,0,0,0,0,0,0,0,535,"202410011509"
"8","RCZ",81,0,0,0,0,0,0,0,0,0,0,0,0,2,535,"202410011509"
"9","POG",90,0,0,0,0,0,0,0,0,0,0,1,0,1,535,"202410011509"
"10","GÓR",0,0,0,0,0,0,0,0,0,0,0,0,0,0,535,"202410011509"
"11","JAG",0,0,0,0,0,0,0,0,0,0,0,0,0,0,535,"202410011509"
"12","LGD",0,0,0,0,0,0,0,0,0,0,0,0,0,0,535,"202410011509"
"13","GKS",0,0,0,0,0,0,0,0,0,0,0,0,0,0,535,"202410011509"
"14","WID",0,0,0,0,0,0,0,0,0,0,0,0,0,0,535,"202410011509"
"15","LPO",0,0,0,0,0,0,0,0,0,0,0,0,0,0,535,"202410011509"
"16","CRA",0,0,0,0,0,0,0,0,0,0,0,0,0,0,535,"202410011509"
"17","STM",0,0,0,0,0,0,0,0,0,0,0,0,0,0,535,"202410011509"
"18","ZAG",0,0,0,0,0,0,0,0,0,0,0,0,0,0,535,"202410011509"
"SUMA","EMPTY",374,0,0,0,0,0,0,0,0,0,0,1,0,11,535,"202410011509"
"2023/24 - wiosna","EMPTY",519,0,0,0,0,0,0,0,0,0,0,4,0,15,535,"202410011509"
"2023/24 - jesień","EMPTY",819,0,0,0,0,0,0,0,0,0,0,4,2,26,535,"202410011509"
"2022/23 - wiosna","EMPTY",960,0,0,0,0,0,0,0,0,0,0,5,0,32,535,"202410011509"
"2022/23 - jesień","EMPTY",1205,0,0,0,0,0,1,0,0,0,0,7,1,46,535,"202410011509"
"2021/22 - wiosna","EMPTY",498,0,0,0,0,0,0,0,0,0,0,3,0,9,535,"202410011509"
"2021/22 - jesień","EMPTY",1001,0,0,0,0,0,0,0,0,0,0,6,0,16,535,"202410011509"
"2020/21 - wiosna","EMPTY",1257,0,0,0,0,0,0,1,0,0,0,3,0,55,535,"202410011509"
"2020/21 - jesień","EMPTY",1346,0,1,0,0,0,0,2,0,0,0,4,0,43,535,"202410011509"
"2019/20 - wiosna","EMPTY",1158,0,0,0,0,0,0,1,0,0,0,5,0,34,535,"202410011509"
"2019/20 - jesień","EMPTY",1530,0,0,0,0,0,0,1,0,0,0,5,0,69,535,"202410011509"
"2018/19 - wiosna","EMPTY",1440,1,0,0,0,0,0,0,0,0,0,6,0,62,535,"202410011509"
"2018/19 - jesień","EMPTY",1336,2,0,0,0,0,0,0,0,0,0,4,0,75,535,"202410011509"
"2017/18 - wiosna","EMPTY",885,0,0,0,0,0,0,0,0,0,0,4,0,39,535,"202410011509"
"2017/18 - jesień","EMPTY",814,0,1,0,0,0,0,0,0,0,0,2,0,39,535,"202410011509"
"2016/17 - wiosna","EMPTY",1440,1,1,0,0,0,0,1,0,0,0,4,0,86,535,"202410011509"
"2016/17 - jesień","EMPTY",0,0,0,0,0,0,0,0,0,0,0,0,0,0,535,"202410011509"
"1","LGD",84,0,0,0,0,0,0,0,0,0,0,0,0,2,1092,"202410011509"
"2","PIA",19,0,0,0,0,0,0,0,0,0,0,0,0,1,1092,"202410011509"
"4","WID",24,0,0,0,0,0,0,0,0,0,0,0,0,1,1092,"202410011509"
"5","KOR",0,0,0,0,0,0,0,0,0,0,0,0,0,0,1092,"202410011509"
"6","LEG",0,0,0,0,0,0,0,0,0,0,0,0,0,0,1092,"202410011509"
"7","POG",0,0,0,0,0,0,0,0,0,0,0,0,0,0,1092,"202410011509"
"8","STM",0,0,0,0,0,0,0,0,0,0,0,0,0,0,1092,"202410011509"
"9","LPO",77,0,0,0,0,0,0,0,0,0,0,0,0,2,1092,"202410011509"
"10","MOT",88,0,1,0,0,0,0,0,0,0,0,0,0,5,1092,"202410011509"
"11","CRA",0,0,0,0,0,0,0,0,0,0,0,0,0,0,1092,"202410011509"
"12","GKS",0,0,0,0,0,0,0,0,0,0,0,0,0,0,1092,"202410011509"
"13","RCZ",0,0,0,0,0,0,0,0,0,0,0,0,0,0,1092,"202410011509"
"14","ZAG",0,0,0,0,0,0,0,0,0,0,0,0,0,0,1092,"202410011509"
"15","GÓR",0,0,0,0,0,0,0,0,0,0,0,0,0,0,1092,"202410011509"
"16","JAG",0,0,0,0,0,0,0,0,0,0,0,0,0,0,1092,"202410011509"
"17","PUN",0,0,0,0,0,0,0,0,0,0,0,0,0,0,1092,"202410011509"
"18","RAD",0,0,0,0,0,0,0,0,0,0,0,0,0,0,1092,"202410011509"
"18","LGD",0,0,0,0,0,0,0,0,0,0,0,0,0,0,1092,"202410011509"
"SUMA","EMPTY",292,0,1,0,0,0,0,0,0,0,0,0,0,11,1092,"202410011509"
"2023/24 - wiosna","EMPTY",962,3,4,0,0,0,0,0,0,0,0,1,0,62,1092,"202410011509"
"2023/24 - jesień","EMPTY",973,4,4,1,0,0,1,1,0,0,0,3,0,68,1092,"202410011509"
"2022/23 - wiosna","EMPTY",323,0,0,0,0,0,0,0,0,0,0,2,0,14,1092,"202410011509"
"2022/23 - jesień","EMPTY",488,1,1,0,0,0,0,0,0,0,0,1,0,27,1092,"202410011509"
"2021/22 - wiosna","EMPTY",0,0,0,0,0,0,0,0,0,0,0,0,0,0,1092,"202410011509"
"2021/22 - jesień","EMPTY",0,0,0,0,0,0,0,0,0,0,0,0,0,0,1092,"202410011509"
"2020/21 - wiosna","EMPTY",0,0,0,0,0,0,0,0,0,0,0,0,0,0,1092,"202410011509"
"2020/21 - jesień","EMPTY",178,0,0,0,0,0,0,0,0,0,0,0,0,12,1092,"202410011509"
"2019/20 - wiosna","EMPTY",105,0,0,0,0,0,0,0,0,0,0,0,0,8,1092,"202410011509"
"2019/20 - jesień","EMPTY",46,0,0,0,0,0,0,0,0,0,0,1,0,11,1092,"202410011509"
"2018/19 - wiosna","EMPTY",0,0,0,0,0,0,0,0,0,0,0,0,0,0,1092,"202410011509"
"2018/19 - jesień","EMPTY",3,0,0,0,0,0,0,0,0,0,0,0,0,3,1092,"202410011509"
"1","ZAG",0,0,0,0,0,0,0,0,0,0,0,0,0,0,1360,"202410011509"
"2","KOR",31,0,0,0,0,0,0,0,0,0,0,0,0,2,1360,"202410011509"
"3","PIA",0,0,0,0,0,0,0,0,0,0,0,0,0,0,1360,"202410011509"
"4","PUN",90,0,0,0,0,0,0,0,0,0,0,0,0,1,1360,"202410011509"
"5","RAD",10,0,0,0,0,0,0,0,0,0,0,0,0,2,1360,"202410011509"
"6","ŚLA",0,0,0,0,0,0,0,0,0,0,0,0,0,0,1360,"202410011509"
"7","MOT",13,0,0,0,0,0,0,0,0,0,0,0,0,2,1360,"202410011509"
"8","RCZ",0,0,0,0,0,0,0,0,0,0,0,0,0,0,1360,"202410011509"
"9","POG",74,0,0,0,0,0,0,0,0,0,0,0,0,2,1360,"202410011509"
"10","GÓR",78,0,0,0,0,0,0,0,0,0,0,0,0,2,1360,"202410011509"
"11","JAG",0,0,0,0,0,0,0,0,0,0,0,0,0,0,1360,"202410011509"
"12","LGD",0,0,0,0,0,0,0,0,0,0,0,0,0,0,1360,"202410011509"
"13","GKS",0,0,0,0,0,0,0,0,0,0,0,0,0,0,1360,"202410011509"
"14","WID",0,0,0,0,0,0,0,0,0,0,0,0,0,0,1360,"202410011509"
"15","LPO",0,0,0,0,0,0,0,0,0,0,0,0,0,0,1360,"202410011509"
"16","CRA",0,0,0,0,0,0,0,0,0,0,0,0,0,0,1360,"202410011509"
"17","STM",0,0,0,0,0,0,0,0,0,0,0,0,0,0,1360,"202410011509"
"18","ZAG",0,0,0,0,0,0,0,0,0,0,0,0,0,0,1360,"202410011509"
"SUMA","EMPTY",296,0,0,0,0,0,0,0,0,0,0,0,0,11,1360,"202410011509"
"2023/24 - wiosna","EMPTY",1236,4,5,0,0,1,0,1,0,0,0,2,1,69,1360,"202410011509"
"2023/24 - jesień","EMPTY",1302,3,5,0,0,1,0,0,0,0,0,3,0,72,1360,"202410011509"
"2022/23 - wiosna","EMPTY",1489,5,4,0,0,0,0,0,1,0,0,2,0,83,1360,"202410011509"
"2022/23 - jesień","EMPTY",978,2,0,0,0,1,0,0,0,0,0,0,0,45,1360,"202410011509"
"2021/22 - wiosna","EMPTY",1161,4,2,0,0,2,0,0,0,0,0,3,0,65,1360,"202410011509"
"2021/22 - jesień","EMPTY",1582,0,0,0,0,0,0,0,0,0,0,3,0,29,1360,"202410011509"
"2020/21 - wiosna","EMPTY",1145,0,0,0,0,0,0,0,0,0,0,2,0,26,1360,"202410011509"
"2020/21 - jesień","EMPTY",986,2,1,0,0,0,0,0,0,0,0,0,0,41,1360,"202410011509"
"2019/20 - wiosna","EMPTY",94,0,0,0,0,0,0,0,0,0,0,1,0,1,1360,"202410011509"
"1","RCZ",0,0,0,0,0,0,0,0,0,0,0,0,0,0,1618,"202410011509"
"2","LGD",0,0,0,0,0,0,0,0,0,0,0,0,0,0,1618,"202410011509"
"3","KOR",0,0,0,0,0,0,0,0,0,0,0,0,0,0,1618,"202410011509"
"5","GKS",0,0,0,0,0,0,0,0,0,0,0,0,0,0,1618,"202410011509"
"6","PUN",0,0,0,0,0,0,0,0,0,0,0,0,0,0,1618,"202410011509"
"7","LEG",0,0,0,0,0,0,0,0,0,0,0,0,0,0,1618,"202410011509"
"8","GÓR",66,0,0,0,0,0,0,0,0,0,0,0,0,6,1618,"202410011509"
"9","JAG",90,0,0,0,0,0,0,0,0,0,0,0,0,1,1618,"202410011509"
"9","STM",16,0,0,0,0,0,0,0,0,0,0,0,0,1,1618,"202410011509"
"10","ŚLA",73,0,0,0,0,0,0,0,0,0,0,0,0,3,1618,"202410011509"
"11","LPO",0,0,0,0,0,0,0,0,0,0,0,0,0,0,1618,"202410011509"
"12","WID",0,0,0,0,0,0,0,0,0,0,0,0,0,0,1618,"202410011509"
"13","CRA",0,0,0,0,0,0,0,0,0,0,0,0,0,0,1618,"202410011509"
"14","POG",0,0,0,0,0,0,0,0,0,0,0,0,0,0,1618,"202410011509"
"15","PIA",0,0,0,0,0,0,0,0,0,0,0,0,0,0,1618,"202410011509"
"16","ZAG",0,0,0,0,0,0,0,0,0,0,0,0,0,0,1618,"202410011509"
"17","RAD",0,0,0,0,0,0,0,0,0,0,0,0,0,0,1618,"202410011509"
"18","RCZ",0,0,0,0,0,0,0,0,0,0,0,0,0,0,1618,"202410011509"
"SUMA","EMPTY",245,0,0,0,0,0,0,0,0,0,0,0,0,11,1618,"202410011509"
"2023/24 - wiosna","EMPTY",0,0,0,0,0,0,0,0,0,0,0,0,0,0,1618,"202410011509"
"2023/24 - jesień","EMPTY",0,0,0,0,0,0,0,0,0,0,0,0,0,0,1618,"202410011509"
"2022/23 - wiosna","EMPTY",0,0,0,0,0,0,0,0,0,0,0,0,0,0,1618,"202410011509"
"2022/23 - jesień","EMPTY",0,0,0,0,0,0,0,0,0,0,0,0,0,0,1618,"202410011509"
"2021/22 - wiosna","EMPTY",0,0,0,0,0,0,0,0,0,0,0,0,0,0,1618,"202410011509"
"2021/22 - jesień","EMPTY",0,0,0,0,0,0,0,0,0,0,0,0,0,0,1618,"202410011509"
"2020/21 - wiosna","EMPTY",40,0,0,0,0,0,0,0,0,0,0,0,0,3,1618,"202410011509"
"1","LGD",0,0,0,0,0,0,0,0,0,0,0,0,0,0,111,"202410011509"
"2","PIA",0,0,0,0,0,0,0,0,0,0,0,0,0,0,111,"202410011509"
"4","WID",84,0,0,0,0,0,0,0,0,0,0,0,0,3,111,"202410011509"
"5","KOR",45,0,0,0,0,0,0,0,0,0,0,0,0,2,111,"202410011509"
"6","LEG",83,0,0,0,0,0,0,0,0,0,0,0,0,2,111,"202410011509"
"7","POG",65,0,0,0,0,0,0,0,0,0,0,0,0,2,111,"202410011509"
"8","STM",0,0,0,0,0,0,0,0,0,0,0,0,0,0,111,"202410011509"
"9","LPO",29,0,0,0,0,0,0,0,0,0,0,0,0,1,111,"202410011509"
"10","MOT",90,0,0,0,0,0,0,0,0,0,0,1,0,1,111,"202410011509"
"11","CRA",0,0,0,0,0,0,0,0,0,0,0,0,0,0,111,"202410011509"
"12","GKS",0,0,0,0,0,0,0,0,0,0,0,0,0,0,111,"202410011509"
"13","RCZ",0,0,0,0,0,0,0,0,0,0,0,0,0,0,111,"202410011509"
"14","ZAG",0,0,0,0,0,0,0,0,0,0,0,0,0,0,111,"202410011509"
"15","GÓR",0,0,0,0,0,0,0,0,0,0,0,0,0,0,111,"202410011509"
"16","JAG",0,0,0,0,0,0,0,0,0,0,0,0,0,0,111,"202410011509"
"17","PUN",0,0,0,0,0,0,0,0,0,0,0,0,0,0,111,"202410011509"
"18","RAD",0,0,0,0,0,0,0,0,0,0,0,0,0,0,111,"202410011509"
"18","LGD",0,0,0,0,0,0,0,0,0,0,0,0,0,0,111,"202410011509"
"SUMA","EMPTY",396,0,0,0,0,0,0,0,0,0,0,1,0,11,111,"202410011509"
"2023/24 - wiosna","EMPTY",162,1,0,0,0,0,0,0,0,0,0,0,0,12,111,"202410011509"
"2023/24 - jesień","EMPTY",657,0,2,0,0,0,0,0,0,0,0,3,0,34,111,"202410011509"
"2022/23 - wiosna","EMPTY",366,1,0,0,0,1,1,0,0,0,0,2,0,28,111,"202410011509"
"2022/23 - jesień","EMPTY",0,0,0,0,0,0,0,0,0,0,0,0,0,0,111,"202410011509"
"2021/22 - wiosna","EMPTY",84,0,1,0,0,0,0,0,0,0,0,1,0,10,111,"202410011509"
"2021/22 - jesień","EMPTY",322,3,0,0,0,1,0,0,0,0,0,2,0,26,111,"202410011509"
"2020/21 - wiosna","EMPTY",606,3,2,0,0,0,0,0,0,0,0,0,0,49,111,"202410011509"
"2020/21 - jesień","EMPTY",946,3,5,0,0,0,0,0,0,0,0,3,0,61,111,"202410011509"
"2019/20 - wiosna","EMPTY",599,2,0,0,0,0,0,0,0,0,0,3,1,28,111,"202410011509"
"2019/20 - jesień","EMPTY",1237,0,0,0,0,0,1,0,0,0,0,1,0,49,111,"202410011509"
"2018/19 - wiosna","EMPTY",488,2,1,0,0,0,1,0,0,0,0,1,0,38,111,"202410011509"
"2018/19 - jesień","EMPTY",672,1,3,0,0,0,0,0,0,0,0,3,0,48,111,"202410011509"
"2017/18 - wiosna","EMPTY",651,0,2,0,0,0,1,0,0,0,0,0,0,39,111,"202410011509"
"2017/18 - jesień","EMPTY",929,2,0,0,0,0,0,0,0,0,0,2,0,59,111,"202410011509"
"2016/17 - wiosna","EMPTY",300,0,0,0,0,0,0,0,0,0,0,0,0,16,111,"202410011509"
"2016/17 - jesień","EMPTY",633,0,0,0,0,0,0,0,0,0,0,3,0,37,111,"202410011509"
"1","CRA (PIA)",0,0,0,0,0,0,0,0,0,0,0,0,0,0,1669,"202410011509"
"2","ŚLA (PIA)",0,0,0,0,0,0,0,0,0,0,0,0,0,0,1669,"202410011509"
"3","LEG (PIA)",0,0,0,0,0,0,0,0,0,0,0,0,0,0,1669,"202410011509"
"4","GKS (PIA)",0,0,0,0,0,0,0,0,0,0,0,0,0,0,1669,"202410011509"
"5","STM (PIA)",0,0,0,0,0,0,0,0,0,0,0,0,0,0,1669,"202410011509"
"6","ZAG (PIA)",0,0,0,0,0,0,0,0,0,0,0,0,0,0,1669,"202410011509"
"7","RCZ (PIA)",0,0,0,0,0,0,0,0,0,0,0,0,0,0,1669,"202410011509"
"8","ŚLA",0,0,0,0,0,0,0,0,0,0,0,0,0,0,1669,"202410011509"
"9","MOT",75,1,0,0,0,0,0,0,0,0,0,0,0,9,1669,"202410011509"
"10","CRA",60,0,0,0,0,0,0,0,0,0,0,0,0,2,1669,"202410011509"
"11","LGD",0,0,0,0,0,0,0,0,0,0,0,0,0,0,1669,"202410011509"
"12","GÓR",0,0,0,0,0,0,0,0,0,0,0,0,0,0,1669,"202410011509"
"13","ZAG",0,0,0,0,0,0,0,0,0,0,0,0,0,0,1669,"202410011509"
"14","RCZ",0,0,0,0,0,0,0,0,0,0,0,0,0,0,1669,"202410011509"
"15","PUN",0,0,0,0,0,0,0,0,0,0,0,0,0,0,1669,"202410011509"
"16","RAD",0,0,0,0,0,0,0,0,0,0,0,0,0,0,1669,"202410011509"
"17","LEG",0,0,0,0,0,0,0,0,0,0,0,0,0,0,1669,"202410011509"
"18","WID",0,0,0,0,0,0,0,0,0,0,0,0,0,0,1669,"202410011509"
"SUMA","EMPTY",135,1,0,0,0,0,0,0,0,0,0,0,0,11,1669,"202410011509"
"2023/24 - wiosna","EMPTY",293,0,1,1,0,0,0,0,0,0,0,0,0,23,1669,"202410011509"
"2023/24 - jesień","EMPTY",720,3,0,0,0,0,1,0,0,0,0,0,0,42,1669,"202410011509"
"2021/22 - wiosna","EMPTY",779,0,0,0,0,0,0,0,0,0,0,2,0,21,1669,"202410011509"
"2021/22 - jesień","EMPTY",1400,0,1,0,0,0,0,0,0,0,0,2,0,43,1669,"202410011509"
"1","LPO",90,0,0,0,0,0,0,0,0,0,0,1,0,0,166,"202410011509"
"2","PUN",90,0,0,0,0,0,0,0,0,0,0,0,0,1,166,"202410011509"
"3","POG",90,0,0,0,0,0,0,0,0,0,0,0,0,6,166,"202410011509"
"4","RAD",90,0,0,0,0,0,0,0,0,0,0,0,0,3,166,"202410011509"
"5","RCZ",90,0,0,0,0,0,0,0,0,0,0,1,0,4,166,"202410011509"
"6","CRA",57,0,0,0,0,0,0,0,0,0,0,0,1,-3,166,"202410011509"
"7","LGD",0,0,0,0,0,0,0,0,0,0,0,0,0,0,166,"202410011509"
"8","MOT",0,0,0,0,0,0,0,0,0,0,0,0,0,0,166,"202410011509"
"9","GKS",0,0,0,0,0,0,0,0,0,0,0,0,0,0,166,"202410011509"
"10","LEG",0,0,0,0,0,0,0,0,0,0,0,0,0,0,166,"202410011509"
"11","ZAG",0,0,0,0,0,0,0,0,0,0,0,0,0,0,166,"202410011509"
"12","STM",0,0,0,0,0,0,0,0,0,0,0,0,0,0,166,"202410011509"
"13","WID",0,0,0,0,0,0,0,0,0,0,0,0,0,0,166,"202410011509"
"14","JAG",0,0,0,0,0,0,0,0,0,0,0,0,0,0,166,"202410011509"
"15","ŚLA",0,0,0,0,0,0,0,0,0,0,0,0,0,0,166,"202410011509"
"16","PIA",0,0,0,0,0,0,0,0,0,0,0,0,0,0,166,"202410011509"
"17","KOR",0,0,0,0,0,0,0,0,0,0,0,0,0,0,166,"202410011509"
"18","LPO",0,0,0,0,0,0,0,0,0,0,0,0,0,0,166,"202410011509"
"SUMA","EMPTY",507,0,0,0,0,0,0,0,0,0,0,2,1,11,166,"202410011509"
"2023/24 - wiosna","EMPTY",1161,1,0,0,1,0,0,0,0,0,0,3,1,32,166,"202410011509"
"2023/24 - jesień","EMPTY",1710,1,0,0,0,0,0,0,0,0,0,3,0,64,166,"202410011509"
"2022/23 - wiosna","EMPTY",526,0,0,0,0,0,0,0,0,0,0,0,0,19,166,"202410011509"
"2022/23 - jesień","EMPTY",720,0,1,0,0,0,0,0,0,0,0,3,0,19,166,"202410011509"
"2021/22 - wiosna","EMPTY",1342,1,0,0,0,0,0,0,0,0,0,2,0,32,166,"202410011509"
"2021/22 - jesień","EMPTY",1592,1,0,0,0,0,0,0,0,0,0,4,0,46,166,"202410011509"
"2020/21 - wiosna","EMPTY",1269,3,0,0,0,0,0,0,0,0,0,1,0,51,166,"202410011509"
"2020/21 - jesień","EMPTY",388,0,0,0,0,0,0,0,0,0,0,0,0,3,166,"202410011509"
"2019/20 - wiosna","EMPTY",1488,1,0,0,0,0,0,0,0,0,0,2,0,52,166,"202410011509"
"2019/20 - jesień","EMPTY",1497,0,0,0,0,0,0,1,0,0,0,2,0,40,166,"202410011509"
"2018/19 - wiosna","EMPTY",629,0,0,0,0,0,0,0,0,0,0,3,0,19,166,"202410011509"
"2018/19 - jesień","EMPTY",1260,0,1,0,0,0,0,1,0,0,0,1,0,51,166,"202410011509"
"2017/18 - wiosna","EMPTY",757,0,1,0,0,0,0,0,0,0,0,2,0,32,166,"202410011509"
"2017/18 - jesień","EMPTY",1126,0,0,0,0,0,0,1,0,0,0,3,0,51,166,"202410011509"
"2016/17 - wiosna","EMPTY",990,0,0,0,0,0,0,0,0,0,0,5,0,42,166,"202410011509"
"2016/17 - jesień","EMPTY",1402,1,0,0,0,0,0,0,0,0,0,7,0,59,166,"202410011509"
"1","WID",90,0,0,0,0,0,0,0,0,0,0,1,0,1,2220,"202410011509"
"2","GKS",90,0,0,0,0,0,0,0,0,0,0,0,0,2,2220,"202410011509"
"3","JAG",90,0,0,0,0,0,0,0,0,0,0,0,0,1,2220,"202410011509"
"4","POG",90,0,0,0,0,0,0,0,0,0,0,0,0,2,2220,"202410011509"
"5","PIA",90,0,0,0,0,0,0,0,0,0,0,0,0,6,2220,"202410011509"
"6","KOR",90,0,0,0,0,0,0,0,0,0,0,0,0,1,2220,"202410011509"
"7","LPO",89,0,0,0,0,0,0,0,0,0,0,0,1,-2,2220,"202410011509"
"8","ŚLA",0,0,0,0,0,0,0,0,0,0,0,0,0,0,2220,"202410011509"
"9","MOT",0,0,0,0,0,0,0,0,0,0,0,0,0,0,2220,"202410011509"
"10","CRA",0,0,0,0,0,0,0,0,0,0,0,0,0,0,2220,"202410011509"
"11","LGD",0,0,0,0,0,0,0,0,0,0,0,0,0,0,2220,"202410011509"
"12","GÓR",0,0,0,0,0,0,0,0,0,0,0,0,0,0,2220,"202410011509"
"13","ZAG",0,0,0,0,0,0,0,0,0,0,0,0,0,0,2220,"202410011509"
"14","RCZ",0,0,0,0,0,0,0,0,0,0,0,0,0,0,2220,"202410011509"
"15","PUN",0,0,0,0,0,0,0,0,0,0,0,0,0,0,2220,"202410011509"
"16","RAD",0,0,0,0,0,0,0,0,0,0,0,0,0,0,2220,"202410011509"
"17","LEG",0,0,0,0,0,0,0,0,0,0,0,0,0,0,2220,"202410011509"
"18","WID",0,0,0,0,0,0,0,0,0,0,0,0,0,0,2220,"202410011509"
"SUMA","EMPTY",629,0,0,0,0,0,0,0,0,0,0,1,1,11,2220,"202410011509"
"2023/24 - wiosna","EMPTY",1236,0,0,0,0,0,0,1,0,0,0,3,0,41,2220,"202410011509"
"2023/24 - jesień","EMPTY",978,2,0,0,0,0,0,0,0,0,0,1,1,31,2220,"202410011509"
"1","RAD",45,0,0,0,0,0,0,0,0,0,0,0,0,1,964,"202410011509"
"2","STM",72,0,0,0,0,0,0,0,0,0,0,0,0,4,964,"202410011509"
"3","RCZ",17,0,0,0,0,0,0,0,0,0,0,0,0,1,964,"202410011509"
"4","PIA",7,0,0,0,0,0,0,0,0,0,0,0,0,1,964,"202410011509"
"5","MOT",0,0,0,0,0,0,0,0,0,0,0,0,0,0,964,"202410011509"
"6","JAG",9,0,0,0,0,0,0,0,0,0,0,0,0,2,964,"202410011509"
"7","ZAG",10,0,0,0,0,0,0,0,0,0,0,0,0,1,964,"202410011509"
"8","WID",0,0,0,0,0,0,0,0,0,0,0,0,0,0,964,"202410011509"
"9","GÓR",29,0,0,0,0,0,0,0,0,0,0,0,0,1,964,"202410011509"
"10","POG",0,0,0,0,0,0,0,0,0,0,0,0,0,0,964,"202410011509"
"11","PUN",0,0,0,0,0,0,0,0,0,0,0,0,0,0,964,"202410011509"
"12","ŚLA",0,0,0,0,0,0,0,0,0,0,0,0,0,0,964,"202410011509"
"13","LEG",0,0,0,0,0,0,0,0,0,0,0,0,0,0,964,"202410011509"
"14","KOR",0,0,0,0,0,0,0,0,0,0,0,0,0,0,964,"202410011509"
"15","CRA",0,0,0,0,0,0,0,0,0,0,0,0,0,0,964,"202410011509"
"16","LPO",0,0,0,0,0,0,0,0,0,0,0,0,0,0,964,"202410011509"
"17","LGD",0,0,0,0,0,0,0,0,0,0,0,0,0,0,964,"202410011509"
"18","RAD",0,0,0,0,0,0,0,0,0,0,0,0,0,0,964,"202410011509"
"SUMA","EMPTY",189,0,0,0,0,0,0,0,0,0,0,0,0,11,964,"202410011509"
"2023/24 - wiosna","EMPTY",0,0,0,0,0,0,0,0,0,0,0,0,0,0,964,"202410011509"
"2023/24 - jesień","EMPTY",0,0,0,0,0,0,0,0,0,0,0,0,0,0,964,"202410011509"
"2022/23 - wiosna","EMPTY",0,0,0,0,0,0,0,0,0,0,0,0,0,0,964,"202410011509"
"2022/23 - jesień","EMPTY",0,0,0,0,0,0,0,0,0,0,0,0,0,0,964,"202410011509"
"2021/22 - wiosna","EMPTY",0,0,0,0,0,0,0,0,0,0,0,0,0,0,964,"202410011509"
"2021/22 - jesień","EMPTY",0,0,0,0,0,0,0,0,0,0,0,0,0,0,964,"202410011509"
"2020/21 - wiosna","EMPTY",94,0,0,0,0,0,0,0,0,0,0,1,0,10,964,"202410011509"
"2020/21 - jesień","EMPTY",804,2,0,0,0,0,0,0,0,0,0,1,0,36,964,"202410011509"
"2019/20 - wiosna","EMPTY",1430,2,0,0,0,0,1,1,0,0,0,0,1,56,964,"202410011509"
"2019/20 - jesień","EMPTY",1339,0,2,0,0,0,0,0,0,0,0,3,0,61,964,"202410011509"
"2018/19 - wiosna","EMPTY",734,0,1,0,0,0,0,0,0,0,0,1,0,29,964,"202410011509"
"2018/19 - jesień","EMPTY",885,0,0,0,0,0,0,0,0,0,0,1,0,27,964,"202410011509"
"1","WID",86,0,0,0,0,0,0,0,0,0,0,0,0,2,1498,"202410011509"
"2","GKS",76,0,0,0,0,0,0,0,0,0,0,0,0,2,1498,"202410011509"
"3","JAG",28,0,0,0,0,0,0,0,0,0,0,1,0,0,1498,"202410011509"
"4","POG",71,0,0,0,0,0,0,0,0,0,0,1,0,1,1498,"202410011509"
"5","PIA",1,0,0,0,0,0,0,0,0,0,0,0,0,2,1498,"202410011509"
"6","KOR",14,0,0,0,0,0,0,0,0,0,0,0,0,1,1498,"202410011509"
"7","LPO",0,0,0,0,0,0,0,0,0,0,0,0,0,0,1498,"202410011509"
"8","ŚLA",0,0,0,0,0,0,0,0,0,0,0,0,0,0,1498,"202410011509"
"9","MOT",15,0,0,0,0,0,0,0,0,0,0,0,0,2,1498,"202410011509"
"10","CRA",30,0,0,0,0,0,0,0,0,0,0,0,0,1,1498,"202410011509"
"11","LGD",0,0,0,0,0,0,0,0,0,0,0,0,0,0,1498,"202410011509"
"12","GÓR",0,0,0,0,0,0,0,0,0,0,0,0,0,0,1498,"202410011509"
"13","ZAG",0,0,0,0,0,0,0,0,0,0,0,0,0,0,1498,"202410011509"
"14","RCZ",0,0,0,0,0,0,0,0,0,0,0,0,0,0,1498,"202410011509"
"15","PUN",0,0,0,0,0,0,0,0,0,0,0,0,0,0,1498,"202410011509"
"16","RAD",0,0,0,0,0,0,0,0,0,0,0,0,0,0,1498,"202410011509"
"17","LEG",0,0,0,0,0,0,0,0,0,0,0,0,0,0,1498,"202410011509"
"18","WID",0,0,0,0,0,0,0,0,0,0,0,0,0,0,1498,"202410011509"
"SUMA","EMPTY",321,0,0,0,0,0,0,0,0,0,0,2,0,11,1498,"202410011509"
"2023/24 - wiosna","EMPTY",0,0,0,0,0,0,0,0,0,0,0,0,0,0,1498,"202410011509"
"2023/24 - jesień","EMPTY",0,0,0,0,0,0,0,0,0,0,0,0,0,0,1498,"202410011509"
"2022/23 - wiosna","EMPTY",313,1,0,0,0,0,0,0,0,0,0,0,0,20,1498,"202410011509"
"2022/23 - jesień","EMPTY",730,1,1,0,0,0,0,0,0,0,0,2,0,38,1498,"202410011509"
"2021/22 - wiosna","EMPTY",371,0,0,0,0,0,0,0,0,0,0,1,0,16,1498,"202410011509"
"2021/22 - jesień","EMPTY",528,0,0,0,0,0,0,0,0,0,0,2,0,18,1498,"202410011509"
"2020/21 - wiosna","EMPTY",0,0,0,0,0,0,0,0,0,0,0,0,0,0,1498,"202410011509"
"2020/21 - jesień","EMPTY",0,0,0,0,0,0,0,0,0,0,0,0,0,0,1498,"202410011509"
"1","POG",86,0,0,0,0,0,0,0,0,0,0,1,0,1,1529,"202410011509"
"2","LEG",64,0,0,0,0,0,0,0,0,0,0,1,0,1,1529,"202410011509"
"3","MOT",84,0,0,0,0,0,0,0,0,0,0,0,0,2,1529,"202410011509"
"4","CRA",70,0,0,0,0,0,0,0,0,0,0,1,0,1,1529,"202410011509"
"5","ŚLA",21,0,0,0,0,0,0,0,0,0,0,0,0,1,1529,"202410011509"
"6","STM",0,0,0,0,0,0,0,0,0,0,0,0,0,0,1529,"202410011509"
"7","PUN",0,0,0,0,0,0,0,0,0,0,0,0,0,0,1529,"202410011509"
"8","ZAG",28,0,0,0,0,0,0,0,0,0,0,0,0,2,1529,"202410011509"
"9","RAD",45,0,0,0,0,0,0,0,0,0,0,0,0,1,1529,"202410011509"
"10","LPO",76,0,0,0,0,0,0,0,0,0,0,0,0,2,1529,"202410011509"
"11","WID",0,0,0,0,0,0,0,0,0,0,0,0,0,0,1529,"202410011509"
"12","PIA",0,0,0,0,0,0,0,0,0,0,0,0,0,0,1529,"202410011509"
"13","JAG",0,0,0,0,0,0,0,0,0,0,0,0,0,0,1529,"202410011509"
"14","GKS",0,0,0,0,0,0,0,0,0,0,0,0,0,0,1529,"202410011509"
"15","LGD",0,0,0,0,0,0,0,0,0,0,0,0,0,0,1529,"202410011509"
"16","RCZ",0,0,0,0,0,0,0,0,0,0,0,0,0,0,1529,"202410011509"
"17","GÓR",0,0,0,0,0,0,0,0,0,0,0,0,0,0,1529,"202410011509"
"18","POG",0,0,0,0,0,0,0,0,0,0,0,0,0,0,1529,"202410011509"
"SUMA","EMPTY",474,0,0,0,0,0,0,0,0,0,0,3,0,11,1529,"202410011509"
"2023/24 - wiosna","EMPTY",401,0,0,0,0,0,0,0,0,0,0,2,0,13,1529,"202410011509"
"2023/24 - jesień","EMPTY",234,2,0,0,0,0,0,0,0,0,0,1,0,30,1529,"202410011509"
"2022/23 - wiosna","EMPTY",26,0,0,0,0,0,0,0,0,0,0,1,0,1,1529,"202410011509"
"2022/23 - jesień","EMPTY",158,0,1,0,0,0,0,0,0,0,0,3,0,15,1529,"202410011509"
"2021/22 - wiosna","EMPTY",412,1,0,0,0,0,0,0,0,0,0,3,0,29,1529,"202410011509"
"2021/22 - jesień","EMPTY",127,0,1,0,0,0,0,0,0,0,0,0,0,13,1529,"202410011509"
"2020/21 - wiosna","EMPTY",51,0,0,0,0,0,0,0,0,0,0,0,0,4,1529,"202410011509"
"2020/21 - jesień","EMPTY",38,0,0,0,0,0,0,0,0,0,0,0,0,2,1529,"202410011509"
"1","ZAG",0,0,0,0,0,0,0,0,0,0,0,0,0,0,1800,"202410011509"
"2","KOR",31,0,0,0,0,0,0,0,0,0,0,0,0,2,1800,"202410011509"
"3","PIA",26,0,0,0,0,0,0,0,0,0,0,0,0,1,1800,"202410011509"
"4","PUN",0,0,0,0,0,0,0,0,0,0,0,0,0,0,1800,"202410011509"
"5","RAD",0,0,0,0,0,0,0,0,0,0,0,0,0,0,1800,"202410011509"
"6","ŚLA",0,0,0,0,0,0,0,0,0,0,0,0,0,0,1800,"202410011509"
"7","MOT",31,0,1,0,0,0,0,0,0,0,0,0,0,5,1800,"202410011509"
"8","RCZ",45,0,0,0,0,0,0,0,0,0,0,1,0,0,1800,"202410011509"
"9","POG",68,0,0,0,0,0,0,0,0,0,0,1,0,1,1800,"202410011509"
"10","GÓR",12,0,0,0,0,0,0,0,0,0,0,0,0,1,1800,"202410011509"
"11","JAG",0,0,0,0,0,0,0,0,0,0,0,0,0,0,1800,"202410011509"
"12","LGD",0,0,0,0,0,0,0,0,0,0,0,0,0,0,1800,"202410011509"
"13","GKS",0,0,0,0,0,0,0,0,0,0,0,0,0,0,1800,"202410011509"
"14","WID",0,0,0,0,0,0,0,0,0,0,0,0,0,0,1800,"202410011509"
"15","LPO",0,0,0,0,0,0,0,0,0,0,0,0,0,0,1800,"202410011509"
"16","CRA",0,0,0,0,0,0,0,0,0,0,0,0,0,0,1800,"202410011509"
"17","STM",0,0,0,0,0,0,0,0,0,0,0,0,0,0,1800,"202410011509"
"18","ZAG",0,0,0,0,0,0,0,0,0,0,0,0,0,0,1800,"202410011509"
"SUMA","EMPTY",213,0,1,0,0,0,0,0,0,0,0,2,0,10,1800,"202410011509"
"2023/24 - wiosna","EMPTY",378,0,0,0,0,0,0,0,0,0,0,0,0,15,1800,"202410011509"
"2023/24 - jesień","EMPTY",587,0,0,1,0,0,0,0,0,0,0,5,0,26,1800,"202410011509"
"2022/23 - wiosna","EMPTY",248,0,0,0,0,0,0,0,0,0,0,1,0,13,1800,"202410011509"
"2022/23 - jesień","EMPTY",0,0,0,0,0,0,0,0,0,0,0,0,0,0,1800,"202410011509"
"2021/22 - wiosna","EMPTY",526,0,0,0,0,0,0,0,0,0,0,3,0,23,1800,"202410011509"
"2021/22 - jesień","EMPTY",42,0,0,0,0,0,0,0,0,0,0,0,0,4,1800,"202410011509"
"1","POG",0,0,0,0,0,0,0,0,0,0,0,0,0,0,2315,"202410011509"
"2","LEG",0,0,0,0,0,0,0,0,0,0,0,0,0,0,2315,"202410011509"
"3","MOT",0,0,0,0,0,0,0,0,0,0,0,0,0,0,2315,"202410011509"
"4","CRA",31,0,0,0,0,0,0,0,0,0,0,0,0,1,2315,"202410011509"
"5","ŚLA",69,0,0,0,0,0,0,0,0,0,0,0,0,2,2315,"202410011509"
"6","STM",19,0,0,0,0,0,0,0,0,0,0,0,0,2,2315,"202410011509"
"7","PUN",10,0,0,0,0,0,0,0,0,0,0,0,0,1,2315,"202410011509"
"8","ZAG",16,0,0,0,0,0,0,0,0,0,0,0,0,2,2315,"202410011509"
"9","RAD",20,0,0,0,0,0,0,0,0,0,0,0,0,1,2315,"202410011509"
"10","LPO",9,0,0,0,0,0,0,0,0,0,0,0,0,1,2315,"202410011509"
"11","WID",0,0,0,0,0,0,0,0,0,0,0,0,0,0,2315,"202410011509"
"12","PIA",0,0,0,0,0,0,0,0,0,0,0,0,0,0,2315,"202410011509"
"13","JAG",0,0,0,0,0,0,0,0,0,0,0,0,0,0,2315,"202410011509"
"14","GKS",0,0,0,0,0,0,0,0,0,0,0,0,0,0,2315,"202410011509"
"15","LGD",0,0,0,0,0,0,0,0,0,0,0,0,0,0,2315,"202410011509"
"16","RCZ",0,0,0,0,0,0,0,0,0,0,0,0,0,0,2315,"202410011509"
"17","GÓR",0,0,0,0,0,0,0,0,0,0,0,0,0,0,2315,"202410011509"
"18","POG",0,0,0,0,0,0,0,0,0,0,0,0,0,0,2315,"202410011509"
"SUMA","EMPTY",174,0,0,0,0,0,0,0,0,0,0,0,0,10,2315,"202410011509"
"2023/24 - wiosna","EMPTY",649,2,2,1,0,0,0,0,0,0,0,2,0,45,2315,"202410011509"
"1","PUN",0,0,0,0,0,0,0,0,0,0,0,0,0,0,2100,"202410011509"
"2","RAD",1,0,0,0,0,0,0,0,0,0,0,0,0,2,2100,"202410011509"
"3","STM",0,0,0,0,0,0,0,0,0,0,0,0,0,0,2100,"202410011509"
"5","CRA",0,0,0,0,0,0,0,0,0,0,0,0,0,0,2100,"202410011509"
"6","GKS",0,0,0,0,0,0,0,0,0,0,0,0,0,0,2100,"202410011509"
"7","WID",1,0,0,0,0,0,0,0,0,0,0,0,0,2,2100,"202410011509"
"8","LPO",0,0,0,0,0,0,0,0,0,0,0,0,0,0,2100,"202410011509"
"9","MOT",11,0,0,0,0,0,0,0,0,0,0,0,0,2,2100,"202410011509"
"9","LGD",90,0,0,0,0,0,0,0,0,0,0,0,0,2,2100,"202410011509"
"10","PIA",16,0,0,0,0,0,0,0,0,0,0,0,0,2,2100,"202410011509"
"11","LEG",0,0,0,0,0,0,0,0,0,0,0,0,0,0,2100,"202410011509"
"12","ZAG",0,0,0,0,0,0,0,0,0,0,0,0,0,0,2100,"202410011509"
"13","KOR",0,0,0,0,0,0,0,0,0,0,0,0,0,0,2100,"202410011509"
"14","GÓR",0,0,0,0,0,0,0,0,0,0,0,0,0,0,2100,"202410011509"
"15","RCZ",0,0,0,0,0,0,0,0,0,0,0,0,0,0,2100,"202410011509"
"16","ŚLA",0,0,0,0,0,0,0,0,0,0,0,0,0,0,2100,"202410011509"
"17","POG",0,0,0,0,0,0,0,0,0,0,0,0,0,0,2100,"202410011509"
"18","PUN",0,0,0,0,0,0,0,0,0,0,0,0,0,0,2100,"202410011509"
"SUMA","EMPTY",119,0,0,0,0,0,0,0,0,0,0,0,0,10,2100,"202410011509"
"2023/24 - wiosna","EMPTY",170,0,0,0,0,0,0,0,0,0,0,2,0,3,2100,"202410011509"
"2023/24 - jesień","EMPTY",237,0,0,0,0,0,0,0,0,0,0,0,0,18,2100,"202410011509"
"2022/23 - wiosna","EMPTY",817,0,0,0,0,0,0,0,0,0,0,2,0,23,2100,"202410011509"
"1","GKS",1,0,0,0,0,0,0,0,0,0,0,0,0,2,1402,"202410011509"
"2","JAG",1,0,0,0,0,0,0,0,0,0,0,0,0,1,1402,"202410011509"
"4","GÓR",0,0,0,0,0,0,0,0,0,0,0,0,0,0,1402,"202410011509"
"5","LEG",23,0,0,0,0,0,0,0,0,0,0,0,0,1,1402,"202410011509"
"6","WID",2,0,0,0,0,0,0,0,0,0,0,0,0,1,1402,"202410011509"
"7","CRA",1,0,0,0,0,0,0,0,0,0,0,0,0,2,1402,"202410011509"
"8","LGD",0,0,0,0,0,0,0,0,0,0,0,0,0,0,1402,"202410011509"
"9","KOR",5,0,0,0,0,0,0,0,0,0,0,0,0,2,1402,"202410011509"
"10","ZAG",17,0,0,0,0,0,0,0,0,0,0,0,0,1,1402,"202410011509"
"11","RCZ",0,0,0,0,0,0,0,0,0,0,0,0,0,0,1402,"202410011509"
"12","PUN",0,0,0,0,0,0,0,0,0,0,0,0,0,0,1402,"202410011509"
"13","LPO",0,0,0,0,0,0,0,0,0,0,0,0,0,0,1402,"202410011509"
"14","PIA",0,0,0,0,0,0,0,0,0,0,0,0,0,0,1402,"202410011509"
"15","POG",0,0,0,0,0,0,0,0,0,0,0,0,0,0,1402,"202410011509"
"16","STM",0,0,0,0,0,0,0,0,0,0,0,0,0,0,1402,"202410011509"
"17","MOT",0,0,0,0,0,0,0,0,0,0,0,0,0,0,1402,"202410011509"
"18","ŚLA",0,0,0,0,0,0,0,0,0,0,0,0,0,0,1402,"202410011509"
"18","GKS",0,0,0,0,0,0,0,0,0,0,0,0,0,0,1402,"202410011509"
"SUMA","EMPTY",50,0,0,0,0,0,0,0,0,0,0,0,0,10,1402,"202410011509"
"2022/23 - wiosna","EMPTY",122,0,0,0,0,0,0,0,0,0,0,1,0,5,1402,"202410011509"
"2022/23 - jesień","EMPTY",0,0,0,0,0,0,0,0,0,0,0,0,0,0,1402,"202410011509"
"2021/22 - wiosna","EMPTY",417,0,0,0,0,0,0,0,0,0,0,2,0,17,1402,"202410011509"
"2021/22 - jesień","EMPTY",285,1,0,0,0,0,0,1,0,0,0,1,0,17,1402,"202410011509"
"2020/21 - wiosna","EMPTY",0,0,0,0,0,0,0,0,0,0,0,0,0,0,1402,"202410011509"
"2020/21 - jesień","EMPTY",0,0,0,0,0,0,0,0,0,0,0,0,0,0,1402,"202410011509"
"2019/20 - wiosna","EMPTY",166,0,0,0,0,0,0,0,0,0,0,0,0,5,1402,"202410011509"
"1","WID",9,0,0,0,0,0,0,0,0,0,0,0,0,1,2196,"202410011509"
"2","GKS",32,0,0,0,0,0,0,0,0,0,0,0,0,1,2196,"202410011509"
"3","JAG",90,0,0,0,0,0,0,0,0,0,0,0,0,1,2196,"202410011509"
"4","POG",90,0,0,0,0,0,0,0,0,0,0,1,0,1,2196,"202410011509"
"5","PIA",62,0,0,0,0,0,0,0,0,0,0,1,0,5,2196,"202410011509"
"6","KOR",57,0,0,0,0,0,0,1,0,0,0,0,0,0,2196,"202410011509"
"7","LPO",0,0,0,0,0,0,0,0,0,0,0,0,0,0,2196,"202410011509"
"8","ŚLA",0,0,0,0,0,0,0,0,0,0,0,0,0,0,2196,"202410011509"
"9","MOT",0,0,0,0,0,0,0,0,0,0,0,0,0,0,2196,"202410011509"
"10","CRA",1,0,0,0,0,0,0,0,0,0,0,0,0,1,2196,"202410011509"
"11","LGD",0,0,0,0,0,0,0,0,0,0,0,0,0,0,2196,"202410011509"
"12","GÓR",0,0,0,0,0,0,0,0,0,0,0,0,0,0,2196,"202410011509"
"13","ZAG",0,0,0,0,0,0,0,0,0,0,0,0,0,0,2196,"202410011509"
"14","RCZ",0,0,0,0,0,0,0,0,0,0,0,0,0,0,2196,"202410011509"
"15","PUN",0,0,0,0,0,0,0,0,0,0,0,0,0,0,2196,"202410011509"
"16","RAD",0,0,0,0,0,0,0,0,0,0,0,0,0,0,2196,"202410011509"
"17","LEG",0,0,0,0,0,0,0,0,0,0,0,0,0,0,2196,"202410011509"
"18","WID",0,0,0,0,0,0,0,0,0,0,0,0,0,0,2196,"202410011509"
"SUMA","EMPTY",341,0,0,0,0,0,0,1,0,0,0,2,0,10,2196,"202410011509"
"2023/24 - wiosna","EMPTY",419,0,0,0,0,0,0,0,0,0,0,2,0,12,2196,"202410011509"
"2023/24 - jesień","EMPTY",657,1,0,0,0,0,0,0,0,0,0,1,0,36,2196,"202410011509"
"1","ZAG",0,0,0,0,0,0,0,0,0,0,0,0,0,0,2453,"202410011509"
"2","KOR",0,0,0,0,0,0,0,0,0,0,0,0,0,0,2453,"202410011509"
"3","PIA",0,0,0,0,0,0,0,0,0,0,0,0,0,0,2453,"202410011509"
"4","PUN",24,0,0,0,0,0,0,0,0,0,0,0,0,1,2453,"202410011509"
"5","RAD",90,0,0,0,0,0,0,0,0,0,0,0,0,3,2453,"202410011509"
"6","ŚLA",90,0,0,0,0,0,0,0,0,0,0,0,0,2,2453,"202410011509"
"7","MOT",90,0,0,0,0,0,0,0,0,0,0,0,0,2,2453,"202410011509"
"8","RCZ",45,0,0,0,0,0,0,0,0,0,0,0,0,2,2453,"202410011509"
"9","POG",0,0,0,0,0,0,0,0,0,0,0,0,0,0,2453,"202410011509"
"10","GÓR",0,0,0,0,0,0,0,0,0,0,0,0,0,0,2453,"202410011509"
"11","JAG",0,0,0,0,0,0,0,0,0,0,0,0,0,0,2453,"202410011509"
"12","LGD",0,0,0,0,0,0,0,0,0,0,0,0,0,0,2453,"202410011509"
"13","GKS",0,0,0,0,0,0,0,0,0,0,0,0,0,0,2453,"202410011509"
"14","WID",0,0,0,0,0,0,0,0,0,0,0,0,0,0,2453,"202410011509"
"15","LPO",0,0,0,0,0,0,0,0,0,0,0,0,0,0,2453,"202410011509"
"16","CRA",0,0,0,0,0,0,0,0,0,0,0,0,0,0,2453,"202410011509"
"17","STM",0,0,0,0,0,0,0,0,0,0,0,0,0,0,2453,"202410011509"
"18","ZAG",0,0,0,0,0,0,0,0,0,0,0,0,0,0,2453,"202410011509"
"SUMA","EMPTY",339,0,0,0,0,0,0,0,0,0,0,0,0,10,2453,"202410011509"
"5","PUN",90,0,0,0,0,0,0,0,0,0,0,1,0,-2,2494,"202410011509"
"6","RCZ",90,0,0,0,0,0,0,0,0,0,0,1,0,0,2494,"202410011509"
"7","GÓR",90,0,1,0,0,0,0,0,0,0,0,0,0,6,2494,"202410011509"
"8","RAD",90,0,0,0,0,0,0,0,0,0,0,0,0,6,2494,"202410011509"
"9","JAG",90,0,0,0,0,0,0,1,0,0,0,0,0,-2,2494,"202410011509"
"10","WID",90,0,0,0,0,0,0,0,0,0,0,0,0,2,2494,"202410011509"
"11","STM",0,0,0,0,0,0,0,0,0,0,0,0,0,0,2494,"202410011509"
"12","LEG",0,0,0,0,0,0,0,0,0,0,0,0,0,0,2494,"202410011509"
"13","PIA",0,0,0,0,0,0,0,0,0,0,0,0,0,0,2494,"202410011509"
"14","CRA",0,0,0,0,0,0,0,0,0,0,0,0,0,0,2494,"202410011509"
"15","KOR",0,0,0,0,0,0,0,0,0,0,0,0,0,0,2494,"202410011509"
"16","POG",0,0,0,0,0,0,0,0,0,0,0,0,0,0,2494,"202410011509"
"17","GKS",0,0,0,0,0,0,0,0,0,0,0,0,0,0,2494,"202410011509"
"18","ŚLA",0,0,0,0,0,0,0,0,0,0,0,0,0,0,2494,"202410011509"
"SUMA","EMPTY",540,0,1,0,0,0,0,1,0,0,0,2,0,10,2494,"202410011509"
"1","PUN",0,0,0,0,0,0,0,0,0,0,0,0,0,0,2251,"202410011509"
"2","RAD",0,0,0,0,0,0,0,0,0,0,0,0,0,0,2251,"202410011509"
"3","STM",10,0,0,0,0,0,0,0,0,0,0,0,0,2,2251,"202410011509"
"5","CRA",0,0,0,0,0,0,0,0,0,0,0,0,0,0,2251,"202410011509"
"6","GKS",0,0,0,0,0,0,0,0,0,0,0,0,0,0,2251,"202410011509"
"7","WID",0,0,0,0,0,0,0,0,0,0,0,0,0,0,2251,"202410011509"
"8","LPO",29,0,0,0,0,0,0,0,0,0,0,0,0,1,2251,"202410011509"
"9","MOT",75,0,0,0,0,0,0,0,0,0,0,0,0,2,2251,"202410011509"
"9","LGD",8,0,0,0,0,0,0,0,0,0,0,0,0,2,2251,"202410011509"
"10","PIA",79,0,0,0,0,0,0,0,0,0,0,0,0,3,2251,"202410011509"
"11","LEG",0,0,0,0,0,0,0,0,0,0,0,0,0,0,2251,"202410011509"
"12","ZAG",0,0,0,0,0,0,0,0,0,0,0,0,0,0,2251,"202410011509"
"13","KOR",0,0,0,0,0,0,0,0,0,0,0,0,0,0,2251,"202410011509"
"14","GÓR",0,0,0,0,0,0,0,0,0,0,0,0,0,0,2251,"202410011509"
"15","RCZ",0,0,0,0,0,0,0,0,0,0,0,0,0,0,2251,"202410011509"
"16","ŚLA",0,0,0,0,0,0,0,0,0,0,0,0,0,0,2251,"202410011509"
"17","POG",0,0,0,0,0,0,0,0,0,0,0,0,0,0,2251,"202410011509"
"18","PUN",0,0,0,0,0,0,0,0,0,0,0,0,0,0,2251,"202410011509"
"SUMA","EMPTY",201,0,0,0,0,0,0,0,0,0,0,0,0,10,2251,"202410011509"
"2023/24 - wiosna","EMPTY",0,0,0,0,0,0,0,0,0,0,0,0,0,0,2251,"202410011509"
"2023/24 - jesień","EMPTY",22,0,0,0,0,0,0,0,0,0,0,0,0,5,2251,"202410011509"
"1","JAG",45,0,0,0,0,0,0,0,0,0,0,0,0,2,518,"202410011509"
"2","GÓR",0,0,0,0,0,0,0,0,0,0,0,0,0,0,518,"202410011509"
"3","ZAG",12,0,0,0,0,0,0,0,0,0,0,0,0,1,518,"202410011509"
"4","LEG",5,0,0,0,0,0,0,0,0,0,0,0,0,1,518,"202410011509"
"5","LGD",23,0,0,0,0,0,0,0,0,0,0,0,0,2,518,"202410011509"
"6","MOT",0,0,0,0,0,0,0,0,0,0,0,0,0,0,518,"202410011509"
"7","KOR",19,0,0,0,0,0,0,0,0,0,0,0,0,1,518,"202410011509"
"8","PIA",0,0,0,0,0,0,0,0,0,0,0,0,0,0,518,"202410011509"
"9","CRA",7,0,0,0,0,0,0,0,0,0,0,0,0,1,518,"202410011509"
"10","RCZ",34,0,0,0,0,0,0,0,0,0,0,0,0,1,518,"202410011509"
"11","GKS",0,0,0,0,0,0,0,0,0,0,0,0,0,0,518,"202410011509"
"12","RAD",0,0,0,0,0,0,0,0,0,0,0,0,0,0,518,"202410011509"
"13","POG",0,0,0,0,0,0,0,0,0,0,0,0,0,0,518,"202410011509"
"14","LPO",0,0,0,0,0,0,0,0,0,0,0,0,0,0,518,"202410011509"
"15","STM",0,0,0,0,0,0,0,0,0,0,0,0,0,0,518,"202410011509"
"16","WID",0,0,0,0,0,0,0,0,0,0,0,0,0,0,518,"202410011509"
"17","ŚLA",0,0,0,0,0,0,0,0,0,0,0,0,0,0,518,"202410011509"
"18","JAG",0,0,0,0,0,0,0,0,0,0,0,0,0,0,518,"202410011509"
"SUMA","EMPTY",145,0,0,0,0,0,0,0,0,0,0,0,0,9,518,"202410011509"
"2023/24 - wiosna","EMPTY",907,1,0,0,0,0,0,0,0,0,0,2,0,35,518,"202410011509"
"2023/24 - jesień","EMPTY",537,1,0,0,0,0,0,0,0,0,0,0,0,27,518,"202410011509"
"2019/20 - jesień","EMPTY",0,0,0,0,0,0,0,0,0,0,0,0,0,0,518,"202410011509"
"2018/19 - wiosna","EMPTY",0,0,0,0,0,0,0,0,0,0,0,0,0,0,518,"202410011509"
"2017/18 - wiosna","EMPTY",0,0,0,0,0,0,0,0,0,0,0,0,0,0,518,"202410011509"
"2017/18 - jesień","EMPTY",0,0,0,0,0,0,0,0,0,0,0,0,0,0,518,"202410011509"
"2016/17 - wiosna","EMPTY",135,0,0,0,0,0,0,0,0,0,0,0,0,7,518,"202410011509"
"2016/17 - jesień","EMPTY",5,0,0,0,0,0,0,0,0,0,0,0,0,3,518,"202410011509"
"1","MOT",6,0,0,0,0,0,0,0,0,0,0,0,0,2,2324,"202410011509"
"2","CRA",0,0,0,0,0,0,0,0,0,0,0,0,0,0,2324,"202410011509"
"3","GKS",45,0,0,0,0,0,0,0,0,0,0,0,0,2,2324,"202410011509"
"4","LPO",1,0,0,0,0,0,0,0,0,0,0,0,0,1,2324,"202410011509"
"5","GÓR",0,0,0,0,0,0,0,0,0,0,0,0,0,0,2324,"202410011509"
"6","LGD",0,0,0,0,0,0,0,0,0,0,0,0,0,0,2324,"202410011509"
"7","PIA",0,0,0,0,0,0,0,0,0,0,0,0,0,0,2324,"202410011509"
"8","LEG",0,0,0,0,0,0,0,0,0,0,0,0,0,0,2324,"202410011509"
"9","ZAG",3,0,0,0,0,0,0,0,0,0,0,0,0,2,2324,"202410011509"
"10","PUN",30,0,0,0,0,0,0,0,0,0,0,0,0,2,2324,"202410011509"
"11","RAD",0,0,0,0,0,0,0,0,0,0,0,0,0,0,2324,"202410011509"
"12","POG",0,0,0,0,0,0,0,0,0,0,0,0,0,0,2324,"202410011509"
"13","ŚLA",0,0,0,0,0,0,0,0,0,0,0,0,0,0,2324,"202410011509"
"14","STM",0,0,0,0,0,0,0,0,0,0,0,0,0,0,2324,"202410011509"
"15","JAG",0,0,0,0,0,0,0,0,0,0,0,0,0,0,2324,"202410011509"
"16","KOR",0,0,0,0,0,0,0,0,0,0,0,0,0,0,2324,"202410011509"
"17","WID",0,0,0,0,0,0,0,0,0,0,0,0,0,0,2324,"202410011509"
"18","MOT",0,0,0,0,0,0,0,0,0,0,0,0,0,0,2324,"202410011509"
"SUMA","EMPTY",85,0,0,0,0,0,0,0,0,0,0,0,0,9,2324,"202410011509"
"2023/24 - wiosna","EMPTY",235,0,0,0,0,0,0,0,0,0,0,2,0,15,2324,"202410011509"
"1","GKS",0,0,0,0,0,0,0,0,0,0,0,0,0,0,2090,"202410011509"
"2","JAG",0,0,0,0,0,0,0,0,0,0,0,0,0,0,2090,"202410011509"
"4","GÓR",11,0,0,0,0,0,0,0,0,0,0,0,0,1,2090,"202410011509"
"5","LEG",0,0,0,0,0,0,0,0,0,0,0,0,0,0,2090,"202410011509"
"6","WID",90,0,0,0,0,0,0,0,0,0,0,0,0,2,2090,"202410011509"
"7","CRA",90,0,0,0,0,0,0,0,0,0,0,1,0,2,2090,"202410011509"
"8","LGD",90,0,0,0,0,0,0,1,0,0,0,0,0,0,2090,"202410011509"
"9","KOR",68,0,0,0,0,0,0,0,0,0,0,1,0,3,2090,"202410011509"
"10","ZAG",61,0,0,0,0,0,0,0,0,0,0,1,0,1,2090,"202410011509"
"11","RCZ",0,0,0,0,0,0,0,0,0,0,0,0,0,0,2090,"202410011509"
"12","PUN",0,0,0,0,0,0,0,0,0,0,0,0,0,0,2090,"202410011509"
"13","LPO",0,0,0,0,0,0,0,0,0,0,0,0,0,0,2090,"202410011509"
"14","PIA",0,0,0,0,0,0,0,0,0,0,0,0,0,0,2090,"202410011509"
"15","POG",0,0,0,0,0,0,0,0,0,0,0,0,0,0,2090,"202410011509"
"16","STM",0,0,0,0,0,0,0,0,0,0,0,0,0,0,2090,"202410011509"
"17","MOT",0,0,0,0,0,0,0,0,0,0,0,0,0,0,2090,"202410011509"
"18","ŚLA",0,0,0,0,0,0,0,0,0,0,0,0,0,0,2090,"202410011509"
"18","GKS",0,0,0,0,0,0,0,0,0,0,0,0,0,0,2090,"202410011509"
"SUMA","EMPTY",410,0,0,0,0,0,0,1,0,0,0,3,0,9,2090,"202410011509"
"2023/24 - wiosna","EMPTY",480,0,0,0,0,0,0,0,0,0,0,2,0,18,2090,"202410011509"
"2023/24 - jesień","EMPTY",1115,1,2,0,0,0,0,0,0,0,0,3,0,50,2090,"202410011509"
"2022/23 - wiosna","EMPTY",965,0,0,0,0,0,0,1,0,0,0,2,0,32,2090,"202410011509"
"1","GKS",90,0,0,0,0,0,0,0,0,0,0,1,0,2,2349,"202410011509"
"2","JAG",45,0,0,0,0,0,0,0,0,0,0,0,0,2,2349,"202410011509"
"4","GÓR",20,0,0,0,0,0,0,0,0,0,0,0,0,1,2349,"202410011509"
"5","LEG",55,0,0,0,0,0,0,0,0,0,0,0,0,1,2349,"202410011509"
"6","WID",14,0,0,0,0,0,0,0,0,0,0,0,0,1,2349,"202410011509"
"7","CRA",0,0,0,0,0,0,0,0,0,0,0,0,0,0,2349,"202410011509"
"8","LGD",1,0,0,0,0,0,0,0,0,0,0,1,0,0,2349,"202410011509"
"9","KOR",22,0,0,0,0,0,0,0,0,0,0,1,0,1,2349,"202410011509"
"10","ZAG",5,0,0,0,0,0,0,0,0,0,0,0,0,1,2349,"202410011509"
"11","RCZ",0,0,0,0,0,0,0,0,0,0,0,0,0,0,2349,"202410011509"
"12","PUN",0,0,0,0,0,0,0,0,0,0,0,0,0,0,2349,"202410011509"
"13","LPO",0,0,0,0,0,0,0,0,0,0,0,0,0,0,2349,"202410011509"
"14","PIA",0,0,0,0,0,0,0,0,0,0,0,0,0,0,2349,"202410011509"
"15","POG",0,0,0,0,0,0,0,0,0,0,0,0,0,0,2349,"202410011509"
"16","STM",0,0,0,0,0,0,0,0,0,0,0,0,0,0,2349,"202410011509"
"17","MOT",0,0,0,0,0,0,0,0,0,0,0,0,0,0,2349,"202410011509"
"18","ŚLA",0,0,0,0,0,0,0,0,0,0,0,0,0,0,2349,"202410011509"
"18","GKS",0,0,0,0,0,0,0,0,0,0,0,0,0,0,2349,"202410011509"
"SUMA","EMPTY",252,0,0,0,0,0,0,0,0,0,0,3,0,9,2349,"202410011509"
"2023/24 - wiosna","EMPTY",812,0,1,0,0,0,0,1,0,0,0,5,1,20,2349,"202410011509"
"1","STM",1,0,0,0,0,0,0,0,0,0,0,0,0,1,1096,"202410011509"
"2","LPO",10,0,0,0,0,0,0,0,0,0,0,0,0,2,1096,"202410011509"
"3","CRA",1,0,0,0,0,0,0,0,0,0,0,0,0,2,1096,"202410011509"
"4","ŚLA",0,0,0,0,0,0,0,0,0,0,0,0,0,0,1096,"202410011509"
"5","POG",25,0,0,0,0,0,0,0,0,0,0,0,0,1,1096,"202410011509"
"6","RAD",18,0,0,0,0,0,0,0,0,0,0,0,0,2,1096,"202410011509"
"7","JAG",0,0,0,0,0,0,0,0,0,0,0,0,0,0,1096,"202410011509"
"8","GKS",0,0,0,0,0,0,0,0,0,0,0,0,0,0,1096,"202410011509"
"9","PIA",0,0,0,0,0,0,0,0,0,0,0,0,0,0,1096,"202410011509"
"10","LGD",1,0,0,0,0,0,0,0,0,0,0,0,0,1,1096,"202410011509"
"11","KOR",0,0,0,0,0,0,0,0,0,0,0,0,0,0,1096,"202410011509"
"12","MOT",0,0,0,0,0,0,0,0,0,0,0,0,0,0,1096,"202410011509"
"13","GÓR",0,0,0,0,0,0,0,0,0,0,0,0,0,0,1096,"202410011509"
"14","LEG",0,0,0,0,0,0,0,0,0,0,0,0,0,0,1096,"202410011509"
"15","ZAG",0,0,0,0,0,0,0,0,0,0,0,0,0,0,1096,"202410011509"
"16","PUN",0,0,0,0,0,0,0,0,0,0,0,0,0,0,1096,"202410011509"
"17","RCZ",0,0,0,0,0,0,0,0,0,0,0,0,0,0,1096,"202410011509"
"18","STM",0,0,0,0,0,0,0,0,0,0,0,0,0,0,1096,"202410011509"
"SUMA","EMPTY",56,0,0,0,0,0,0,0,0,0,0,0,0,9,1096,"202410011509"
"2021/22 - wiosna","EMPTY",0,0,0,0,0,0,0,0,0,0,0,0,0,0,1096,"202410011509"
"2021/22 - jesień","EMPTY",113,0,0,0,0,0,0,0,0,0,0,1,0,6,1096,"202410011509"
"2020/21 - wiosna","EMPTY",0,0,0,0,0,0,0,0,0,0,0,0,0,0,1096,"202410011509"
"2020/21 - jesień","EMPTY",94,0,1,0,0,0,0,0,0,0,0,0,0,6,1096,"202410011509"
"2019/20 - jesień","EMPTY",0,0,0,0,0,0,0,0,0,0,0,0,0,0,1096,"202410011509"
"2018/19 - wiosna","EMPTY",0,0,0,0,0,0,0,0,0,0,0,0,0,0,1096,"202410011509"
"2018/19 - jesień","EMPTY",0,0,0,0,0,0,0,0,0,0,0,0,0,0,1096,"202410011509"
"1","ZAG",65,0,0,0,0,0,0,0,0,0,0,0,0,3,1362,"202410011509"
"2","KOR",31,0,0,0,0,0,0,0,0,0,0,0,0,2,1362,"202410011509"
"3","PIA",4,0,0,0,0,0,0,0,0,0,0,0,0,1,1362,"202410011509"
"4","PUN",0,0,0,0,0,0,0,0,0,0,0,0,0,0,1362,"202410011509"
"5","RAD",0,0,0,0,0,0,0,0,0,0,0,0,0,0,1362,"202410011509"
"6","ŚLA",0,0,0,0,0,0,0,0,0,0,0,0,0,0,1362,"202410011509"
"7","MOT",70,0,0,0,0,0,0,0,1,0,0,0,0,0,1362,"202410011509"
"8","RCZ",9,0,0,0,0,0,0,0,0,0,0,0,0,1,1362,"202410011509"
"9","POG",0,0,0,0,0,0,0,0,0,0,0,0,0,0,1362,"202410011509"
"10","GÓR",68,0,0,0,0,0,0,0,0,0,0,0,0,2,1362,"202410011509"
"11","JAG",0,0,0,0,0,0,0,0,0,0,0,0,0,0,1362,"202410011509"
"12","LGD",0,0,0,0,0,0,0,0,0,0,0,0,0,0,1362,"202410011509"
"13","GKS",0,0,0,0,0,0,0,0,0,0,0,0,0,0,1362,"202410011509"
"14","WID",0,0,0,0,0,0,0,0,0,0,0,0,0,0,1362,"202410011509"
"15","LPO",0,0,0,0,0,0,0,0,0,0,0,0,0,0,1362,"202410011509"
"16","CRA",0,0,0,0,0,0,0,0,0,0,0,0,0,0,1362,"202410011509"
"17","STM",0,0,0,0,0,0,0,0,0,0,0,0,0,0,1362,"202410011509"
"18","ZAG",0,0,0,0,0,0,0,0,0,0,0,0,0,0,1362,"202410011509"
"SUMA","EMPTY",247,0,0,0,0,0,0,0,1,0,0,0,0,9,1362,"202410011509"
"2023/24 - wiosna","EMPTY",383,2,0,0,0,0,0,0,0,0,0,1,0,24,1362,"202410011509"
"2023/24 - jesień","EMPTY",905,6,0,0,0,0,0,0,0,0,0,3,0,56,1362,"202410011509"
"2022/23 - wiosna","EMPTY",774,5,0,0,0,0,2,0,0,0,0,2,0,52,1362,"202410011509"
"2022/23 - jesień","EMPTY",0,0,0,0,0,0,0,0,0,0,0,0,0,0,1362,"202410011509"
"2021/22 - wiosna","EMPTY",1142,6,1,0,0,0,0,0,0,0,0,2,0,62,1362,"202410011509"
"2021/22 - jesień","EMPTY",968,3,0,0,0,1,1,0,0,0,0,4,0,40,1362,"202410011509"
"2020/21 - wiosna","EMPTY",1007,9,0,0,0,5,2,0,0,0,0,2,0,68,1362,"202410011509"
"2020/21 - jesień","EMPTY",1153,13,0,0,0,2,0,0,0,0,0,1,0,85,1362,"202410011509"
"2019/20 - wiosna","EMPTY",685,5,1,0,0,0,0,0,0,0,0,1,0,48,1362,"202410011509"
"1","POG",54,0,0,0,0,0,0,0,0,0,0,0,0,2,2393,"202410011509"
"2","LEG",26,0,0,0,0,0,0,0,0,0,0,0,0,1,2393,"202410011509"
"3","MOT",0,0,0,0,0,0,0,0,0,0,0,0,0,0,2393,"202410011509"
"4","CRA",20,0,0,0,0,0,0,0,0,0,0,0,0,1,2393,"202410011509"
"5","ŚLA",0,0,0,0,0,0,0,0,0,0,0,0,0,0,2393,"202410011509"
"6","STM",29,0,0,0,0,0,0,0,0,0,0,0,0,2,2393,"202410011509"
"7","PUN",19,0,0,0,0,0,0,0,0,0,0,1,0,0,2393,"202410011509"
"8","ZAG",28,0,0,0,0,0,0,0,0,0,0,0,0,2,2393,"202410011509"
"9","RAD",20,0,0,0,0,0,0,0,0,0,0,1,0,0,2393,"202410011509"
"10","LPO",15,0,0,0,0,0,0,0,0,0,0,0,0,1,2393,"202410011509"
"11","WID",0,0,0,0,0,0,0,0,0,0,0,0,0,0,2393,"202410011509"
"12","PIA",0,0,0,0,0,0,0,0,0,0,0,0,0,0,2393,"202410011509"
"13","JAG",0,0,0,0,0,0,0,0,0,0,0,0,0,0,2393,"202410011509"
"14","GKS",0,0,0,0,0,0,0,0,0,0,0,0,0,0,2393,"202410011509"
"15","LGD",0,0,0,0,0,0,0,0,0,0,0,0,0,0,2393,"202410011509"
"16","RCZ",0,0,0,0,0,0,0,0,0,0,0,0,0,0,2393,"202410011509"
"17","GÓR",0,0,0,0,0,0,0,0,0,0,0,0,0,0,2393,"202410011509"
"18","POG",0,0,0,0,0,0,0,0,0,0,0,0,0,0,2393,"202410011509"
"SUMA","EMPTY",211,0,0,0,0,0,0,0,0,0,0,2,0,9,2393,"202410011509"
"1","LGD (ŚLA)",0,0,0,0,0,0,0,0,0,0,0,0,0,0,1637,"202410011509"
"2","GKS",0,0,0,0,0,0,0,0,0,0,0,0,0,0,1637,"202410011509"
"3","JAG",7,0,0,0,0,0,0,0,0,0,0,0,0,1,1637,"202410011509"
"4","POG",2,0,0,0,0,0,0,0,0,0,0,0,0,1,1637,"202410011509"
"5","PIA",28,0,1,0,0,0,0,0,0,0,0,0,0,5,1637,"202410011509"
"6","KOR",33,0,0,0,0,0,0,0,0,0,0,0,0,1,1637,"202410011509"
"7","LPO",45,0,0,0,0,0,0,0,0,0,0,1,0,1,1637,"202410011509"
"8","ŚLA",0,0,0,0,0,0,0,0,0,0,0,0,0,0,1637,"202410011509"
"9","MOT",0,0,0,0,0,0,0,0,0,0,0,0,0,0,1637,"202410011509"
"10","CRA",0,0,0,0,0,0,0,0,0,0,0,0,0,0,1637,"202410011509"
"11","LGD",0,0,0,0,0,0,0,0,0,0,0,0,0,0,1637,"202410011509"
"12","GÓR",0,0,0,0,0,0,0,0,0,0,0,0,0,0,1637,"202410011509"
"13","ZAG",0,0,0,0,0,0,0,0,0,0,0,0,0,0,1637,"202410011509"
"14","RCZ",0,0,0,0,0,0,0,0,0,0,0,0,0,0,1637,"202410011509"
"15","PUN",0,0,0,0,0,0,0,0,0,0,0,0,0,0,1637,"202410011509"
"16","RAD",0,0,0,0,0,0,0,0,0,0,0,0,0,0,1637,"202410011509"
"17","LEG",0,0,0,0,0,0,0,0,0,0,0,0,0,0,1637,"202410011509"
"18","WID",0,0,0,0,0,0,0,0,0,0,0,0,0,0,1637,"202410011509"
"SUMA","EMPTY",115,0,1,0,0,0,0,0,0,0,0,1,0,9,1637,"202410011509"
"2023/24 - wiosna","EMPTY",0,0,0,0,0,0,0,0,0,0,0,0,0,0,1637,"202410011509"
"2023/24 - jesień","EMPTY",0,0,0,0,0,0,0,0,0,0,0,0,0,0,1637,"202410011509"
"2022/23 - wiosna","EMPTY",440,0,0,0,0,0,0,0,0,0,0,0,0,17,1637,"202410011509"
"2022/23 - jesień","EMPTY",102,0,0,0,0,0,0,0,0,0,0,0,0,4,1637,"202410011509"
"2021/22 - wiosna","EMPTY",8,0,0,0,0,0,0,0,0,0,0,0,0,1,1637,"202410011509"
"2021/22 - jesień","EMPTY",8,0,0,0,0,0,0,0,0,0,0,0,0,1,1637,"202410011509"
"2020/21 - wiosna","EMPTY",0,0,0,0,0,0,0,0,0,0,0,0,0,0,1637,"202410011509"
"1","RAD",90,0,0,0,0,0,0,0,0,0,0,0,0,1,1416,"202410011509"
"2","STM",67,0,0,0,0,0,0,0,0,0,0,0,0,6,1416,"202410011509"
"3","RCZ",90,0,0,0,0,0,0,0,0,0,0,0,0,2,1416,"202410011509"
"4","PIA",90,0,0,0,0,0,0,0,0,0,0,0,0,1,1416,"202410011509"
"5","MOT",0,0,0,0,0,0,0,0,0,0,0,0,0,0,1416,"202410011509"
"6","JAG",0,0,0,0,0,0,0,0,0,0,0,0,0,0,1416,"202410011509"
"7","ZAG",0,0,0,0,0,0,0,0,0,0,0,0,0,0,1416,"202410011509"
"8","WID",0,0,0,0,0,0,0,0,0,0,0,0,0,0,1416,"202410011509"
"9","GÓR",90,0,0,0,0,0,0,0,0,0,0,1,0,-1,1416,"202410011509"
"10","POG",0,0,0,0,0,0,0,0,0,0,0,0,0,0,1416,"202410011509"
"11","PUN",0,0,0,0,0,0,0,0,0,0,0,0,0,0,1416,"202410011509"
"12","ŚLA",0,0,0,0,0,0,0,0,0,0,0,0,0,0,1416,"202410011509"
"13","LEG",0,0,0,0,0,0,0,0,0,0,0,0,0,0,1416,"202410011509"
"14","KOR",0,0,0,0,0,0,0,0,0,0,0,0,0,0,1416,"202410011509"
"15","CRA",0,0,0,0,0,0,0,0,0,0,0,0,0,0,1416,"202410011509"
"16","LPO",0,0,0,0,0,0,0,0,0,0,0,0,0,0,1416,"202410011509"
"17","LGD",0,0,0,0,0,0,0,0,0,0,0,0,0,0,1416,"202410011509"
"18","RAD",0,0,0,0,0,0,0,0,0,0,0,0,0,0,1416,"202410011509"
"SUMA","EMPTY",427,0,0,0,0,0,0,0,0,0,0,1,0,9,1416,"202410011509"
"2020/21 - wiosna","EMPTY",0,0,0,0,0,0,0,0,0,0,0,0,0,0,1416,"202410011509"
"2020/21 - jesień","EMPTY",1069,1,0,0,1,0,0,1,0,0,0,1,1,-1,1416,"202410011509"
"1","WID",0,0,0,0,0,0,0,0,0,0,0,0,0,0,658,"202410011509"
"2","GKS",32,0,0,0,0,0,0,0,0,0,0,0,0,1,658,"202410011509"
"3","JAG",7,0,0,0,0,0,0,0,0,0,0,0,0,1,658,"202410011509"
"4","POG",0,0,0,0,0,0,0,0,0,0,0,0,0,0,658,"202410011509"
"5","PIA",72,0,0,0,0,0,0,0,0,0,0,1,0,2,658,"202410011509"
"6","KOR",61,0,0,0,0,0,0,0,0,0,0,0,0,2,658,"202410011509"
"7","LPO",0,0,0,0,0,0,0,0,0,0,0,0,0,0,658,"202410011509"
"8","ŚLA",0,0,0,0,0,0,0,0,0,0,0,0,0,0,658,"202410011509"
"9","MOT",4,0,0,0,0,0,0,0,0,0,0,0,0,2,658,"202410011509"
"10","CRA",1,0,0,0,0,0,0,0,0,0,0,0,0,1,658,"202410011509"
"11","LGD",0,0,0,0,0,0,0,0,0,0,0,0,0,0,658,"202410011509"
"12","GÓR",0,0,0,0,0,0,0,0,0,0,0,0,0,0,658,"202410011509"
"13","ZAG",0,0,0,0,0,0,0,0,0,0,0,0,0,0,658,"202410011509"
"14","RCZ",0,0,0,0,0,0,0,0,0,0,0,0,0,0,658,"202410011509"
"15","PUN",0,0,0,0,0,0,0,0,0,0,0,0,0,0,658,"202410011509"
"16","RAD",0,0,0,0,0,0,0,0,0,0,0,0,0,0,658,"202410011509"
"17","LEG",0,0,0,0,0,0,0,0,0,0,0,0,0,0,658,"202410011509"
"18","WID",0,0,0,0,0,0,0,0,0,0,0,0,0,0,658,"202410011509"
"SUMA","EMPTY",177,0,0,0,0,0,0,0,0,0,0,1,0,9,658,"202410011509"
"2023/24 - wiosna","EMPTY",67,2,0,0,0,0,0,0,0,0,0,0,0,14,658,"202410011509"
"2023/24 - jesień","EMPTY",82,0,0,0,0,0,0,0,0,0,0,0,0,7,658,"202410011509"
"2022/23 - wiosna","EMPTY",0,0,0,0,0,0,0,0,0,0,0,0,0,0,658,"202410011509"
"2022/23 - jesień","EMPTY",0,0,0,0,0,0,0,0,0,0,0,0,0,0,658,"202410011509"
"2021/22 - wiosna","EMPTY",0,0,0,0,0,0,0,0,0,0,0,0,0,0,658,"202410011509"
"2021/22 - jesień","EMPTY",0,0,0,0,0,0,0,0,0,0,0,0,0,0,658,"202410011509"
"2020/21 - wiosna","EMPTY",0,0,0,0,0,0,0,0,0,0,0,0,0,0,658,"202410011509"
"2020/21 - jesień","EMPTY",13,0,0,0,0,0,0,0,0,0,0,0,0,3,658,"202410011509"
"2019/20 - wiosna","EMPTY",321,0,3,0,0,0,1,0,0,0,0,0,0,26,658,"202410011509"
"2019/20 - jesień","EMPTY",1084,2,3,0,0,0,0,0,0,0,0,1,0,64,658,"202410011509"
"2018/19 - wiosna","EMPTY",449,1,0,0,0,0,0,0,0,0,0,1,0,36,658,"202410011509"
"2018/19 - jesień","EMPTY",465,0,1,0,0,0,0,0,0,0,0,0,0,23,658,"202410011509"
"2017/18 - wiosna","EMPTY",547,2,1,0,0,0,0,0,0,0,0,0,0,34,658,"202410011509"
"2017/18 - jesień","EMPTY",1509,2,6,0,0,0,0,1,0,0,0,1,0,96,658,"202410011509"
"1","GÓR",90,0,0,0,0,0,0,0,0,0,0,0,0,6,2209,"202410011509"
"2","WID",18,0,0,0,0,0,0,0,0,0,0,0,0,1,2209,"202410011509"
"3","LGD",0,0,0,0,0,0,0,0,0,0,0,0,0,0,2209,"202410011509"
"4","RCZ",0,0,0,0,0,0,0,0,0,0,0,0,0,0,2209,"202410011509"
"5","ZAG",0,0,0,0,0,0,0,0,0,0,0,0,0,0,2209,"202410011509"
"6","POG",1,0,0,0,0,0,0,0,0,0,0,0,0,2,2209,"202410011509"
"7","STM",0,0,0,0,0,0,0,0,0,0,0,0,0,0,2209,"202410011509"
"8","JAG",0,0,0,0,0,0,0,0,0,0,0,0,0,0,2209,"202410011509"
"9","ŚLA",0,0,0,0,0,0,0,0,0,0,0,0,0,0,2209,"202410011509"
"10","KOR",0,0,0,0,0,0,0,0,0,0,0,0,0,0,2209,"202410011509"
"11","MOT",0,0,0,0,0,0,0,0,0,0,0,0,0,0,2209,"202410011509"
"12","CRA",0,0,0,0,0,0,0,0,0,0,0,0,0,0,2209,"202410011509"
"13","RAD",0,0,0,0,0,0,0,0,0,0,0,0,0,0,2209,"202410011509"
"14","PUN",0,0,0,0,0,0,0,0,0,0,0,0,0,0,2209,"202410011509"
"15","LEG",0,0,0,0,0,0,0,0,0,0,0,0,0,0,2209,"202410011509"
"16","GKS",0,0,0,0,0,0,0,0,0,0,0,0,0,0,2209,"202410011509"
"17","PIA",0,0,0,0,0,0,0,0,0,0,0,0,0,0,2209,"202410011509"
"18","GÓR",0,0,0,0,0,0,0,0,0,0,0,0,0,0,2209,"202410011509"
"SUMA","EMPTY",109,0,0,0,0,0,0,0,0,0,0,0,0,9,2209,"202410011509"
"2023/24 - wiosna","EMPTY",600,0,2,0,0,0,0,0,0,0,0,3,0,28,2209,"202410011509"
"2023/24 - jesień","EMPTY",986,0,1,0,0,0,0,1,0,0,0,2,0,31,2209,"202410011509"
"1","LGD",6,0,0,0,0,0,0,0,0,0,0,0,0,1,2244,"202410011509"
"2","PIA",78,0,0,0,0,0,0,0,0,0,0,1,0,1,2244,"202410011509"
"4","WID",66,0,0,0,0,0,0,0,0,0,0,0,0,3,2244,"202410011509"
"5","KOR",45,0,0,0,0,0,0,0,0,0,0,0,0,2,2244,"202410011509"
"6","LEG",0,0,0,0,0,0,0,0,0,0,0,0,0,0,2244,"202410011509"
"7","POG",65,0,0,0,0,0,0,0,0,0,0,0,0,2,2244,"202410011509"
"8","STM",0,0,0,0,0,0,0,0,0,0,0,0,0,0,2244,"202410011509"
"9","LPO",0,0,0,0,0,0,0,0,0,0,0,0,0,0,2244,"202410011509"
"10","MOT",0,0,0,0,0,0,0,0,0,0,0,0,0,0,2244,"202410011509"
"11","CRA",0,0,0,0,0,0,0,0,0,0,0,0,0,0,2244,"202410011509"
"12","GKS",0,0,0,0,0,0,0,0,0,0,0,0,0,0,2244,"202410011509"
"13","RCZ",0,0,0,0,0,0,0,0,0,0,0,0,0,0,2244,"202410011509"
"14","ZAG",0,0,0,0,0,0,0,0,0,0,0,0,0,0,2244,"202410011509"
"15","GÓR",0,0,0,0,0,0,0,0,0,0,0,0,0,0,2244,"202410011509"
"16","JAG",0,0,0,0,0,0,0,0,0,0,0,0,0,0,2244,"202410011509"
"17","PUN",0,0,0,0,0,0,0,0,0,0,0,0,0,0,2244,"202410011509"
"18","RAD",0,0,0,0,0,0,0,0,0,0,0,0,0,0,2244,"202410011509"
"18","LGD",0,0,0,0,0,0,0,0,0,0,0,0,0,0,2244,"202410011509"
"SUMA","EMPTY",260,0,0,0,0,0,0,0,0,0,0,1,0,9,2244,"202410011509"
"2023/24 - wiosna","EMPTY",40,0,0,0,0,0,0,0,0,0,0,0,0,9,2244,"202410011509"
"2023/24 - jesień","EMPTY",375,2,0,0,0,0,1,0,0,0,0,1,0,35,2244,"202410011509"
"1","KOR",90,0,0,0,0,0,0,0,0,0,0,0,0,6,1015,"202410011509"
"2","ZAG",89,0,0,0,0,0,0,0,0,0,0,0,0,1,1015,"202410011509"
"3","GÓR",90,0,0,0,0,0,0,0,0,0,0,0,0,2,1015,"202410011509"
"4","STM",0,0,0,0,0,0,0,0,0,0,0,0,0,0,1015,"202410011509"
"5","WID",0,0,0,0,0,0,0,0,0,0,0,0,0,0,1015,"202410011509"
"6","LPO",0,0,0,0,0,0,0,0,0,0,0,0,0,0,1015,"202410011509"
"7","ŚLA",0,0,0,0,0,0,0,0,0,0,0,0,0,0,1015,"202410011509"
"8","CRA",0,0,0,0,0,0,0,0,0,0,0,0,0,0,1015,"202410011509"
"9","LEG",0,0,0,0,0,0,0,0,0,0,0,0,0,0,1015,"202410011509"
"10","GKS",0,0,0,0,0,0,0,0,0,0,0,0,0,0,1015,"202410011509"
"11","PIA",0,0,0,0,0,0,0,0,0,0,0,0,0,0,1015,"202410011509"
"12","RCZ",0,0,0,0,0,0,0,0,0,0,0,0,0,0,1015,"202410011509"
"13","PUN",0,0,0,0,0,0,0,0,0,0,0,0,0,0,1015,"202410011509"
"14","MOT",0,0,0,0,0,0,0,0,0,0,0,0,0,0,1015,"202410011509"
"15","RAD",0,0,0,0,0,0,0,0,0,0,0,0,0,0,1015,"202410011509"
"16","LGD",0,0,0,0,0,0,0,0,0,0,0,0,0,0,1015,"202410011509"
"17","JAG",0,0,0,0,0,0,0,0,0,0,0,0,0,0,1015,"202410011509"
"18","KOR",0,0,0,0,0,0,0,0,0,0,0,0,0,0,1015,"202410011509"
"SUMA","EMPTY",269,0,0,0,0,0,0,0,0,0,0,0,0,9,1015,"202410011509"
"2023/24 - wiosna","EMPTY",1160,0,0,0,0,0,0,0,0,0,0,2,0,39,1015,"202410011509"
"2023/24 - jesień","EMPTY",1529,0,0,0,1,0,0,1,0,0,0,1,0,44,1015,"202410011509"
"2022/23 - wiosna","EMPTY",777,0,0,0,0,0,0,0,0,0,0,0,0,32,1015,"202410011509"
"2022/23 - jesień","EMPTY",771,0,0,0,0,0,0,1,0,0,0,2,0,16,1015,"202410011509"
"2021/22 - wiosna","EMPTY",809,0,1,0,0,0,0,0,0,0,0,1,0,36,1015,"202410011509"
"2021/22 - jesień","EMPTY",227,0,0,0,0,0,0,0,0,0,0,1,0,10,1015,"202410011509"
"2020/21 - wiosna","EMPTY",1027,0,0,0,0,0,0,0,0,0,0,0,0,31,1015,"202410011509"
"2020/21 - jesień","EMPTY",639,0,0,0,0,0,0,0,0,0,0,0,0,31,1015,"202410011509"
"2019/20 - wiosna","EMPTY",699,0,0,0,0,0,0,0,0,0,0,0,0,23,1015,"202410011509"
"2019/20 - jesień","EMPTY",0,0,0,0,0,0,0,0,0,0,0,0,0,0,1015,"202410011509"
"2018/19 - wiosna","EMPTY",1239,1,1,0,0,0,0,1,0,0,0,0,0,36,1015,"202410011509"
"2018/19 - jesień","EMPTY",630,0,0,0,0,0,0,1,0,0,0,0,0,20,1015,"202410011509"
"6","PIA",0,0,0,0,0,0,0,0,0,0,0,0,0,0,15,"202410011509"
"7","GKS",7,1,0,0,0,0,0,0,0,0,0,0,0,7,15,"202410011509"
"8","KOR",23,0,0,0,0,0,0,0,0,0,0,0,0,1,15,"202410011509"
"9","RCZ",0,0,0,0,0,0,0,0,0,0,0,0,0,0,15,"202410011509"
"10","RAD",0,0,0,0,0,0,0,0,0,0,0,0,0,0,15,"202410011509"
"11","GÓR",0,0,0,0,0,0,0,0,0,0,0,0,0,0,15,"202410011509"
"12","JAG",0,0,0,0,0,0,0,0,0,0,0,0,0,0,15,"202410011509"
"13","STM",0,0,0,0,0,0,0,0,0,0,0,0,0,0,15,"202410011509"
"14","ŚLA",0,0,0,0,0,0,0,0,0,0,0,0,0,0,15,"202410011509"
"15","WID",0,0,0,0,0,0,0,0,0,0,0,0,0,0,15,"202410011509"
"16","MOT",0,0,0,0,0,0,0,0,0,0,0,0,0,0,15,"202410011509"
"17","CRA",0,0,0,0,0,0,0,0,0,0,0,0,0,0,15,"202410011509"
"18","LEG",0,0,0,0,0,0,0,0,0,0,0,0,0,0,15,"202410011509"
"SUMA","EMPTY",30,1,0,0,0,0,0,0,0,0,0,0,0,8,15,"202410011509"
"2022/23 - wiosna","EMPTY",0,0,0,0,0,0,0,0,0,0,0,0,0,0,15,"202410011509"
"2022/23 - jesień","EMPTY",0,0,0,0,0,0,0,0,0,0,0,0,0,0,15,"202410011509"
"2021/22 - wiosna","EMPTY",0,0,0,0,0,0,0,0,0,0,0,0,0,0,15,"202410011509"
"2021/22 - jesień","EMPTY",0,0,0,0,0,0,0,0,0,0,0,0,0,0,15,"202410011509"
"2020/21 - wiosna","EMPTY",347,0,0,0,0,0,0,0,0,0,0,0,0,10,15,"202410011509"
"2020/21 - jesień","EMPTY",119,0,0,0,0,0,0,0,0,0,0,0,0,7,15,"202410011509"
"2019/20 - wiosna","EMPTY",553,1,2,0,0,0,0,0,0,0,0,0,0,33,15,"202410011509"
"2019/20 - jesień","EMPTY",0,0,0,0,0,0,0,0,0,0,0,0,0,0,15,"202410011509"
"2018/19 - wiosna","EMPTY",0,0,0,0,0,0,0,0,0,0,0,0,0,0,15,"202410011509"
"2017/18 - wiosna","EMPTY",0,0,0,0,0,0,0,0,0,0,0,0,0,0,15,"202410011509"
"2017/18 - jesień","EMPTY",50,0,0,0,0,0,0,0,0,0,0,0,0,2,15,"202410011509"
"2016/17 - wiosna","EMPTY",87,0,0,0,0,0,0,0,0,0,0,0,0,3,15,"202410011509"
"2016/17 - jesień","EMPTY",77,0,0,0,0,0,0,0,0,0,0,0,0,4,15,"202410011509"
"1","JAG",90,0,0,0,0,0,0,0,0,0,0,0,0,1,2322,"202410011509"
"2","GÓR",90,0,0,0,0,0,0,0,0,0,0,0,0,1,2322,"202410011509"
"3","ZAG",90,0,0,0,0,0,0,0,0,0,0,0,0,2,2322,"202410011509"
"4","LEG",20,0,0,0,0,0,0,0,0,0,0,0,0,1,2322,"202410011509"
"5","LGD",6,0,0,0,0,0,0,0,0,0,0,0,0,2,2322,"202410011509"
"6","MOT",0,0,0,0,0,0,0,0,0,0,0,0,0,0,2322,"202410011509"
"7","KOR",0,0,0,0,0,0,0,0,0,0,0,0,0,0,2322,"202410011509"
"8","PIA",0,0,0,0,0,0,0,0,0,0,0,0,0,0,2322,"202410011509"
"9","CRA",45,0,0,0,0,0,0,0,0,0,0,1,0,0,2322,"202410011509"
"10","RCZ",34,0,0,0,0,0,0,0,0,0,0,0,0,1,2322,"202410011509"
"11","GKS",0,0,0,0,0,0,0,0,0,0,0,0,0,0,2322,"202410011509"
"12","RAD",0,0,0,0,0,0,0,0,0,0,0,0,0,0,2322,"202410011509"
"13","POG",0,0,0,0,0,0,0,0,0,0,0,0,0,0,2322,"202410011509"
"14","LPO",0,0,0,0,0,0,0,0,0,0,0,0,0,0,2322,"202410011509"
"15","STM",0,0,0,0,0,0,0,0,0,0,0,0,0,0,2322,"202410011509"
"16","WID",0,0,0,0,0,0,0,0,0,0,0,0,0,0,2322,"202410011509"
"17","ŚLA",0,0,0,0,0,0,0,0,0,0,0,0,0,0,2322,"202410011509"
"18","JAG",0,0,0,0,0,0,0,0,0,0,0,0,0,0,2322,"202410011509"
"SUMA","EMPTY",375,0,0,0,0,0,0,0,0,0,0,1,0,8,2322,"202410011509"
"2023/24 - wiosna","EMPTY",813,0,0,0,0,0,0,0,0,0,0,2,1,27,2322,"202410011509"
"1","ZAG",0,0,0,0,0,0,0,0,0,0,0,0,0,0,2345,"202410011509"
"2","KOR",0,0,0,0,0,0,0,0,0,0,0,0,0,0,2345,"202410011509"
"3","PIA",0,0,0,0,0,0,0,0,0,0,0,0,0,0,2345,"202410011509"
"4","PUN",0,0,0,0,0,0,0,0,0,0,0,0,0,0,2345,"202410011509"
"5","RAD",10,1,0,0,0,0,0,0,0,0,0,1,0,6,2345,"202410011509"
"6","ŚLA",0,0,0,0,0,0,0,0,0,0,0,0,0,0,2345,"202410011509"
"7","MOT",0,0,0,0,0,0,0,0,0,0,0,0,0,0,2345,"202410011509"
"8","RCZ",0,0,0,0,0,0,0,0,0,0,0,0,0,0,2345,"202410011509"
"9","POG",10,0,0,0,0,0,0,0,0,0,0,0,0,1,2345,"202410011509"
"10","GÓR",12,0,0,0,0,0,0,0,0,0,0,0,0,1,2345,"202410011509"
"11","JAG",0,0,0,0,0,0,0,0,0,0,0,0,0,0,2345,"202410011509"
"12","LGD",0,0,0,0,0,0,0,0,0,0,0,0,0,0,2345,"202410011509"
"13","GKS",0,0,0,0,0,0,0,0,0,0,0,0,0,0,2345,"202410011509"
"14","WID",0,0,0,0,0,0,0,0,0,0,0,0,0,0,2345,"202410011509"
"15","LPO",0,0,0,0,0,0,0,0,0,0,0,0,0,0,2345,"202410011509"
"16","CRA",0,0,0,0,0,0,0,0,0,0,0,0,0,0,2345,"202410011509"
"17","STM",0,0,0,0,0,0,0,0,0,0,0,0,0,0,2345,"202410011509"
"18","ZAG",0,0,0,0,0,0,0,0,0,0,0,0,0,0,2345,"202410011509"
"SUMA","EMPTY",32,1,0,0,0,0,0,0,0,0,0,1,0,8,2345,"202410011509"
"2023/24 - wiosna","EMPTY",147,0,0,0,0,0,1,0,0,0,0,0,0,11,2345,"202410011509"
"1","LGD",0,0,0,0,0,0,0,0,0,0,0,0,0,0,1582,"202410011509"
"2","PIA",12,0,0,0,0,0,0,0,0,0,0,0,0,1,1582,"202410011509"
"4","WID",84,0,0,0,0,0,0,0,0,0,0,0,0,5,1582,"202410011509"
"5","KOR",59,0,0,0,0,0,0,0,0,0,0,0,1,-1,1582,"202410011509"
"6","LEG",0,0,0,0,0,0,0,0,0,0,0,0,0,0,1582,"202410011509"
"7","POG",31,0,0,0,0,0,0,0,0,0,0,1,0,-1,1582,"202410011509"
"8","STM",0,0,0,0,0,0,0,0,0,0,0,0,0,0,1582,"202410011509"
"9","LPO",77,0,0,0,0,0,0,0,0,0,0,0,0,2,1582,"202410011509"
"10","MOT",89,0,0,0,0,0,0,0,0,0,0,0,0,2,1582,"202410011509"
"11","CRA",0,0,0,0,0,0,0,0,0,0,0,0,0,0,1582,"202410011509"
"12","GKS",0,0,0,0,0,0,0,0,0,0,0,0,0,0,1582,"202410011509"
"13","RCZ",0,0,0,0,0,0,0,0,0,0,0,0,0,0,1582,"202410011509"
"14","ZAG",0,0,0,0,0,0,0,0,0,0,0,0,0,0,1582,"202410011509"
"15","GÓR",0,0,0,0,0,0,0,0,0,0,0,0,0,0,1582,"202410011509"
"16","JAG",0,0,0,0,0,0,0,0,0,0,0,0,0,0,1582,"202410011509"
"17","PUN",0,0,0,0,0,0,0,0,0,0,0,0,0,0,1582,"202410011509"
"18","RAD",0,0,0,0,0,0,0,0,0,0,0,0,0,0,1582,"202410011509"
"18","LGD",0,0,0,0,0,0,0,0,0,0,0,0,0,0,1582,"202410011509"
"SUMA","EMPTY",352,0,0,0,0,0,0,0,0,0,0,1,1,8,1582,"202410011509"
"2023/24 - wiosna","EMPTY",889,3,0,0,0,0,1,0,0,0,0,3,1,56,1582,"202410011509"
"2023/24 - jesień","EMPTY",809,0,0,0,0,0,0,0,0,0,0,2,1,35,1582,"202410011509"
"2022/23 - wiosna","EMPTY",0,0,0,0,0,0,0,0,0,0,0,0,0,0,1582,"202410011509"
"2022/23 - jesień","EMPTY",0,0,0,0,0,0,0,0,0,0,0,0,0,0,1582,"202410011509"
"2021/22 - wiosna","EMPTY",0,0,0,0,0,0,0,0,0,0,0,0,0,0,1582,"202410011509"
"2021/22 - jesień","EMPTY",0,0,0,0,0,0,0,0,0,0,0,0,0,0,1582,"202410011509"
"2020/21 - wiosna","EMPTY",0,0,0,0,0,0,0,0,0,0,0,0,0,0,1582,"202410011509"
"1","PIA",0,0,0,0,0,0,0,0,0,0,0,0,0,0,2371,"202410011509"
"2","RCZ",0,0,0,0,0,0,0,0,0,0,0,0,0,0,2371,"202410011509"
"3","WID",0,0,0,0,0,0,0,0,0,0,0,0,0,0,2371,"202410011509"
"4","KOR",1,0,0,0,0,0,0,0,0,0,0,0,0,2,2371,"202410011509"
"5","JAG",0,0,0,0,0,0,0,0,0,0,0,0,0,0,2371,"202410011509"
"6","GÓR",25,0,0,0,0,0,0,0,0,0,0,0,0,2,2371,"202410011509"
"7","RAD",45,0,0,0,0,0,0,0,0,0,0,0,0,2,2371,"202410011509"
"8","POG",0,0,0,0,0,0,0,0,0,0,0,0,0,0,2371,"202410011509"
"9","PUN",0,0,0,0,0,0,0,0,0,0,0,0,0,0,2371,"202410011509"
"10","STM",89,0,0,0,0,0,0,0,0,0,0,0,0,2,2371,"202410011509"
"11","ŚLA",0,0,0,0,0,0,0,0,0,0,0,0,0,0,2371,"202410011509"
"12","LPO",0,0,0,0,0,0,0,0,0,0,0,0,0,0,2371,"202410011509"
"13","MOT",0,0,0,0,0,0,0,0,0,0,0,0,0,0,2371,"202410011509"
"14","LGD",0,0,0,0,0,0,0,0,0,0,0,0,0,0,2371,"202410011509"
"15","GKS",0,0,0,0,0,0,0,0,0,0,0,0,0,0,2371,"202410011509"
"16","LEG",0,0,0,0,0,0,0,0,0,0,0,0,0,0,2371,"202410011509"
"17","ZAG",0,0,0,0,0,0,0,0,0,0,0,0,0,0,2371,"202410011509"
"18","PIA",0,0,0,0,0,0,0,0,0,0,0,0,0,0,2371,"202410011509"
"SUMA","EMPTY",160,0,0,0,0,0,0,0,0,0,0,0,0,8,2371,"202410011509"
"1","GKS",13,0,0,0,0,0,0,0,0,0,0,0,0,2,1879,"202410011509"
"2","JAG",45,0,0,0,0,0,0,0,0,0,0,0,0,1,1879,"202410011509"
"4","GÓR",79,0,0,0,0,0,0,0,0,0,0,0,0,2,1879,"202410011509"
"5","LEG",35,0,0,0,0,0,0,0,0,0,0,0,0,2,1879,"202410011509"
"6","WID",0,0,0,0,0,0,0,0,0,0,0,0,0,0,1879,"202410011509"
"7","CRA",0,0,0,0,0,0,0,0,0,0,0,0,0,0,1879,"202410011509"
"8","LGD",0,0,0,0,0,0,0,0,0,0,0,0,0,0,1879,"202410011509"
"9","KOR",0,0,0,0,0,0,0,0,0,0,0,0,0,0,1879,"202410011509"
"10","ZAG",29,0,0,0,0,0,0,0,0,0,0,0,0,1,1879,"202410011509"
"11","RCZ",0,0,0,0,0,0,0,0,0,0,0,0,0,0,1879,"202410011509"
"12","PUN",0,0,0,0,0,0,0,0,0,0,0,0,0,0,1879,"202410011509"
"13","LPO",0,0,0,0,0,0,0,0,0,0,0,0,0,0,1879,"202410011509"
"14","PIA",0,0,0,0,0,0,0,0,0,0,0,0,0,0,1879,"202410011509"
"15","POG",0,0,0,0,0,0,0,0,0,0,0,0,0,0,1879,"202410011509"
"16","STM",0,0,0,0,0,0,0,0,0,0,0,0,0,0,1879,"202410011509"
"17","MOT",0,0,0,0,0,0,0,0,0,0,0,0,0,0,1879,"202410011509"
"18","ŚLA",0,0,0,0,0,0,0,0,0,0,0,0,0,0,1879,"202410011509"
"18","GKS",0,0,0,0,0,0,0,0,0,0,0,0,0,0,1879,"202410011509"
"SUMA","EMPTY",201,0,0,0,0,0,0,0,0,0,0,0,0,8,1879,"202410011509"
"2023/24 - wiosna","EMPTY",774,0,0,0,0,0,0,0,0,0,0,3,0,24,1879,"202410011509"
"2023/24 - jesień","EMPTY",1266,0,0,0,0,0,0,0,0,0,0,3,0,34,1879,"202410011509"
"2022/23 - wiosna","EMPTY",163,0,0,0,0,0,0,0,0,0,0,0,0,9,1879,"202410011509"
"2022/23 - jesień","EMPTY",318,0,0,0,0,0,0,0,0,0,0,0,0,12,1879,"202410011509"
"2021/22 - wiosna","EMPTY",567,0,0,0,0,0,0,0,0,0,0,2,1,15,1879,"202410011509"
"1","ŚLA",90,0,0,0,0,0,0,0,0,0,0,0,0,3,2399,"202410011509"
"2","MOT",90,0,0,0,0,0,0,0,0,0,0,0,0,2,2399,"202410011509"
"3","LPO",90,0,0,0,0,0,0,0,0,0,0,0,0,1,2399,"202410011509"
"4","ZAG",90,0,0,0,0,0,0,0,0,0,0,0,0,3,2399,"202410011509"
"5","PUN",90,0,0,0,0,0,0,0,0,0,0,0,0,-1,2399,"202410011509"
"6","RCZ",0,0,0,0,0,0,0,0,0,0,0,0,0,0,2399,"202410011509"
"7","GÓR",0,0,0,0,0,0,0,0,0,0,0,0,0,0,2399,"202410011509"
"8","RAD",0,0,0,0,0,0,0,0,0,0,0,0,0,0,2399,"202410011509"
"9","JAG",0,0,0,0,0,0,0,0,0,0,0,0,0,0,2399,"202410011509"
"10","WID",0,0,0,0,0,0,0,0,0,0,0,0,0,0,2399,"202410011509"
"11","STM",0,0,0,0,0,0,0,0,0,0,0,0,0,0,2399,"202410011509"
"12","LEG",0,0,0,0,0,0,0,0,0,0,0,0,0,0,2399,"202410011509"
"13","PIA",0,0,0,0,0,0,0,0,0,0,0,0,0,0,2399,"202410011509"
"14","CRA",0,0,0,0,0,0,0,0,0,0,0,0,0,0,2399,"202410011509"
"15","KOR",0,0,0,0,0,0,0,0,0,0,0,0,0,0,2399,"202410011509"
"16","POG",0,0,0,0,0,0,0,0,0,0,0,0,0,0,2399,"202410011509"
"17","GKS",0,0,0,0,0,0,0,0,0,0,0,0,0,0,2399,"202410011509"
"18","ŚLA",0,0,0,0,0,0,0,0,0,0,0,0,0,0,2399,"202410011509"
"SUMA","EMPTY",450,0,0,0,0,0,0,0,0,0,0,0,0,8,2399,"202410011509"
"1","ŚLA",0,0,0,0,0,0,0,0,0,0,0,0,0,0,2403,"202410011509"
"2","MOT",90,0,0,0,0,0,0,0,0,0,0,0,0,1,2403,"202410011509"
"3","LPO",0,0,0,0,0,0,0,0,0,0,0,0,0,0,2403,"202410011509"
"4","ZAG",90,0,0,0,0,0,0,0,0,0,0,0,0,2,2403,"202410011509"
"5","PUN",0,0,0,0,0,0,0,0,0,0,0,0,0,0,2403,"202410011509"
"6","RCZ",0,0,0,0,0,0,0,0,0,0,0,0,0,0,2403,"202410011509"
"7","GÓR",17,0,0,0,0,0,0,0,0,0,0,0,0,2,2403,"202410011509"
"8","RAD",1,0,0,0,0,0,0,0,0,0,0,0,0,2,2403,"202410011509"
"9","JAG",0,0,0,0,0,0,0,0,0,0,0,0,0,0,2403,"202410011509"
"10","WID",1,0,0,0,0,0,0,0,0,0,0,0,0,1,2403,"202410011509"
"11","STM",0,0,0,0,0,0,0,0,0,0,0,0,0,0,2403,"202410011509"
"12","LEG",0,0,0,0,0,0,0,0,0,0,0,0,0,0,2403,"202410011509"
"13","PIA",0,0,0,0,0,0,0,0,0,0,0,0,0,0,2403,"202410011509"
"14","CRA",0,0,0,0,0,0,0,0,0,0,0,0,0,0,2403,"202410011509"
"15","KOR",0,0,0,0,0,0,0,0,0,0,0,0,0,0,2403,"202410011509"
"16","POG",0,0,0,0,0,0,0,0,0,0,0,0,0,0,2403,"202410011509"
"17","GKS",0,0,0,0,0,0,0,0,0,0,0,0,0,0,2403,"202410011509"
"18","ŚLA",0,0,0,0,0,0,0,0,0,0,0,0,0,0,2403,"202410011509"
"SUMA","EMPTY",199,0,0,0,0,0,0,0,0,0,0,0,0,8,2403,"202410011509"
"2","MOT",14,0,0,0,0,0,0,0,0,0,0,0,0,1,2150,"202410011509"
"3","LPO",0,0,0,0,0,0,0,0,0,0,0,0,0,0,2150,"202410011509"
"4","ZAG",23,0,0,0,0,0,0,0,0,0,0,0,0,1,2150,"202410011509"
"5","PUN",10,0,0,0,0,0,0,0,0,0,0,0,0,1,2150,"202410011509"
"6","RCZ",90,0,0,0,0,0,0,0,0,0,0,0,0,2,2150,"202410011509"
"7","GÓR",62,0,0,0,0,0,0,0,0,0,0,0,0,3,2150,"202410011509"
"8","RAD",0,0,0,0,0,0,0,0,0,0,0,0,0,0,2150,"202410011509"
"9","JAG",0,0,0,0,0,0,0,0,0,0,0,0,0,0,2150,"202410011509"
"10","WID",0,0,0,0,0,0,0,0,0,0,0,0,0,0,2150,"202410011509"
"11","STM",0,0,0,0,0,0,0,0,0,0,0,0,0,0,2150,"202410011509"
"12","LEG",0,0,0,0,0,0,0,0,0,0,0,0,0,0,2150,"202410011509"
"13","PIA",0,0,0,0,0,0,0,0,0,0,0,0,0,0,2150,"202410011509"
"14","CRA",0,0,0,0,0,0,0,0,0,0,0,0,0,0,2150,"202410011509"
"15","KOR",0,0,0,0,0,0,0,0,0,0,0,0,0,0,2150,"202410011509"
"16","POG",0,0,0,0,0,0,0,0,0,0,0,0,0,0,2150,"202410011509"
"17","GKS",0,0,0,0,0,0,0,0,0,0,0,0,0,0,2150,"202410011509"
"18","ŚLA",0,0,0,0,0,0,0,0,0,0,0,0,0,0,2150,"202410011509"
"SUMA","EMPTY",199,0,0,0,0,0,0,0,0,0,0,0,0,8,2150,"202410011509"
"2023/24 - wiosna","EMPTY",1078,1,2,0,0,0,0,1,0,0,0,0,0,45,2150,"202410011509"
"2023/24 - jesień","EMPTY",1232,1,0,0,0,0,1,0,0,0,0,2,0,37,2150,"202410011509"
"1","RCZ",0,0,0,0,0,0,0,0,0,0,0,0,0,0,2420,"202410011509"
"2","LGD",63,0,0,0,0,0,0,0,0,0,0,0,0,4,2420,"202410011509"
"3","KOR",45,0,0,0,0,0,0,0,0,0,0,0,0,2,2420,"202410011509"
"5","GKS",0,0,0,0,0,0,0,0,0,0,0,0,0,0,2420,"202410011509"
"6","PUN",0,0,0,0,0,0,0,0,0,0,0,0,0,0,2420,"202410011509"
"7","LEG",0,0,0,0,0,0,0,0,0,0,0,0,0,0,2420,"202410011509"
"8","GÓR",0,0,0,0,0,0,0,0,0,0,0,0,0,0,2420,"202410011509"
"9","JAG",11,0,0,0,0,0,0,0,0,0,0,0,0,1,2420,"202410011509"
"9","STM",28,0,0,0,0,0,0,0,0,0,0,0,0,1,2420,"202410011509"
"10","ŚLA",0,0,0,0,0,0,0,0,0,0,0,0,0,0,2420,"202410011509"
"11","LPO",0,0,0,0,0,0,0,0,0,0,0,0,0,0,2420,"202410011509"
"12","WID",0,0,0,0,0,0,0,0,0,0,0,0,0,0,2420,"202410011509"
"13","CRA",0,0,0,0,0,0,0,0,0,0,0,0,0,0,2420,"202410011509"
"14","POG",0,0,0,0,0,0,0,0,0,0,0,0,0,0,2420,"202410011509"
"15","PIA",0,0,0,0,0,0,0,0,0,0,0,0,0,0,2420,"202410011509"
"16","ZAG",0,0,0,0,0,0,0,0,0,0,0,0,0,0,2420,"202410011509"
"17","RAD",0,0,0,0,0,0,0,0,0,0,0,0,0,0,2420,"202410011509"
"18","RCZ",0,0,0,0,0,0,0,0,0,0,0,0,0,0,2420,"202410011509"
"SUMA","EMPTY",147,0,0,0,0,0,0,0,0,0,0,0,0,8,2420,"202410011509"
"1","JAG",9,0,0,0,0,0,0,0,0,0,0,0,0,1,2166,"202410011509"
"2","GÓR",13,0,0,0,0,0,0,0,0,0,0,0,0,1,2166,"202410011509"
"3","ZAG",13,0,0,0,0,0,0,0,0,0,0,0,0,1,2166,"202410011509"
"4","LEG",0,0,0,0,0,0,0,0,0,0,0,0,0,0,2166,"202410011509"
"5","LGD",1,0,0,0,0,0,0,0,0,0,0,0,0,2,2166,"202410011509"
"6","MOT",8,0,0,0,0,0,0,0,0,0,0,0,0,1,2166,"202410011509"
"7","KOR",0,0,0,0,0,0,0,0,0,0,0,0,0,0,2166,"202410011509"
"8","PIA",0,0,0,0,0,0,0,0,0,0,0,0,0,0,2166,"202410011509"
"9","CRA",0,0,0,0,0,0,0,0,0,0,0,0,0,0,2166,"202410011509"
"10","RCZ",80,0,0,0,0,0,0,0,0,0,0,0,0,2,2166,"202410011509"
"11","GKS",0,0,0,0,0,0,0,0,0,0,0,0,0,0,2166,"202410011509"
"12","RAD",0,0,0,0,0,0,0,0,0,0,0,0,0,0,2166,"202410011509"
"13","POG",0,0,0,0,0,0,0,0,0,0,0,0,0,0,2166,"202410011509"
"14","LPO",0,0,0,0,0,0,0,0,0,0,0,0,0,0,2166,"202410011509"
"15","STM",0,0,0,0,0,0,0,0,0,0,0,0,0,0,2166,"202410011509"
"16","WID",0,0,0,0,0,0,0,0,0,0,0,0,0,0,2166,"202410011509"
"17","ŚLA",0,0,0,0,0,0,0,0,0,0,0,0,0,0,2166,"202410011509"
"18","JAG",0,0,0,0,0,0,0,0,0,0,0,0,0,0,2166,"202410011509"
"SUMA","EMPTY",124,0,0,0,0,0,0,0,0,0,0,0,0,8,2166,"202410011509"
"2023/24 - wiosna","EMPTY",606,0,0,0,0,0,0,0,0,0,0,3,0,23,2166,"202410011509"
"2023/24 - jesień","EMPTY",539,0,0,0,0,0,0,1,0,0,0,1,0,14,2166,"202410011509"
"1","RCZ",0,0,0,0,0,0,0,0,0,0,0,0,0,0,2427,"202410011509"
"2","LGD",0,0,0,0,0,0,0,0,0,0,0,0,0,0,2427,"202410011509"
"3","KOR",14,0,0,0,0,0,1,0,0,0,0,0,0,3,2427,"202410011509"
"5","GKS",8,0,0,0,0,0,0,0,0,0,0,0,0,1,2427,"202410011509"
"6","PUN",1,0,0,0,0,0,0,0,0,0,0,0,0,1,2427,"202410011509"
"7","LEG",0,0,0,0,0,0,0,0,0,0,0,0,0,0,2427,"202410011509"
"8","GÓR",7,0,0,0,0,0,0,0,0,0,0,0,0,2,2427,"202410011509"
"9","JAG",11,0,0,0,0,0,0,0,0,0,0,0,0,1,2427,"202410011509"
"9","STM",0,0,0,0,0,0,0,0,0,0,0,0,0,0,2427,"202410011509"
"10","ŚLA",0,0,0,0,0,0,0,0,0,0,0,0,0,0,2427,"202410011509"
"11","LPO",0,0,0,0,0,0,0,0,0,0,0,0,0,0,2427,"202410011509"
"12","WID",0,0,0,0,0,0,0,0,0,0,0,0,0,0,2427,"202410011509"
"13","CRA",0,0,0,0,0,0,0,0,0,0,0,0,0,0,2427,"202410011509"
"14","POG",0,0,0,0,0,0,0,0,0,0,0,0,0,0,2427,"202410011509"
"15","PIA",0,0,0,0,0,0,0,0,0,0,0,0,0,0,2427,"202410011509"
"16","ZAG",0,0,0,0,0,0,0,0,0,0,0,0,0,0,2427,"202410011509"
"17","RAD",0,0,0,0,0,0,0,0,0,0,0,0,0,0,2427,"202410011509"
"18","RCZ",0,0,0,0,0,0,0,0,0,0,0,0,0,0,2427,"202410011509"
"SUMA","EMPTY",41,0,0,0,0,0,1,0,0,0,0,0,0,8,2427,"202410011509"
"1","MOT",0,0,0,0,0,0,0,0,0,0,0,0,0,0,2449,"202410011509"
"2","CRA",45,0,0,0,0,0,0,0,0,0,0,0,0,1,2449,"202410011509"
"3","GKS",0,0,0,0,0,0,0,0,0,0,0,0,0,0,2449,"202410011509"
"4","LPO",0,0,0,0,0,0,0,0,0,0,0,0,0,0,2449,"202410011509"
"5","GÓR",25,0,0,0,0,0,0,0,0,0,0,0,0,1,2449,"202410011509"
"6","LGD",52,0,0,0,0,0,0,0,0,0,0,0,0,3,2449,"202410011509"
"7","PIA",0,0,0,0,0,0,0,0,0,0,0,0,0,0,2449,"202410011509"
"8","LEG",56,0,0,0,0,0,0,0,0,0,0,0,0,3,2449,"202410011509"
"9","ZAG",0,0,0,0,0,0,0,0,0,0,0,0,0,0,2449,"202410011509"
"10","PUN",0,0,0,0,0,0,0,0,0,0,0,0,0,0,2449,"202410011509"
"11","RAD",0,0,0,0,0,0,0,0,0,0,0,0,0,0,2449,"202410011509"
"12","POG",0,0,0,0,0,0,0,0,0,0,0,0,0,0,2449,"202410011509"
"13","ŚLA",0,0,0,0,0,0,0,0,0,0,0,0,0,0,2449,"202410011509"
"14","STM",0,0,0,0,0,0,0,0,0,0,0,0,0,0,2449,"202410011509"
"15","JAG",0,0,0,0,0,0,0,0,0,0,0,0,0,0,2449,"202410011509"
"16","KOR",0,0,0,0,0,0,0,0,0,0,0,0,0,0,2449,"202410011509"
"17","WID",0,0,0,0,0,0,0,0,0,0,0,0,0,0,2449,"202410011509"
"18","MOT",0,0,0,0,0,0,0,0,0,0,0,0,0,0,2449,"202410011509"
"SUMA","EMPTY",178,0,0,0,0,0,0,0,0,0,0,0,0,8,2449,"202410011509"
"1","LEG",0,0,0,0,0,0,0,0,0,0,0,0,0,0,1464,"202410011509"
"2","POG",0,0,0,0,0,0,0,0,0,0,0,0,0,0,1464,"202410011509"
"3","PUN",0,0,0,0,0,0,0,0,0,0,0,0,0,0,1464,"202410011509"
"4","LGD",0,0,0,0,0,0,0,0,0,0,0,0,0,0,1464,"202410011509"
"5","LPO",21,0,0,0,0,0,0,0,0,0,0,0,0,1,1464,"202410011509"
"6","PIA",22,0,0,0,0,0,0,0,0,0,0,0,0,1,1464,"202410011509"
"7","GKS",68,0,0,0,0,0,0,0,0,0,0,0,0,4,1464,"202410011509"
"8","KOR",40,0,0,0,0,0,0,0,0,0,0,0,0,2,1464,"202410011509"
"9","RCZ",0,0,0,0,0,0,0,0,0,0,0,0,0,0,1464,"202410011509"
"10","RAD",0,0,0,0,0,0,0,0,0,0,0,0,0,0,1464,"202410011509"
"11","GÓR",0,0,0,0,0,0,0,0,0,0,0,0,0,0,1464,"202410011509"
"12","JAG",0,0,0,0,0,0,0,0,0,0,0,0,0,0,1464,"202410011509"
"13","STM",0,0,0,0,0,0,0,0,0,0,0,0,0,0,1464,"202410011509"
"14","ŚLA",0,0,0,0,0,0,0,0,0,0,0,0,0,0,1464,"202410011509"
"15","WID",0,0,0,0,0,0,0,0,0,0,0,0,0,0,1464,"202410011509"
"16","MOT",0,0,0,0,0,0,0,0,0,0,0,0,0,0,1464,"202410011509"
"17","CRA",0,0,0,0,0,0,0,0,0,0,0,0,0,0,1464,"202410011509"
"18","LEG",0,0,0,0,0,0,0,0,0,0,0,0,0,0,1464,"202410011509"
"SUMA","EMPTY",151,0,0,0,0,0,0,0,0,0,0,0,0,8,1464,"202410011509"
"2023/24 - wiosna","EMPTY",1163,1,1,0,0,0,0,0,0,0,0,0,0,44,1464,"202410011509"
"2023/24 - jesień","EMPTY",1450,6,1,0,0,4,0,0,1,0,0,4,0,71,1464,"202410011509"
"2022/23 - wiosna","EMPTY",1264,3,3,0,0,1,0,0,0,0,0,4,0,61,1464,"202410011509"
"2022/23 - jesień","EMPTY",530,0,2,0,0,0,0,0,0,0,0,2,0,30,1464,"202410011509"
"2021/22 - wiosna","EMPTY",93,0,0,0,0,0,0,0,0,0,0,0,0,9,1464,"202410011509"
"2021/22 - jesień","EMPTY",0,0,0,0,0,0,0,0,0,0,0,0,0,0,1464,"202410011509"
"2020/21 - wiosna","EMPTY",0,0,0,0,0,0,0,0,0,0,0,0,0,0,1464,"202410011509"
"2020/21 - jesień","EMPTY",198,0,0,0,0,0,0,0,0,0,0,0,0,9,1464,"202410011509"
"8","LPO",0,0,0,0,0,0,0,0,0,0,0,0,0,0,2501,"202410011509"
"9","MOT",22,0,0,0,0,0,0,0,0,0,0,0,0,2,2501,"202410011509"
"9","LGD",23,0,0,0,0,0,0,0,0,0,0,0,0,2,2501,"202410011509"
"10","PIA",90,0,0,0,0,0,0,0,0,0,0,0,0,4,2501,"202410011509"
"11","LEG",0,0,0,0,0,0,0,0,0,0,0,0,0,0,2501,"202410011509"
"12","ZAG",0,0,0,0,0,0,0,0,0,0,0,0,0,0,2501,"202410011509"
"13","KOR",0,0,0,0,0,0,0,0,0,0,0,0,0,0,2501,"202410011509"
"14","GÓR",0,0,0,0,0,0,0,0,0,0,0,0,0,0,2501,"202410011509"
"15","RCZ",0,0,0,0,0,0,0,0,0,0,0,0,0,0,2501,"202410011509"
"16","ŚLA",0,0,0,0,0,0,0,0,0,0,0,0,0,0,2501,"202410011509"
"17","POG",0,0,0,0,0,0,0,0,0,0,0,0,0,0,2501,"202410011509"
"18","PUN",0,0,0,0,0,0,0,0,0,0,0,0,0,0,2501,"202410011509"
"SUMA","EMPTY",135,0,0,0,0,0,0,0,0,0,0,0,0,8,2501,"202410011509"
"1","MOT",0,0,0,0,0,0,0,0,0,0,0,0,0,0,1506,"202410011509"
"2","CRA",0,0,0,0,0,0,0,0,0,0,0,0,0,0,1506,"202410011509"
"3","GKS",0,0,0,0,0,0,0,0,0,0,0,0,0,0,1506,"202410011509"
"4","LPO",0,0,0,0,0,0,0,0,0,0,0,0,0,0,1506,"202410011509"
"5","GÓR",45,0,0,0,0,0,0,0,0,0,0,0,0,1,1506,"202410011509"
"6","LGD",0,0,0,0,0,0,0,0,0,0,0,0,0,0,1506,"202410011509"
"7","PIA",90,0,0,0,0,0,0,1,0,0,0,1,0,-1,1506,"202410011509"
"8","LEG",65,0,0,0,0,0,0,0,0,0,0,0,0,6,1506,"202410011509"
"9","ZAG",0,0,0,0,0,0,0,0,0,0,0,0,0,0,1506,"202410011509"
"10","PUN",1,0,0,0,0,0,0,0,0,0,0,0,0,2,1506,"202410011509"
"11","RAD",0,0,0,0,0,0,0,0,0,0,0,0,0,0,1506,"202410011509"
"12","POG",0,0,0,0,0,0,0,0,0,0,0,0,0,0,1506,"202410011509"
"13","ŚLA",0,0,0,0,0,0,0,0,0,0,0,0,0,0,1506,"202410011509"
"14","STM",0,0,0,0,0,0,0,0,0,0,0,0,0,0,1506,"202410011509"
"15","JAG",0,0,0,0,0,0,0,0,0,0,0,0,0,0,1506,"202410011509"
"16","KOR",0,0,0,0,0,0,0,0,0,0,0,0,0,0,1506,"202410011509"
"17","WID",0,0,0,0,0,0,0,0,0,0,0,0,0,0,1506,"202410011509"
"18","MOT",0,0,0,0,0,0,0,0,0,0,0,0,0,0,1506,"202410011509"
"SUMA","EMPTY",201,0,0,0,0,0,0,1,0,0,0,1,0,8,1506,"202410011509"
"2023/24 - wiosna","EMPTY",0,0,0,0,0,0,0,0,0,0,0,0,0,0,1506,"202410011509"
"2023/24 - jesień","EMPTY",855,0,0,0,0,0,0,0,0,0,0,1,0,33,1506,"202410011509"
"2022/23 - wiosna","EMPTY",775,0,1,0,0,0,0,0,0,0,0,0,0,41,1506,"202410011509"
"2022/23 - jesień","EMPTY",549,0,0,0,0,0,0,0,0,0,0,0,0,29,1506,"202410011509"
"2021/22 - wiosna","EMPTY",443,0,1,0,0,0,0,0,0,0,0,0,0,31,1506,"202410011509"
"2021/22 - jesień","EMPTY",678,1,1,0,0,0,0,0,0,0,0,1,0,40,1506,"202410011509"
"2020/21 - wiosna","EMPTY",1260,1,0,0,0,1,0,0,0,0,0,2,0,39,1506,"202410011509"
"2020/21 - jesień","EMPTY",653,0,0,0,0,0,0,0,0,0,0,1,0,1,1506,"202410011509"
"1","PIA",0,0,0,0,0,0,0,0,0,0,0,0,0,0,2087,"202410011509"
"2","RCZ",23,0,0,0,0,0,0,0,0,0,0,0,0,3,2087,"202410011509"
"3","WID",0,0,0,0,0,0,0,0,0,0,0,0,0,0,2087,"202410011509"
"4","KOR",0,0,0,0,0,0,0,0,0,0,0,0,0,0,2087,"202410011509"
"5","JAG",90,0,0,0,0,0,0,0,0,0,0,0,0,2,2087,"202410011509"
"6","GÓR",45,0,0,0,0,0,0,0,0,0,0,0,0,2,2087,"202410011509"
"7","RAD",0,0,0,0,0,0,0,0,0,0,0,0,0,0,2087,"202410011509"
"8","POG",0,0,0,0,0,0,0,0,0,0,0,0,0,0,2087,"202410011509"
"9","PUN",0,0,0,0,0,0,0,0,0,0,0,0,0,0,2087,"202410011509"
"10","STM",0,0,0,0,0,0,0,0,0,0,0,0,0,0,2087,"202410011509"
"11","ŚLA",0,0,0,0,0,0,0,0,0,0,0,0,0,0,2087,"202410011509"
"12","LPO",0,0,0,0,0,0,0,0,0,0,0,0,0,0,2087,"202410011509"
"13","MOT",0,0,0,0,0,0,0,0,0,0,0,0,0,0,2087,"202410011509"
"14","LGD",0,0,0,0,0,0,0,0,0,0,0,0,0,0,2087,"202410011509"
"15","GKS",0,0,0,0,0,0,0,0,0,0,0,0,0,0,2087,"202410011509"
"16","LEG",0,0,0,0,0,0,0,0,0,0,0,0,0,0,2087,"202410011509"
"17","ZAG",0,0,0,0,0,0,0,0,0,0,0,0,0,0,2087,"202410011509"
"18","PIA",0,0,0,0,0,0,0,0,0,0,0,0,0,0,2087,"202410011509"
"SUMA","EMPTY",158,0,0,0,0,0,0,0,0,0,0,0,0,7,2087,"202410011509"
"2023/24 - wiosna","EMPTY",798,1,0,0,0,0,0,0,0,0,0,1,0,28,2087,"202410011509"
"2023/24 - jesień","EMPTY",1355,0,0,0,0,0,0,0,0,0,0,1,0,40,2087,"202410011509"
"2022/23 - wiosna","EMPTY",775,1,0,0,0,0,0,0,0,0,0,1,0,29,2087,"202410011509"
"1","JAG",45,0,0,0,0,0,0,0,0,0,0,0,0,2,88,"202410011509"
"2","GÓR",1,0,0,0,0,0,0,0,0,0,0,0,0,1,88,"202410011509"
"3","ZAG",0,0,0,0,0,0,0,0,0,0,0,0,0,0,88,"202410011509"
"4","LEG",0,0,0,0,0,0,0,0,0,0,0,0,0,0,88,"202410011509"
"5","LGD",0,0,0,0,0,0,0,0,0,0,0,0,0,0,88,"202410011509"
"6","MOT",61,0,0,0,0,0,0,0,0,0,0,1,0,3,88,"202410011509"
"7","KOR",7,0,0,0,0,0,0,0,0,0,0,0,0,1,88,"202410011509"
"8","PIA",0,0,0,0,0,0,0,0,0,0,0,0,0,0,88,"202410011509"
"9","CRA",0,0,0,0,0,0,0,0,0,0,0,0,0,0,88,"202410011509"
"10","RCZ",0,0,0,0,0,0,0,0,0,0,0,0,0,0,88,"202410011509"
"11","GKS",0,0,0,0,0,0,0,0,0,0,0,0,0,0,88,"202410011509"
"12","RAD",0,0,0,0,0,0,0,0,0,0,0,0,0,0,88,"202410011509"
"13","POG",0,0,0,0,0,0,0,0,0,0,0,0,0,0,88,"202410011509"
"14","LPO",0,0,0,0,0,0,0,0,0,0,0,0,0,0,88,"202410011509"
"15","STM",0,0,0,0,0,0,0,0,0,0,0,0,0,0,88,"202410011509"
"16","WID",0,0,0,0,0,0,0,0,0,0,0,0,0,0,88,"202410011509"
"17","ŚLA",0,0,0,0,0,0,0,0,0,0,0,0,0,0,88,"202410011509"
"18","JAG",0,0,0,0,0,0,0,0,0,0,0,0,0,0,88,"202410011509"
"SUMA","EMPTY",114,0,0,0,0,0,0,0,0,0,0,1,0,7,88,"202410011509"
"2023/24 - wiosna","EMPTY",1110,1,0,0,0,0,0,0,0,0,0,1,0,43,88,"202410011509"
"2023/24 - jesień","EMPTY",1373,0,0,0,0,0,0,1,0,0,0,4,0,40,88,"202410011509"
"2022/23 - wiosna","EMPTY",1395,0,0,0,1,0,0,0,0,0,0,1,0,43,88,"202410011509"
"2022/23 - jesień","EMPTY",1530,1,0,0,0,0,0,0,0,0,0,3,0,60,88,"202410011509"
"2021/22 - wiosna","EMPTY",1128,2,0,0,0,0,2,0,0,0,0,1,0,60,88,"202410011509"
"2021/22 - jesień","EMPTY",631,0,0,0,0,0,0,0,0,0,0,1,0,16,88,"202410011509"
"2020/21 - wiosna","EMPTY",876,0,0,0,0,0,1,0,0,0,0,3,0,21,88,"202410011509"
"2020/21 - jesień","EMPTY",1139,1,0,0,0,0,0,1,0,0,0,3,0,33,88,"202410011509"
"2019/20 - wiosna","EMPTY",481,0,0,0,0,0,0,0,0,0,0,0,0,8,88,"202410011509"
"2019/20 - jesień","EMPTY",783,0,0,0,0,0,0,0,0,0,0,3,0,33,88,"202410011509"
"2018/19 - wiosna","EMPTY",0,0,0,0,0,0,0,0,0,0,0,0,0,0,88,"202410011509"
"2017/18 - wiosna","EMPTY",0,0,0,0,0,0,0,0,0,0,0,0,0,0,88,"202410011509"
"2017/18 - jesień","EMPTY",30,0,0,0,0,0,0,0,0,0,0,0,0,3,88,"202410011509"
"2016/17 - wiosna","EMPTY",270,0,0,0,0,0,0,0,0,0,0,1,0,10,88,"202410011509"
"2016/17 - jesień","EMPTY",181,0,0,0,0,0,0,0,0,0,0,0,0,5,88,"202410011509"
"1","STM",8,0,0,0,0,0,0,0,0,0,0,0,0,1,2199,"202410011509"
"2","LPO",0,0,0,0,0,0,0,0,0,0,0,0,0,0,2199,"202410011509"
"3","CRA",0,0,0,0,0,0,0,0,0,0,0,0,0,0,2199,"202410011509"
"4","ŚLA",23,0,0,0,0,0,0,0,0,0,0,0,0,1,2199,"202410011509"
"5","POG",90,0,0,0,0,0,0,0,0,0,0,0,0,1,2199,"202410011509"
"6","RAD",90,0,0,0,0,0,0,0,0,0,0,0,0,2,2199,"202410011509"
"7","JAG",1,0,0,0,0,0,0,0,0,0,0,0,0,1,2199,"202410011509"
"8","GKS",10,0,0,0,0,0,0,0,0,0,0,0,0,1,2199,"202410011509"
"9","PIA",0,0,0,0,0,0,0,0,0,0,0,0,0,0,2199,"202410011509"
"10","LGD",0,0,0,0,0,0,0,0,0,0,0,0,0,0,2199,"202410011509"
"11","KOR",0,0,0,0,0,0,0,0,0,0,0,0,0,0,2199,"202410011509"
"12","MOT",0,0,0,0,0,0,0,0,0,0,0,0,0,0,2199,"202410011509"
"13","GÓR",0,0,0,0,0,0,0,0,0,0,0,0,0,0,2199,"202410011509"
"14","LEG",0,0,0,0,0,0,0,0,0,0,0,0,0,0,2199,"202410011509"
"15","ZAG",0,0,0,0,0,0,0,0,0,0,0,0,0,0,2199,"202410011509"
"16","PUN",0,0,0,0,0,0,0,0,0,0,0,0,0,0,2199,"202410011509"
"17","RCZ",0,0,0,0,0,0,0,0,0,0,0,0,0,0,2199,"202410011509"
"18","STM",0,0,0,0,0,0,0,0,0,0,0,0,0,0,2199,"202410011509"
"SUMA","EMPTY",222,0,0,0,0,0,0,0,0,0,0,0,0,7,2199,"202410011509"
"2023/24 - wiosna","EMPTY",806,1,0,0,0,0,0,0,0,0,0,1,0,33,2199,"202410011509"
"2023/24 - jesień","EMPTY",1075,0,0,0,0,0,0,1,0,0,0,4,2,16,2199,"202410011509"
"1","LGD",2,0,0,0,0,0,0,0,0,0,0,0,0,1,2466,"202410011509"
"2","PIA",0,0,0,0,0,0,0,0,0,0,0,0,0,0,2466,"202410011509"
"4","WID",24,0,0,0,0,0,0,0,0,0,0,1,0,0,2466,"202410011509"
"5","KOR",45,0,0,0,0,0,0,0,0,0,0,0,0,1,2466,"202410011509"
"6","LEG",62,0,0,0,0,0,0,0,0,0,0,0,0,2,2466,"202410011509"
"7","POG",25,0,0,0,0,0,0,0,0,0,0,0,0,1,2466,"202410011509"
"8","STM",0,0,0,0,0,0,0,0,0,0,0,0,0,0,2466,"202410011509"
"9","LPO",13,0,0,0,0,0,0,0,0,0,0,0,0,1,2466,"202410011509"
"10","MOT",2,0,0,0,0,0,0,0,0,0,0,0,0,1,2466,"202410011509"
"11","CRA",0,0,0,0,0,0,0,0,0,0,0,0,0,0,2466,"202410011509"
"12","GKS",0,0,0,0,0,0,0,0,0,0,0,0,0,0,2466,"202410011509"
"13","RCZ",0,0,0,0,0,0,0,0,0,0,0,0,0,0,2466,"202410011509"
"14","ZAG",0,0,0,0,0,0,0,0,0,0,0,0,0,0,2466,"202410011509"
"15","GÓR",0,0,0,0,0,0,0,0,0,0,0,0,0,0,2466,"202410011509"
"16","JAG",0,0,0,0,0,0,0,0,0,0,0,0,0,0,2466,"202410011509"
"17","PUN",0,0,0,0,0,0,0,0,0,0,0,0,0,0,2466,"202410011509"
"18","RAD",0,0,0,0,0,0,0,0,0,0,0,0,0,0,2466,"202410011509"
"18","LGD",0,0,0,0,0,0,0,0,0,0,0,0,0,0,2466,"202410011509"
"SUMA","EMPTY",173,0,0,0,0,0,0,0,0,0,0,1,0,7,2466,"202410011509"
"4","GÓR",83,0,0,0,0,0,0,0,0,0,0,0,0,1,2483,"202410011509"
"5","LEG",45,1,0,0,0,0,0,0,0,0,0,0,0,6,2483,"202410011509"
"6","WID",0,0,0,0,0,0,0,0,0,0,0,0,0,0,2483,"202410011509"
"7","CRA",0,0,0,0,0,0,0,0,0,0,0,0,0,0,2483,"202410011509"
"8","LGD",0,0,0,0,0,0,0,0,0,0,0,0,0,0,2483,"202410011509"
"9","KOR",0,0,0,0,0,0,0,0,0,0,0,0,0,0,2483,"202410011509"
"10","ZAG",0,0,0,0,0,0,0,0,0,0,0,0,0,0,2483,"202410011509"
"11","RCZ",0,0,0,0,0,0,0,0,0,0,0,0,0,0,2483,"202410011509"
"12","PUN",0,0,0,0,0,0,0,0,0,0,0,0,0,0,2483,"202410011509"
"13","LPO",0,0,0,0,0,0,0,0,0,0,0,0,0,0,2483,"202410011509"
"14","PIA",0,0,0,0,0,0,0,0,0,0,0,0,0,0,2483,"202410011509"
"15","POG",0,0,0,0,0,0,0,0,0,0,0,0,0,0,2483,"202410011509"
"16","STM",0,0,0,0,0,0,0,0,0,0,0,0,0,0,2483,"202410011509"
"17","MOT",0,0,0,0,0,0,0,0,0,0,0,0,0,0,2483,"202410011509"
"18","ŚLA",0,0,0,0,0,0,0,0,0,0,0,0,0,0,2483,"202410011509"
"18","GKS",0,0,0,0,0,0,0,0,0,0,0,0,0,0,2483,"202410011509"
"SUMA","EMPTY",128,1,0,0,0,0,0,0,0,0,0,0,0,7,2483,"202410011509"
"1","LPO",0,0,0,0,0,0,0,0,0,0,0,0,0,0,2261,"202410011509"
"2","PUN",0,0,0,0,0,0,0,0,0,0,0,0,0,0,2261,"202410011509"
"3","POG",0,0,0,0,0,0,0,0,0,0,0,0,0,0,2261,"202410011509"
"4","RAD",27,0,0,0,0,0,0,0,0,0,0,0,0,2,2261,"202410011509"
"5","RCZ",35,0,0,0,0,0,0,0,0,0,0,0,0,1,2261,"202410011509"
"6","CRA",90,0,0,0,0,0,0,0,0,0,0,0,0,0,2261,"202410011509"
"7","LGD",90,0,0,0,0,0,0,0,0,0,0,0,0,0,2261,"202410011509"
"8","MOT",86,0,0,0,0,0,0,0,0,0,0,0,0,2,2261,"202410011509"
"9","GKS",8,0,0,0,0,0,0,0,0,0,0,0,0,2,2261,"202410011509"
"10","LEG",0,0,0,0,0,0,0,0,0,0,0,0,0,0,2261,"202410011509"
"11","ZAG",0,0,0,0,0,0,0,0,0,0,0,0,0,0,2261,"202410011509"
"12","STM",0,0,0,0,0,0,0,0,0,0,0,0,0,0,2261,"202410011509"
"13","WID",0,0,0,0,0,0,0,0,0,0,0,0,0,0,2261,"202410011509"
"14","JAG",0,0,0,0,0,0,0,0,0,0,0,0,0,0,2261,"202410011509"
"15","ŚLA",0,0,0,0,0,0,0,0,0,0,0,0,0,0,2261,"202410011509"
"16","PIA",0,0,0,0,0,0,0,0,0,0,0,0,0,0,2261,"202410011509"
"17","KOR",0,0,0,0,0,0,0,0,0,0,0,0,0,0,2261,"202410011509"
"18","LPO",0,0,0,0,0,0,0,0,0,0,0,0,0,0,2261,"202410011509"
"SUMA","EMPTY",336,0,0,0,0,0,0,0,0,0,0,0,0,7,2261,"202410011509"
"2023/24 - wiosna","EMPTY",717,0,0,0,0,0,0,0,0,0,0,0,0,21,2261,"202410011509"
"2023/24 - jesień","EMPTY",113,0,0,0,0,0,0,0,0,0,0,0,0,4,2261,"202410011509"
"1","RCZ",59,0,0,0,0,0,0,0,0,0,0,0,0,2,988,"202410011509"
"2","LGD",45,0,0,0,0,0,0,0,0,0,0,1,0,2,988,"202410011509"
"3","KOR",0,0,0,0,0,0,0,0,0,0,0,0,0,0,988,"202410011509"
"5","GKS",60,0,0,0,0,0,0,0,0,0,0,1,0,2,988,"202410011509"
"6","PUN",0,0,0,0,0,0,0,0,0,0,0,0,0,0,988,"202410011509"
"7","LEG",14,0,0,0,0,0,0,0,0,0,0,0,0,1,988,"202410011509"
"8","GÓR",0,0,0,0,0,0,0,0,0,0,0,0,0,0,988,"202410011509"
"9","JAG",0,0,0,0,0,0,0,0,0,0,0,0,0,0,988,"202410011509"
"9","STM",0,0,0,0,0,0,0,0,0,0,0,0,0,0,988,"202410011509"
"10","ŚLA",0,0,0,0,0,0,0,0,0,0,0,0,0,0,988,"202410011509"
"11","LPO",0,0,0,0,0,0,0,0,0,0,0,0,0,0,988,"202410011509"
"12","WID",0,0,0,0,0,0,0,0,0,0,0,0,0,0,988,"202410011509"
"13","CRA",0,0,0,0,0,0,0,0,0,0,0,0,0,0,988,"202410011509"
"14","POG",0,0,0,0,0,0,0,0,0,0,0,0,0,0,988,"202410011509"
"15","PIA",0,0,0,0,0,0,0,0,0,0,0,0,0,0,988,"202410011509"
"16","ZAG",0,0,0,0,0,0,0,0,0,0,0,0,0,0,988,"202410011509"
"17","RAD",0,0,0,0,0,0,0,0,0,0,0,0,0,0,988,"202410011509"
"18","RCZ",0,0,0,0,0,0,0,0,0,0,0,0,0,0,988,"202410011509"
"SUMA","EMPTY",178,0,0,0,0,0,0,0,0,0,0,2,0,7,988,"202410011509"
"2023/24 - wiosna","EMPTY",0,0,0,0,0,0,0,0,0,0,0,0,0,0,988,"202410011509"
"2023/24 - jesień","EMPTY",0,0,0,0,0,0,0,0,0,0,0,0,0,0,988,"202410011509"
"2022/23 - wiosna","EMPTY",0,0,0,0,0,0,0,0,0,0,0,0,0,0,988,"202410011509"
"2022/23 - jesień","EMPTY",101,0,0,0,0,0,0,0,0,0,0,0,0,5,988,"202410011509"
"2021/22 - wiosna","EMPTY",921,5,1,0,1,0,0,1,0,0,0,3,0,53,988,"202410011509"
"2021/22 - jesień","EMPTY",1263,4,2,0,0,0,0,0,0,0,0,2,0,67,988,"202410011509"
"2020/21 - wiosna","EMPTY",1237,0,0,0,0,0,0,0,0,0,0,4,0,29,988,"202410011509"
"2020/21 - jesień","EMPTY",144,0,0,0,0,0,0,0,0,0,0,0,0,11,988,"202410011509"
"2019/20 - jesień","EMPTY",0,0,0,0,0,0,0,0,0,0,0,0,0,0,988,"202410011509"
"2018/19 - wiosna","EMPTY",0,0,0,0,0,0,0,0,0,0,0,0,0,0,988,"202410011509"
"2018/19 - jesień","EMPTY",0,0,0,0,0,0,0,0,0,0,0,0,0,0,988,"202410011509"
"1","CRA",0,0,0,0,0,0,0,0,0,0,0,0,0,0,231,"202410011509"
"2","ŚLA",0,0,0,0,0,0,0,0,0,0,0,0,0,0,231,"202410011509"
"3","LEG",0,0,0,0,0,0,0,0,0,0,0,0,0,0,231,"202410011509"
"4","GKS",0,0,0,0,0,0,0,0,0,0,0,0,0,0,231,"202410011509"
"5","STM",0,0,0,0,0,0,0,0,0,0,0,0,0,0,231,"202410011509"
"6","ZAG",61,0,0,0,0,0,0,0,0,0,0,0,0,5,231,"202410011509"
"7","RCZ",0,0,0,0,0,0,0,0,0,0,0,0,0,0,231,"202410011509"
"8","PUN",1,0,0,0,0,0,0,0,0,0,0,0,0,1,231,"202410011509"
"9","WID",16,0,0,0,0,0,0,0,0,0,0,0,0,1,231,"202410011509"
"10","JAG",0,0,0,0,0,0,0,0,0,0,0,0,0,0,231,"202410011509"
"11","POG",0,0,0,0,0,0,0,0,0,0,0,0,0,0,231,"202410011509"
"12","KOR",0,0,0,0,0,0,0,0,0,0,0,0,0,0,231,"202410011509"
"13","LGD",0,0,0,0,0,0,0,0,0,0,0,0,0,0,231,"202410011509"
"14","RAD",0,0,0,0,0,0,0,0,0,0,0,0,0,0,231,"202410011509"
"15","MOT",0,0,0,0,0,0,0,0,0,0,0,0,0,0,231,"202410011509"
"16","GÓR",0,0,0,0,0,0,0,0,0,0,0,0,0,0,231,"202410011509"
"17","LPO",0,0,0,0,0,0,0,0,0,0,0,0,0,0,231,"202410011509"
"18","CRA",0,0,0,0,0,0,0,0,0,0,0,0,0,0,231,"202410011509"
"SUMA","EMPTY",78,0,0,0,0,0,0,0,0,0,0,0,0,7,231,"202410011509"
"2023/24 - wiosna","EMPTY",1043,0,0,0,0,0,0,1,0,0,0,1,0,36,231,"202410011509"
"2023/24 - jesień","EMPTY",118,0,0,0,0,0,0,0,0,0,0,1,0,6,231,"202410011509"
"2022/23 - wiosna","EMPTY",60,0,0,0,0,0,0,0,0,0,0,0,0,3,231,"202410011509"
"2022/23 - jesień","EMPTY",761,0,0,0,0,0,0,0,0,0,0,0,0,16,231,"202410011509"
"2021/22 - wiosna","EMPTY",0,0,0,0,0,0,0,0,0,0,0,0,0,0,231,"202410011509"
"2021/22 - jesień","EMPTY",203,0,0,0,0,0,0,0,0,0,0,1,0,4,231,"202410011509"
"2020/21 - wiosna","EMPTY",192,0,0,0,0,0,0,0,0,0,0,0,0,8,231,"202410011509"
"2020/21 - jesień","EMPTY",40,0,0,0,0,0,0,0,0,0,0,0,0,2,231,"202410011509"
"2019/20 - wiosna","EMPTY",0,0,0,0,0,0,0,0,0,0,0,0,0,0,231,"202410011509"
"2019/20 - jesień","EMPTY",330,0,0,0,0,0,0,0,0,0,0,0,0,25,231,"202410011509"
"2018/19 - wiosna","EMPTY",336,0,0,0,0,0,0,1,0,0,0,2,0,16,231,"202410011509"
"2018/19 - jesień","EMPTY",53,0,0,0,0,0,0,0,0,0,0,0,0,2,231,"202410011509"
"2017/18 - wiosna","EMPTY",0,0,0,0,0,0,0,0,0,0,0,0,0,0,231,"202410011509"
"2017/18 - jesień","EMPTY",0,0,0,0,0,0,0,0,0,0,0,0,0,0,231,"202410011509"
"2016/17 - wiosna","EMPTY",203,0,0,0,0,0,0,0,0,0,0,1,0,5,231,"202410011509"
"2016/17 - jesień","EMPTY",1241,1,2,0,0,0,0,0,0,0,0,2,0,59,231,"202410011509"
"1","RAD",6,0,0,0,0,0,0,0,0,0,0,0,0,1,1004,"202410011509"
"2","STM",0,0,0,0,0,0,0,0,0,0,0,0,0,0,1004,"202410011509"
"3","RCZ",10,0,0,0,0,0,0,0,0,0,0,0,0,1,1004,"202410011509"
"4","PIA",1,0,0,0,0,0,0,0,0,0,0,0,0,1,1004,"202410011509"
"5","MOT",0,0,0,0,0,0,0,0,0,0,0,0,0,0,1004,"202410011509"
"6","JAG",2,0,0,0,0,0,0,0,0,0,0,0,0,2,1004,"202410011509"
"7","ZAG",10,0,0,0,0,0,0,0,0,0,0,0,0,1,1004,"202410011509"
"8","WID",1,0,0,0,0,0,0,0,0,0,0,0,0,1,1004,"202410011509"
"9","GÓR",0,0,0,0,0,0,0,0,0,0,0,0,0,0,1004,"202410011509"
"10","POG",0,0,0,0,0,0,0,0,0,0,0,0,0,0,1004,"202410011509"
"11","PUN",0,0,0,0,0,0,0,0,0,0,0,0,0,0,1004,"202410011509"
"12","ŚLA",0,0,0,0,0,0,0,0,0,0,0,0,0,0,1004,"202410011509"
"13","LEG",0,0,0,0,0,0,0,0,0,0,0,0,0,0,1004,"202410011509"
"14","KOR",0,0,0,0,0,0,0,0,0,0,0,0,0,0,1004,"202410011509"
"15","CRA",0,0,0,0,0,0,0,0,0,0,0,0,0,0,1004,"202410011509"
"16","LPO",0,0,0,0,0,0,0,0,0,0,0,0,0,0,1004,"202410011509"
"17","LGD",0,0,0,0,0,0,0,0,0,0,0,0,0,0,1004,"202410011509"
"18","RAD",0,0,0,0,0,0,0,0,0,0,0,0,0,0,1004,"202410011509"
"SUMA","EMPTY",30,0,0,0,0,0,0,0,0,0,0,0,0,7,1004,"202410011509"
"2023/24 - wiosna","EMPTY",0,0,0,0,0,0,0,0,0,0,0,0,0,0,1004,"202410011509"
"2023/24 - jesień","EMPTY",0,0,0,0,0,0,0,0,0,0,0,0,0,0,1004,"202410011509"
"2022/23 - wiosna","EMPTY",0,0,0,0,0,0,0,0,0,0,0,0,0,0,1004,"202410011509"
"2022/23 - jesień","EMPTY",0,0,0,0,0,0,0,0,0,0,0,0,0,0,1004,"202410011509"
"2021/22 - wiosna","EMPTY",104,0,0,0,0,0,0,0,0,0,0,2,0,15,1004,"202410011509"
"2021/22 - jesień","EMPTY",273,0,0,0,0,0,0,0,0,0,0,1,0,14,1004,"202410011509"
"2020/21 - wiosna","EMPTY",505,1,0,0,0,0,0,0,0,0,0,0,0,30,1004,"202410011509"
"2020/21 - jesień","EMPTY",23,0,0,0,0,0,0,0,0,0,0,1,0,1,1004,"202410011509"
"2019/20 - wiosna","EMPTY",13,0,0,0,0,0,0,0,0,0,0,0,0,1,1004,"202410011509"
"2019/20 - jesień","EMPTY",69,0,0,0,0,0,0,0,0,0,0,1,0,11,1004,"202410011509"
"2018/19 - wiosna","EMPTY",128,0,0,0,0,0,0,0,0,0,0,1,0,20,1004,"202410011509"
"2018/19 - jesień","EMPTY",444,1,3,0,0,0,0,0,0,0,0,1,0,55,1004,"202410011509"
"2017/18 - wiosna","EMPTY",0,0,0,0,0,0,0,0,0,0,0,0,0,0,1004,"202410011509"
"2017/18 - jesień","EMPTY",0,0,0,0,0,0,0,0,0,0,0,0,0,0,1004,"202410011509"
"2016/17 - wiosna","EMPTY",467,1,1,0,0,0,0,0,0,0,0,1,0,35,1004,"202410011509"
"2016/17 - jesień","EMPTY",612,3,0,0,0,0,1,1,0,0,0,1,0,51,1004,"202410011509"
"1","GKS",74,0,0,0,0,0,0,0,0,0,0,1,0,2,2323,"202410011509"
"2","JAG",89,0,0,0,0,0,0,0,0,0,0,0,0,2,2323,"202410011509"
"4","GÓR",7,0,0,0,0,0,0,0,0,0,0,0,0,2,2323,"202410011509"
"5","LEG",0,0,0,0,0,0,0,0,0,0,0,0,0,0,2323,"202410011509"
"6","WID",0,0,0,0,0,0,0,0,0,0,0,0,0,0,2323,"202410011509"
"7","CRA",0,0,0,0,0,0,0,0,0,0,0,0,0,0,2323,"202410011509"
"8","LGD",0,0,0,0,0,0,0,0,0,0,0,0,0,0,2323,"202410011509"
"9","KOR",0,0,0,0,0,0,0,0,0,0,0,0,0,0,2323,"202410011509"
"10","ZAG",0,0,0,0,0,0,0,0,0,0,0,0,0,0,2323,"202410011509"
"11","RCZ",0,0,0,0,0,0,0,0,0,0,0,0,0,0,2323,"202410011509"
"12","PUN",0,0,0,0,0,0,0,0,0,0,0,0,0,0,2323,"202410011509"
"13","LPO",0,0,0,0,0,0,0,0,0,0,0,0,0,0,2323,"202410011509"
"14","PIA",0,0,0,0,0,0,0,0,0,0,0,0,0,0,2323,"202410011509"
"15","POG",0,0,0,0,0,0,0,0,0,0,0,0,0,0,2323,"202410011509"
"16","STM",0,0,0,0,0,0,0,0,0,0,0,0,0,0,2323,"202410011509"
"17","MOT",0,0,0,0,0,0,0,0,0,0,0,0,0,0,2323,"202410011509"
"18","ŚLA",0,0,0,0,0,0,0,0,0,0,0,0,0,0,2323,"202410011509"
"18","GKS",0,0,0,0,0,0,0,0,0,0,0,0,0,0,2323,"202410011509"
"SUMA","EMPTY",170,0,0,0,0,0,0,0,0,0,0,1,0,6,2323,"202410011509"
"2023/24 - wiosna","EMPTY",592,2,1,0,0,0,0,0,0,0,0,1,1,32,2323,"202410011509"
"1","GKS",0,0,0,0,0,0,0,0,0,0,0,0,0,0,2339,"202410011509"
"2","JAG",0,0,0,0,0,0,0,0,0,0,0,0,0,0,2339,"202410011509"
"4","GÓR",0,0,0,0,0,0,0,0,0,0,0,0,0,0,2339,"202410011509"
"5","LEG",0,0,0,0,0,0,0,0,0,0,0,0,0,0,2339,"202410011509"
"6","WID",65,0,0,0,0,0,0,0,0,0,0,1,0,1,2339,"202410011509"
"7","CRA",0,0,0,0,0,0,0,0,0,0,0,0,0,0,2339,"202410011509"
"8","LGD",0,0,0,0,0,0,0,0,0,0,0,0,0,0,2339,"202410011509"
"9","KOR",14,0,1,0,0,0,0,0,0,0,0,0,0,5,2339,"202410011509"
"10","ZAG",0,0,0,0,0,0,0,0,0,0,0,0,0,0,2339,"202410011509"
"11","RCZ",0,0,0,0,0,0,0,0,0,0,0,0,0,0,2339,"202410011509"
"12","PUN",0,0,0,0,0,0,0,0,0,0,0,0,0,0,2339,"202410011509"
"13","LPO",0,0,0,0,0,0,0,0,0,0,0,0,0,0,2339,"202410011509"
"14","PIA",0,0,0,0,0,0,0,0,0,0,0,0,0,0,2339,"202410011509"
"15","POG",0,0,0,0,0,0,0,0,0,0,0,0,0,0,2339,"202410011509"
"16","STM",0,0,0,0,0,0,0,0,0,0,0,0,0,0,2339,"202410011509"
"17","MOT",0,0,0,0,0,0,0,0,0,0,0,0,0,0,2339,"202410011509"
"18","ŚLA",0,0,0,0,0,0,0,0,0,0,0,0,0,0,2339,"202410011509"
"18","GKS",0,0,0,0,0,0,0,0,0,0,0,0,0,0,2339,"202410011509"
"SUMA","EMPTY",79,0,1,0,0,0,0,0,0,0,0,1,0,6,2339,"202410011509"
"2023/24 - wiosna","EMPTY",99,1,0,0,0,0,0,0,0,0,0,0,0,12,2339,"202410011509"
"1","JAG",0,0,0,0,0,0,0,0,0,0,0,0,0,0,807,"202410011509"
"2","GÓR",13,0,0,0,0,0,0,0,0,0,0,0,0,1,807,"202410011509"
"3","ZAG",28,0,0,0,0,0,0,0,0,0,0,0,0,1,807,"202410011509"
"4","LEG",0,0,0,0,0,0,0,0,0,0,0,0,0,0,807,"202410011509"
"5","LGD",0,0,0,0,0,0,0,0,0,0,0,0,0,0,807,"202410011509"
"6","MOT",8,0,0,0,0,0,0,0,0,0,0,0,0,1,807,"202410011509"
"7","KOR",7,0,0,0,0,0,0,0,0,0,0,0,0,1,807,"202410011509"
"8","PIA",9,0,0,0,0,0,0,0,0,0,0,0,0,1,807,"202410011509"
"9","CRA",0,0,0,0,0,0,0,0,0,0,0,0,0,0,807,"202410011509"
"10","RCZ",56,0,0,0,0,0,0,0,0,0,0,1,0,1,807,"202410011509"
"11","GKS",0,0,0,0,0,0,0,0,0,0,0,0,0,0,807,"202410011509"
"12","RAD",0,0,0,0,0,0,0,0,0,0,0,0,0,0,807,"202410011509"
"13","POG",0,0,0,0,0,0,0,0,0,0,0,0,0,0,807,"202410011509"
"14","LPO",0,0,0,0,0,0,0,0,0,0,0,0,0,0,807,"202410011509"
"15","STM",0,0,0,0,0,0,0,0,0,0,0,0,0,0,807,"202410011509"
"16","WID",0,0,0,0,0,0,0,0,0,0,0,0,0,0,807,"202410011509"
"17","ŚLA",0,0,0,0,0,0,0,0,0,0,0,0,0,0,807,"202410011509"
"18","JAG",0,0,0,0,0,0,0,0,0,0,0,0,0,0,807,"202410011509"
"SUMA","EMPTY",121,0,0,0,0,0,0,0,0,0,0,1,0,6,807,"202410011509"
"2023/24 - wiosna","EMPTY",1031,1,0,1,0,0,0,0,0,0,0,2,0,41,807,"202410011509"
"2023/24 - jesień","EMPTY",1051,0,1,0,0,0,0,0,0,0,0,4,0,35,807,"202410011509"
"2022/23 - wiosna","EMPTY",0,0,0,0,0,0,0,0,0,0,0,0,0,0,807,"202410011509"
"2022/23 - jesień","EMPTY",0,0,0,0,0,0,0,0,0,0,0,0,0,0,807,"202410011509"
"2021/22 - wiosna","EMPTY",0,0,0,0,0,0,0,0,0,0,0,0,0,0,807,"202410011509"
"2021/22 - jesień","EMPTY",0,0,0,0,0,0,0,0,0,0,0,0,0,0,807,"202410011509"
"2020/21 - wiosna","EMPTY",0,0,0,0,0,0,0,0,0,0,0,0,0,0,807,"202410011509"
"2020/21 - jesień","EMPTY",32,0,0,0,0,0,0,0,0,0,0,1,0,6,807,"202410011509"
"2019/20 - jesień","EMPTY",0,0,0,0,0,0,0,0,0,0,0,0,0,0,807,"202410011509"
"2018/19 - wiosna","EMPTY",0,0,0,0,0,0,0,0,0,0,0,0,0,0,807,"202410011509"
"2017/18 - wiosna","EMPTY",269,0,0,0,0,0,0,0,0,0,0,1,0,21,807,"202410011509"
"2017/18 - jesień","EMPTY",0,0,0,0,0,0,0,0,0,0,0,0,0,0,807,"202410011509"
"1","LGD",75,0,0,0,0,0,0,0,0,0,0,1,0,1,2363,"202410011509"
"2","PIA",0,0,0,0,0,0,0,0,0,0,0,0,0,0,2363,"202410011509"
"4","WID",6,0,0,0,0,0,0,0,0,0,0,0,0,1,2363,"202410011509"
"5","KOR",21,0,0,0,0,0,0,0,0,0,0,0,0,1,2363,"202410011509"
"6","LEG",0,0,0,0,0,0,0,0,0,0,0,0,0,0,2363,"202410011509"
"7","POG",0,0,0,0,0,0,0,0,0,0,0,0,0,0,2363,"202410011509"
"8","STM",0,0,0,0,0,0,0,0,0,0,0,0,0,0,2363,"202410011509"
"9","LPO",13,0,0,0,0,0,0,0,0,0,0,0,0,1,2363,"202410011509"
"10","MOT",78,0,0,0,0,0,0,0,0,0,0,0,0,2,2363,"202410011509"
"11","CRA",0,0,0,0,0,0,0,0,0,0,0,0,0,0,2363,"202410011509"
"12","GKS",0,0,0,0,0,0,0,0,0,0,0,0,0,0,2363,"202410011509"
"13","RCZ",0,0,0,0,0,0,0,0,0,0,0,0,0,0,2363,"202410011509"
"14","ZAG",0,0,0,0,0,0,0,0,0,0,0,0,0,0,2363,"202410011509"
"15","GÓR",0,0,0,0,0,0,0,0,0,0,0,0,0,0,2363,"202410011509"
"16","JAG",0,0,0,0,0,0,0,0,0,0,0,0,0,0,2363,"202410011509"
"17","PUN",0,0,0,0,0,0,0,0,0,0,0,0,0,0,2363,"202410011509"
"18","RAD",0,0,0,0,0,0,0,0,0,0,0,0,0,0,2363,"202410011509"
"18","LGD",0,0,0,0,0,0,0,0,0,0,0,0,0,0,2363,"202410011509"
"SUMA","EMPTY",193,0,0,0,0,0,0,0,0,0,0,1,0,6,2363,"202410011509"
"2023/24 - wiosna","EMPTY",79,0,1,0,0,0,0,0,0,0,0,0,0,15,2363,"202410011509"
"1","ŚLA",90,0,0,0,0,0,0,0,0,0,0,0,0,2,2404,"202410011509"
"2","MOT",76,0,0,0,0,0,0,0,0,0,0,0,0,1,2404,"202410011509"
"3","LPO",45,0,0,0,0,0,0,0,0,0,0,0,0,0,2404,"202410011509"
"4","ZAG",0,0,0,0,0,0,0,0,0,0,0,0,0,0,2404,"202410011509"
"5","PUN",10,0,0,0,0,0,0,0,0,0,0,0,0,1,2404,"202410011509"
"6","RCZ",2,0,0,0,0,0,0,0,0,0,0,0,0,1,2404,"202410011509"
"7","GÓR",7,0,0,0,0,0,0,0,0,0,0,1,0,1,2404,"202410011509"
"8","RAD",0,0,0,0,0,0,0,0,0,0,0,0,0,0,2404,"202410011509"
"9","JAG",0,0,0,0,0,0,0,0,0,0,0,0,0,0,2404,"202410011509"
"10","WID",0,0,0,0,0,0,0,0,0,0,0,0,0,0,2404,"202410011509"
"11","STM",0,0,0,0,0,0,0,0,0,0,0,0,0,0,2404,"202410011509"
"12","LEG",0,0,0,0,0,0,0,0,0,0,0,0,0,0,2404,"202410011509"
"13","PIA",0,0,0,0,0,0,0,0,0,0,0,0,0,0,2404,"202410011509"
"14","CRA",0,0,0,0,0,0,0,0,0,0,0,0,0,0,2404,"202410011509"
"15","KOR",0,0,0,0,0,0,0,0,0,0,0,0,0,0,2404,"202410011509"
"16","POG",0,0,0,0,0,0,0,0,0,0,0,0,0,0,2404,"202410011509"
"17","GKS",0,0,0,0,0,0,0,0,0,0,0,0,0,0,2404,"202410011509"
"18","ŚLA",0,0,0,0,0,0,0,0,0,0,0,0,0,0,2404,"202410011509"
"SUMA","EMPTY",230,0,0,0,0,0,0,0,0,0,0,1,0,6,2404,"202410011509"
"1","LPO",0,0,0,0,0,0,0,0,0,0,0,0,0,0,1401,"202410011509"
"2","PUN",0,0,0,0,0,0,0,0,0,0,0,0,0,0,1401,"202410011509"
"3","POG",0,0,0,0,0,0,0,0,0,0,0,0,0,0,1401,"202410011509"
"4","RAD",0,0,0,0,0,0,0,0,0,0,0,0,0,0,1401,"202410011509"
"5","RCZ",0,0,0,0,0,0,0,0,0,0,0,0,0,0,1401,"202410011509"
"6","CRA",25,0,0,0,0,0,0,0,0,0,0,0,1,-4,1401,"202410011509"
"7","LGD",0,0,0,0,0,0,0,0,0,0,0,0,0,0,1401,"202410011509"
"8","MOT",90,0,0,0,0,0,0,0,0,0,0,0,0,2,1401,"202410011509"
"9","GKS",90,0,0,0,0,0,0,0,0,0,0,0,0,6,1401,"202410011509"
"10","LEG",90,0,0,0,0,0,0,0,0,0,0,0,0,2,1401,"202410011509"
"11","ZAG",0,0,0,0,0,0,0,0,0,0,0,0,0,0,1401,"202410011509"
"12","STM",0,0,0,0,0,0,0,0,0,0,0,0,0,0,1401,"202410011509"
"13","WID",0,0,0,0,0,0,0,0,0,0,0,0,0,0,1401,"202410011509"
"14","JAG",0,0,0,0,0,0,0,0,0,0,0,0,0,0,1401,"202410011509"
"15","ŚLA",0,0,0,0,0,0,0,0,0,0,0,0,0,0,1401,"202410011509"
"16","PIA",0,0,0,0,0,0,0,0,0,0,0,0,0,0,1401,"202410011509"
"17","KOR",0,0,0,0,0,0,0,0,0,0,0,0,0,0,1401,"202410011509"
"18","LPO",0,0,0,0,0,0,0,0,0,0,0,0,0,0,1401,"202410011509"
"SUMA","EMPTY",295,0,0,0,0,0,0,0,0,0,0,0,1,6,1401,"202410011509"
"2023/24 - wiosna","EMPTY",990,0,0,0,0,0,0,0,0,0,0,5,0,26,1401,"202410011509"
"2023/24 - jesień","EMPTY",1195,1,0,0,0,0,0,0,0,0,0,3,1,48,1401,"202410011509"
"2022/23 - wiosna","EMPTY",237,0,0,0,0,0,0,0,0,0,0,1,0,9,1401,"202410011509"
"2022/23 - jesień","EMPTY",791,0,0,0,0,0,0,0,0,0,0,3,0,13,1401,"202410011509"
"2021/22 - wiosna","EMPTY",844,0,0,0,0,0,0,0,0,0,0,5,1,8,1401,"202410011509"
"2021/22 - jesień","EMPTY",1288,0,0,0,1,0,0,0,0,0,0,2,0,19,1401,"202410011509"
"2020/21 - wiosna","EMPTY",0,0,0,0,0,0,0,0,0,0,0,0,0,0,1401,"202410011509"
"2020/21 - jesień","EMPTY",0,0,0,0,0,0,0,0,0,0,0,0,0,0,1401,"202410011509"
"2019/20 - wiosna","EMPTY",0,0,0,0,0,0,0,0,0,0,0,0,0,0,1401,"202410011509"
"1","WID",4,0,0,0,0,0,0,0,0,0,0,0,0,1,1671,"202410011509"
"2","GKS",0,0,0,0,0,0,0,0,0,0,0,0,0,0,1671,"202410011509"
"3","JAG",14,0,0,0,0,0,0,0,0,0,0,0,0,1,1671,"202410011509"
"4","POG",19,0,0,0,0,0,0,0,0,0,0,0,0,1,1671,"202410011509"
"5","PIA",0,0,0,0,0,0,0,0,0,0,0,0,0,0,1671,"202410011509"
"6","KOR",0,0,0,0,0,0,0,0,0,0,0,0,0,0,1671,"202410011509"
"7","LPO",11,0,0,0,0,0,0,0,0,0,0,0,0,1,1671,"202410011509"
"8","ŚLA",0,0,0,0,0,0,0,0,0,0,0,0,0,0,1671,"202410011509"
"9","MOT",0,0,0,0,0,0,0,0,0,0,0,0,0,0,1671,"202410011509"
"10","CRA",89,0,0,0,0,0,0,0,0,0,0,0,0,2,1671,"202410011509"
"11","LGD",0,0,0,0,0,0,0,0,0,0,0,0,0,0,1671,"202410011509"
"12","GÓR",0,0,0,0,0,0,0,0,0,0,0,0,0,0,1671,"202410011509"
"13","ZAG",0,0,0,0,0,0,0,0,0,0,0,0,0,0,1671,"202410011509"
"14","RCZ",0,0,0,0,0,0,0,0,0,0,0,0,0,0,1671,"202410011509"
"15","PUN",0,0,0,0,0,0,0,0,0,0,0,0,0,0,1671,"202410011509"
"16","RAD",0,0,0,0,0,0,0,0,0,0,0,0,0,0,1671,"202410011509"
"17","LEG",0,0,0,0,0,0,0,0,0,0,0,0,0,0,1671,"202410011509"
"18","WID",0,0,0,0,0,0,0,0,0,0,0,0,0,0,1671,"202410011509"
"SUMA","EMPTY",137,0,0,0,0,0,0,0,0,0,0,0,0,6,1671,"202410011509"
"2023/24 - wiosna","EMPTY",318,0,0,0,0,0,0,0,0,0,0,0,0,19,1671,"202410011509"
"2023/24 - jesień","EMPTY",432,0,0,0,0,0,0,0,0,0,0,1,0,17,1671,"202410011509"
"2021/22 - wiosna","EMPTY",0,0,0,0,0,0,0,0,0,0,0,0,0,0,1671,"202410011509"
"2021/22 - jesień","EMPTY",14,0,0,0,0,0,0,0,0,0,0,0,0,2,1671,"202410011509"
"1","KOR",0,0,0,0,0,0,0,0,0,0,0,0,0,0,1440,"202410011509"
"2","ZAG",0,0,0,0,0,0,0,0,0,0,0,0,0,0,1440,"202410011509"
"3","GÓR",0,0,0,0,0,0,0,0,0,0,0,0,0,0,1440,"202410011509"
"4","STM",2,0,0,0,0,0,0,0,0,0,0,0,0,2,1440,"202410011509"
"5","WID",0,0,0,0,0,0,0,0,0,0,0,0,0,0,1440,"202410011509"
"6","LPO",0,0,0,0,0,0,0,0,0,0,0,0,0,0,1440,"202410011509"
"7","ŚLA",15,0,0,0,0,0,0,0,0,0,0,0,0,2,1440,"202410011509"
"8","CRA",0,0,0,0,0,0,0,0,0,0,0,0,0,0,1440,"202410011509"
"9","LEG",9,0,0,0,0,0,0,0,0,0,0,0,0,2,1440,"202410011509"
"10","GKS",20,0,0,0,0,0,0,0,0,0,0,0,0,0,1440,"202410011509"
"11","PIA",0,0,0,0,0,0,0,0,0,0,0,0,0,0,1440,"202410011509"
"12","RCZ",0,0,0,0,0,0,0,0,0,0,0,0,0,0,1440,"202410011509"
"13","PUN",0,0,0,0,0,0,0,0,0,0,0,0,0,0,1440,"202410011509"
"14","MOT",0,0,0,0,0,0,0,0,0,0,0,0,0,0,1440,"202410011509"
"15","RAD",0,0,0,0,0,0,0,0,0,0,0,0,0,0,1440,"202410011509"
"16","LGD",0,0,0,0,0,0,0,0,0,0,0,0,0,0,1440,"202410011509"
"17","JAG",0,0,0,0,0,0,0,0,0,0,0,0,0,0,1440,"202410011509"
"18","KOR",0,0,0,0,0,0,0,0,0,0,0,0,0,0,1440,"202410011509"
"SUMA","EMPTY",46,0,0,0,0,0,0,0,0,0,0,0,0,6,1440,"202410011509"
"2023/24 - wiosna","EMPTY",23,0,0,0,0,0,0,0,0,0,0,0,0,7,1440,"202410011509"
"2023/24 - jesień","EMPTY",136,0,0,0,0,0,0,0,0,0,0,1,0,10,1440,"202410011509"
"2022/23 - wiosna","EMPTY",0,0,0,0,0,0,0,0,0,0,0,0,0,0,1440,"202410011509"
"2022/23 - jesień","EMPTY",0,0,0,0,0,0,0,0,0,0,0,0,0,0,1440,"202410011509"
"2021/22 - wiosna","EMPTY",0,0,0,0,0,0,0,0,0,0,0,0,0,0,1440,"202410011509"
"2021/22 - jesień","EMPTY",0,0,0,0,0,0,0,0,0,0,0,0,0,0,1440,"202410011509"
"2020/21 - wiosna","EMPTY",23,0,0,0,0,0,0,0,0,0,0,0,0,2,1440,"202410011509"
"2020/21 - jesień","EMPTY",46,0,0,0,0,0,0,0,0,0,0,0,0,2,1440,"202410011509"
"2","PIA",19,0,0,0,0,0,0,0,0,0,0,0,0,1,2478,"202410011509"
"4","WID",0,0,0,0,0,0,0,0,0,0,0,0,0,0,2478,"202410011509"
"5","KOR",1,0,0,0,0,0,0,0,0,0,0,0,0,1,2478,"202410011509"
"6","LEG",28,0,0,0,0,0,0,0,0,0,0,0,0,1,2478,"202410011509"
"7","POG",25,0,0,0,0,0,0,0,0,0,0,0,0,1,2478,"202410011509"
"8","STM",0,0,0,0,0,0,0,0,0,0,0,0,0,0,2478,"202410011509"
"9","LPO",66,0,0,0,0,0,0,0,0,0,0,0,0,2,2478,"202410011509"
"10","MOT",0,0,0,0,0,0,0,0,0,0,0,0,0,0,2478,"202410011509"
"11","CRA",0,0,0,0,0,0,0,0,0,0,0,0,0,0,2478,"202410011509"
"12","GKS",0,0,0,0,0,0,0,0,0,0,0,0,0,0,2478,"202410011509"
"13","RCZ",0,0,0,0,0,0,0,0,0,0,0,0,0,0,2478,"202410011509"
"14","ZAG",0,0,0,0,0,0,0,0,0,0,0,0,0,0,2478,"202410011509"
"15","GÓR",0,0,0,0,0,0,0,0,0,0,0,0,0,0,2478,"202410011509"
"16","JAG",0,0,0,0,0,0,0,0,0,0,0,0,0,0,2478,"202410011509"
"17","PUN",0,0,0,0,0,0,0,0,0,0,0,0,0,0,2478,"202410011509"
"18","RAD",0,0,0,0,0,0,0,0,0,0,0,0,0,0,2478,"202410011509"
"18","LGD",0,0,0,0,0,0,0,0,0,0,0,0,0,0,2478,"202410011509"
"SUMA","EMPTY",139,0,0,0,0,0,0,0,0,0,0,0,0,6,2478,"202410011509"
"1","LEG (ZAG)",0,0,0,0,0,0,0,0,0,0,0,0,0,0,700,"202410011509"
"2","POG (ZAG)",0,0,0,0,0,0,0,0,0,0,0,0,0,0,700,"202410011509"
"3","PUN (ZAG)",0,0,0,0,0,0,0,0,0,0,0,0,0,0,700,"202410011509"
"4","LGD (ZAG)",0,0,0,0,0,0,0,0,0,0,0,0,0,0,700,"202410011509"
"5","LPO (ZAG)",0,0,0,0,0,0,0,0,0,0,0,0,0,0,700,"202410011509"
"6","PIA (ZAG)",0,0,0,0,0,0,0,0,0,0,0,0,0,0,700,"202410011509"
"7","GKS (ZAG)",0,0,0,0,0,0,0,0,0,0,0,0,0,0,700,"202410011509"
"8","KOR (ZAG)",0,0,0,0,0,0,0,0,0,0,0,0,0,0,700,"202410011509"
"9","LPO",24,0,0,0,0,0,0,0,0,0,0,0,0,1,700,"202410011509"
"10","MOT",88,1,0,0,0,0,0,0,0,0,0,1,0,5,700,"202410011509"
"11","CRA",0,0,0,0,0,0,0,0,0,0,0,0,0,0,700,"202410011509"
"12","GKS",0,0,0,0,0,0,0,0,0,0,0,0,0,0,700,"202410011509"
"13","RCZ",0,0,0,0,0,0,0,0,0,0,0,0,0,0,700,"202410011509"
"14","ZAG",0,0,0,0,0,0,0,0,0,0,0,0,0,0,700,"202410011509"
"15","GÓR",0,0,0,0,0,0,0,0,0,0,0,0,0,0,700,"202410011509"
"16","JAG",0,0,0,0,0,0,0,0,0,0,0,0,0,0,700,"202410011509"
"17","PUN",0,0,0,0,0,0,0,0,0,0,0,0,0,0,700,"202410011509"
"18","RAD",0,0,0,0,0,0,0,0,0,0,0,0,0,0,700,"202410011509"
"18","LGD",0,0,0,0,0,0,0,0,0,0,0,0,0,0,700,"202410011509"
"SUMA","EMPTY",112,1,0,0,0,0,0,0,0,0,0,1,0,6,700,"202410011509"
"2023/24 - wiosna","EMPTY",0,0,0,0,0,0,0,0,0,0,0,0,0,0,700,"202410011509"
"2023/24 - jesień","EMPTY",0,0,0,0,0,0,0,0,0,0,0,0,0,0,700,"202410011509"
"2022/23 - wiosna","EMPTY",162,0,0,0,0,0,0,0,0,0,0,0,0,7,700,"202410011509"
"2022/23 - jesień","EMPTY",0,0,0,0,0,0,0,0,0,0,0,0,0,0,700,"202410011509"
"2021/22 - wiosna","EMPTY",0,0,0,0,0,0,0,0,0,0,0,0,0,0,700,"202410011509"
"2021/22 - jesień","EMPTY",0,0,0,0,0,0,0,0,0,0,0,0,0,0,700,"202410011509"
"2020/21 - wiosna","EMPTY",1060,9,3,0,0,1,1,0,1,0,0,1,0,80,700,"202410011509"
"2020/21 - jesień","EMPTY",723,6,0,0,0,2,1,0,0,0,0,2,0,45,700,"202410011509"
"2019/20 - jesień","EMPTY",0,0,0,0,0,0,0,0,0,0,0,0,0,0,700,"202410011509"
"2018/19 - wiosna","EMPTY",0,0,0,0,0,0,0,0,0,0,0,0,0,0,700,"202410011509"
"2017/18 - wiosna","EMPTY",0,0,0,0,0,0,0,0,0,0,0,0,0,0,700,"202410011509"
"2017/18 - jesień","EMPTY",1652,16,3,0,0,1,1,0,0,0,0,2,0,140,700,"202410011509"
"2016/17 - wiosna","EMPTY",0,0,0,0,0,0,0,0,0,0,0,0,0,0,700,"202410011509"
"1","PUN",0,0,0,0,0,0,0,0,0,0,0,0,0,0,2390,"202410011509"
"2","RAD",0,0,0,0,0,0,0,0,0,0,0,0,0,0,2390,"202410011509"
"3","STM",0,0,0,0,0,0,0,0,0,0,0,0,0,0,2390,"202410011509"
"5","CRA",0,0,0,0,0,0,0,0,0,0,0,0,0,0,2390,"202410011509"
"6","GKS",0,0,0,0,0,0,0,0,0,0,0,0,0,0,2390,"202410011509"
"7","WID",90,0,0,0,0,0,0,0,0,0,0,0,0,7,2390,"202410011509"
"8","LPO",90,0,0,0,0,0,0,0,0,0,0,0,0,-2,2390,"202410011509"
"9","MOT",0,0,0,0,0,0,0,0,0,0,0,0,0,0,2390,"202410011509"
"9","LGD",0,0,0,0,0,0,0,0,0,0,0,0,0,0,2390,"202410011509"
"10","PIA",0,0,0,0,0,0,0,0,0,0,0,0,0,0,2390,"202410011509"
"11","LEG",0,0,0,0,0,0,0,0,0,0,0,0,0,0,2390,"202410011509"
"12","ZAG",0,0,0,0,0,0,0,0,0,0,0,0,0,0,2390,"202410011509"
"13","KOR",0,0,0,0,0,0,0,0,0,0,0,0,0,0,2390,"202410011509"
"14","GÓR",0,0,0,0,0,0,0,0,0,0,0,0,0,0,2390,"202410011509"
"15","RCZ",0,0,0,0,0,0,0,0,0,0,0,0,0,0,2390,"202410011509"
"16","ŚLA",0,0,0,0,0,0,0,0,0,0,0,0,0,0,2390,"202410011509"
"17","POG",0,0,0,0,0,0,0,0,0,0,0,0,0,0,2390,"202410011509"
"18","PUN",0,0,0,0,0,0,0,0,0,0,0,0,0,0,2390,"202410011509"
"SUMA","EMPTY",180,0,0,0,0,0,0,0,0,0,0,0,0,5,2390,"202410011509"
"1","PIA",14,0,0,0,0,0,0,0,0,0,0,0,0,1,1491,"202410011509"
"2","RCZ",0,0,0,0,0,0,0,0,0,0,0,0,0,0,1491,"202410011509"
"3","WID",1,0,0,0,0,0,0,0,0,0,0,0,0,1,1491,"202410011509"
"4","KOR",0,0,0,0,0,0,0,0,0,0,0,0,0,0,1491,"202410011509"
"5","JAG",11,0,0,0,0,0,0,0,0,0,0,0,0,2,1491,"202410011509"
"6","GÓR",0,0,0,0,0,0,0,0,0,0,0,0,0,0,1491,"202410011509"
"7","RAD",0,0,0,0,0,0,0,0,0,0,0,0,0,0,1491,"202410011509"
"8","POG",0,0,0,0,0,0,0,0,0,0,0,0,0,0,1491,"202410011509"
"9","PUN",0,0,0,0,0,0,0,0,0,0,0,0,0,0,1491,"202410011509"
"10","STM",29,0,0,0,0,0,0,0,0,0,0,0,0,1,1491,"202410011509"
"11","ŚLA",0,0,0,0,0,0,0,0,0,0,0,0,0,0,1491,"202410011509"
"12","LPO",0,0,0,0,0,0,0,0,0,0,0,0,0,0,1491,"202410011509"
"13","MOT",0,0,0,0,0,0,0,0,0,0,0,0,0,0,1491,"202410011509"
"14","LGD",0,0,0,0,0,0,0,0,0,0,0,0,0,0,1491,"202410011509"
"15","GKS",0,0,0,0,0,0,0,0,0,0,0,0,0,0,1491,"202410011509"
"16","LEG",0,0,0,0,0,0,0,0,0,0,0,0,0,0,1491,"202410011509"
"17","ZAG",0,0,0,0,0,0,0,0,0,0,0,0,0,0,1491,"202410011509"
"18","PIA",0,0,0,0,0,0,0,0,0,0,0,0,0,0,1491,"202410011509"
"SUMA","EMPTY",55,0,0,0,0,0,0,0,0,0,0,0,0,5,1491,"202410011509"
"2023/24 - wiosna","EMPTY",695,0,0,0,0,0,0,0,0,0,0,1,0,21,1491,"202410011509"
"2023/24 - jesień","EMPTY",1337,0,1,0,0,0,0,1,0,0,0,0,0,59,1491,"202410011509"
"2022/23 - wiosna","EMPTY",360,0,0,0,0,0,0,0,0,0,0,1,0,10,1491,"202410011509"
"2022/23 - jesień","EMPTY",1084,0,0,0,1,0,0,0,0,0,0,2,0,24,1491,"202410011509"
"2021/22 - wiosna","EMPTY",1083,1,0,0,1,0,0,0,0,0,0,0,0,32,1491,"202410011509"
"2021/22 - jesień","EMPTY",759,0,0,0,0,0,0,0,0,0,0,1,0,10,1491,"202410011509"
"2020/21 - wiosna","EMPTY",1169,1,1,0,0,0,0,0,0,0,0,2,0,41,1491,"202410011509"
"2020/21 - jesień","EMPTY",99,0,0,0,0,0,0,0,0,0,0,0,0,6,1491,"202410011509"
"1","POG",0,0,0,0,0,0,0,0,0,0,0,0,0,0,1244,"202410011509"
"2","LEG",0,0,0,0,0,0,0,0,0,0,0,0,0,0,1244,"202410011509"
"3","MOT",24,0,0,0,0,0,0,0,0,0,0,0,0,1,1244,"202410011509"
"4","CRA",0,0,0,0,0,0,0,0,0,0,0,0,0,0,1244,"202410011509"
"5","ŚLA",14,0,0,0,0,0,0,0,0,0,0,0,0,1,1244,"202410011509"
"6","STM",0,0,0,0,0,0,0,0,0,0,0,0,0,0,1244,"202410011509"
"7","PUN",10,0,0,0,0,0,0,0,0,0,0,0,0,1,1244,"202410011509"
"8","ZAG",1,0,0,0,0,0,0,0,0,0,0,0,0,2,1244,"202410011509"
"9","RAD",0,0,0,0,0,0,0,0,0,0,0,0,0,0,1244,"202410011509"
"10","LPO",0,0,0,0,0,0,0,0,0,0,0,0,0,0,1244,"202410011509"
"11","WID",0,0,0,0,0,0,0,0,0,0,0,0,0,0,1244,"202410011509"
"12","PIA",0,0,0,0,0,0,0,0,0,0,0,0,0,0,1244,"202410011509"
"13","JAG",0,0,0,0,0,0,0,0,0,0,0,0,0,0,1244,"202410011509"
"14","GKS",0,0,0,0,0,0,0,0,0,0,0,0,0,0,1244,"202410011509"
"15","LGD",0,0,0,0,0,0,0,0,0,0,0,0,0,0,1244,"202410011509"
"16","RCZ",0,0,0,0,0,0,0,0,0,0,0,0,0,0,1244,"202410011509"
"17","GÓR",0,0,0,0,0,0,0,0,0,0,0,0,0,0,1244,"202410011509"
"18","POG",0,0,0,0,0,0,0,0,0,0,0,0,0,0,1244,"202410011509"
"SUMA","EMPTY",49,0,0,0,0,0,0,0,0,0,0,0,0,5,1244,"202410011509"
"2023/24 - wiosna","EMPTY",0,0,0,0,0,0,0,0,0,0,0,0,0,0,1244,"202410011509"
"2023/24 - jesień","EMPTY",0,0,0,0,0,0,0,0,0,0,0,0,0,0,1244,"202410011509"
"2022/23 - wiosna","EMPTY",0,0,0,0,0,0,0,0,0,0,0,0,0,0,1244,"202410011509"
"2022/23 - jesień","EMPTY",0,0,0,0,0,0,0,0,0,0,0,0,0,0,1244,"202410011509"
"2021/22 - wiosna","EMPTY",0,0,0,0,0,0,0,0,0,0,0,0,0,0,1244,"202410011509"
"2021/22 - jesień","EMPTY",0,0,0,0,0,0,0,0,0,0,0,0,0,0,1244,"202410011509"
"2020/21 - wiosna","EMPTY",0,0,0,0,0,0,0,0,0,0,0,0,0,0,1244,"202410011509"
"2020/21 - jesień","EMPTY",0,0,0,0,0,0,0,0,0,0,0,0,0,0,1244,"202410011509"
"2019/20 - wiosna","EMPTY",0,0,0,0,0,0,0,0,0,0,0,0,0,0,1244,"202410011509"
"2019/20 - jesień","EMPTY",0,0,0,0,0,0,0,0,0,0,0,0,0,0,1244,"202410011509"
"1","ŚLA",28,0,0,0,0,0,0,0,0,0,0,0,0,1,2270,"202410011509"
"2","MOT",14,0,0,0,0,0,0,0,0,0,0,0,0,1,2270,"202410011509"
"3","LPO",16,0,0,0,0,0,0,0,0,0,0,0,0,1,2270,"202410011509"
"4","ZAG",9,0,0,0,0,0,0,0,0,0,0,0,0,1,2270,"202410011509"
"5","PUN",0,0,0,0,0,0,0,0,0,0,0,0,0,0,2270,"202410011509"
"6","RCZ",0,0,0,0,0,0,0,0,0,0,0,0,0,0,2270,"202410011509"
"7","GÓR",0,0,0,0,0,0,0,0,0,0,0,0,0,0,2270,"202410011509"
"8","RAD",0,0,0,0,0,0,0,0,0,0,0,0,0,0,2270,"202410011509"
"9","JAG",6,0,0,0,0,0,0,0,0,0,0,0,0,1,2270,"202410011509"
"10","WID",0,0,0,0,0,0,0,0,0,0,0,0,0,0,2270,"202410011509"
"11","STM",0,0,0,0,0,0,0,0,0,0,0,0,0,0,2270,"202410011509"
"12","LEG",0,0,0,0,0,0,0,0,0,0,0,0,0,0,2270,"202410011509"
"13","PIA",0,0,0,0,0,0,0,0,0,0,0,0,0,0,2270,"202410011509"
"14","CRA",0,0,0,0,0,0,0,0,0,0,0,0,0,0,2270,"202410011509"
"15","KOR",0,0,0,0,0,0,0,0,0,0,0,0,0,0,2270,"202410011509"
"16","POG",0,0,0,0,0,0,0,0,0,0,0,0,0,0,2270,"202410011509"
"17","GKS",0,0,0,0,0,0,0,0,0,0,0,0,0,0,2270,"202410011509"
"18","ŚLA",0,0,0,0,0,0,0,0,0,0,0,0,0,0,2270,"202410011509"
"SUMA","EMPTY",73,0,0,0,0,0,0,0,0,0,0,0,0,5,2270,"202410011509"
"2023/24 - wiosna","EMPTY",439,0,0,0,0,0,0,0,0,0,0,0,0,23,2270,"202410011509"
"2023/24 - jesień","EMPTY",994,1,4,1,0,0,0,0,0,0,0,0,0,60,2270,"202410011509"
"1","POG",90,0,0,0,0,0,0,0,0,0,0,0,0,0,501,"202410011509"
"2","LEG",90,0,0,0,0,0,0,0,0,0,0,0,0,2,501,"202410011509"
"3","MOT",0,0,0,0,0,0,0,0,0,0,0,0,0,0,501,"202410011509"
"4","CRA",0,0,0,0,0,0,0,0,0,0,0,0,0,0,501,"202410011509"
"5","ŚLA",0,0,0,0,0,0,0,0,0,0,0,0,0,0,501,"202410011509"
"6","STM",45,0,0,0,0,0,0,0,0,0,0,0,0,3,501,"202410011509"
"7","PUN",0,0,0,0,0,0,0,0,0,0,0,0,0,0,501,"202410011509"
"8","ZAG",0,0,0,0,0,0,0,0,0,0,0,0,0,0,501,"202410011509"
"9","RAD",0,0,0,0,0,0,0,0,0,0,0,0,0,0,501,"202410011509"
"10","LPO",0,0,0,0,0,0,0,0,0,0,0,0,0,0,501,"202410011509"
"11","WID",0,0,0,0,0,0,0,0,0,0,0,0,0,0,501,"202410011509"
"12","PIA",0,0,0,0,0,0,0,0,0,0,0,0,0,0,501,"202410011509"
"13","JAG",0,0,0,0,0,0,0,0,0,0,0,0,0,0,501,"202410011509"
"14","GKS",0,0,0,0,0,0,0,0,0,0,0,0,0,0,501,"202410011509"
"15","LGD",0,0,0,0,0,0,0,0,0,0,0,0,0,0,501,"202410011509"
"16","RCZ",0,0,0,0,0,0,0,0,0,0,0,0,0,0,501,"202410011509"
"17","GÓR",0,0,0,0,0,0,0,0,0,0,0,0,0,0,501,"202410011509"
"18","POG",0,0,0,0,0,0,0,0,0,0,0,0,0,0,501,"202410011509"
"SUMA","EMPTY",225,0,0,0,0,0,0,0,0,0,0,0,0,5,501,"202410011509"
"2023/24 - wiosna","EMPTY",710,0,0,0,0,0,0,0,0,0,0,1,0,16,501,"202410011509"
"2023/24 - jesień","EMPTY",1099,0,0,0,1,0,0,0,0,0,0,2,0,26,501,"202410011509"
"2022/23 - wiosna","EMPTY",1216,3,0,0,0,0,0,0,0,0,0,2,0,62,501,"202410011509"
"2022/23 - jesień","EMPTY",225,0,0,0,0,0,0,0,0,0,0,0,0,4,501,"202410011509"
"2021/22 - wiosna","EMPTY",0,0,0,0,0,0,0,0,0,0,0,0,0,0,501,"202410011509"
"2021/22 - jesień","EMPTY",0,0,0,0,0,0,0,0,0,0,0,0,0,0,501,"202410011509"
"2020/21 - wiosna","EMPTY",526,0,0,0,0,0,0,0,0,0,0,0,0,19,501,"202410011509"
"2020/21 - jesień","EMPTY",716,2,0,0,0,0,0,1,0,0,0,2,0,33,501,"202410011509"
"2019/20 - wiosna","EMPTY",0,0,0,0,0,0,0,0,0,0,0,0,0,0,501,"202410011509"
"2019/20 - jesień","EMPTY",990,0,0,0,0,0,0,1,0,0,0,4,0,33,501,"202410011509"
"2018/19 - wiosna","EMPTY",515,0,0,0,0,0,0,0,0,0,0,0,0,16,501,"202410011509"
"2018/19 - jesień","EMPTY",334,0,0,0,0,0,0,1,0,0,0,4,0,11,501,"202410011509"
"2017/18 - wiosna","EMPTY",504,0,0,0,0,0,0,1,0,0,0,1,0,12,501,"202410011509"
"2017/18 - jesień","EMPTY",1253,1,2,0,0,0,0,0,0,0,0,4,0,52,501,"202410011509"
"2016/17 - wiosna","EMPTY",969,0,2,0,0,0,0,1,0,0,0,3,0,37,501,"202410011509"
"2016/17 - jesień","EMPTY",708,0,0,0,0,0,0,1,0,0,0,2,0,22,501,"202410011509"
"1","LGD",0,0,0,0,0,0,0,0,0,0,0,0,0,0,2440,"202410011509"
"2","PIA",0,0,0,0,0,0,0,0,0,0,0,0,0,0,2440,"202410011509"
"4","WID",0,0,0,0,0,0,0,0,0,0,0,0,0,0,2440,"202410011509"
"5","KOR",9,0,0,0,0,0,0,0,0,0,0,0,0,1,2440,"202410011509"
"6","LEG",7,0,0,0,0,0,0,0,0,0,0,0,0,1,2440,"202410011509"
"7","POG",0,0,0,0,0,0,0,0,0,0,0,0,0,0,2440,"202410011509"
"8","STM",0,0,0,0,0,0,0,0,0,0,0,0,0,0,2440,"202410011509"
"9","LPO",61,0,0,0,0,0,0,0,0,0,0,0,0,2,2440,"202410011509"
"10","MOT",0,0,0,0,0,0,0,0,0,0,0,0,0,0,2440,"202410011509"
"11","CRA",0,0,0,0,0,0,0,0,0,0,0,0,0,0,2440,"202410011509"
"12","GKS",0,0,0,0,0,0,0,0,0,0,0,0,0,0,2440,"202410011509"
"13","RCZ",0,0,0,0,0,0,0,0,0,0,0,0,0,0,2440,"202410011509"
"14","ZAG",0,0,0,0,0,0,0,0,0,0,0,0,0,0,2440,"202410011509"
"15","GÓR",0,0,0,0,0,0,0,0,0,0,0,0,0,0,2440,"202410011509"
"16","JAG",0,0,0,0,0,0,0,0,0,0,0,0,0,0,2440,"202410011509"
"17","PUN",0,0,0,0,0,0,0,0,0,0,0,0,0,0,2440,"202410011509"
"18","RAD",0,0,0,0,0,0,0,0,0,0,0,0,0,0,2440,"202410011509"
"18","LGD",0,0,0,0,0,0,0,0,0,0,0,0,0,0,2440,"202410011509"
"SUMA","EMPTY",77,0,0,0,0,0,0,0,0,0,0,0,0,4,2440,"202410011509"
"1","PIA (CRA)",45,0,0,0,0,0,0,0,0,0,0,0,0,2,1698,"202410011509"
"2","RCZ (CRA)",0,0,0,0,0,0,0,0,0,0,0,0,0,0,1698,"202410011509"
"3","WID (CRA)",0,0,0,0,0,0,0,0,0,0,0,0,0,0,1698,"202410011509"
"4","KOR (CRA)",0,0,0,0,0,0,0,0,0,0,0,0,0,0,1698,"202410011509"
"5","JAG (CRA)",0,0,0,0,0,0,0,0,0,0,0,0,0,0,1698,"202410011509"
"6","GÓR (CRA)",0,0,0,0,0,0,0,0,0,0,0,0,0,0,1698,"202410011509"
"7","RAD (CRA)",0,0,0,0,0,0,0,0,0,0,0,0,0,0,1698,"202410011509"
"8","ŚLA",0,0,0,0,0,0,0,0,0,0,0,0,0,0,1698,"202410011509"
"9","MOT",15,0,0,0,0,0,0,0,0,0,0,0,0,2,1698,"202410011509"
"10","CRA",0,0,0,0,0,0,0,0,0,0,0,0,0,0,1698,"202410011509"
"11","LGD",0,0,0,0,0,0,0,0,0,0,0,0,0,0,1698,"202410011509"
"12","GÓR",0,0,0,0,0,0,0,0,0,0,0,0,0,0,1698,"202410011509"
"13","ZAG",0,0,0,0,0,0,0,0,0,0,0,0,0,0,1698,"202410011509"
"14","RCZ",0,0,0,0,0,0,0,0,0,0,0,0,0,0,1698,"202410011509"
"15","PUN",0,0,0,0,0,0,0,0,0,0,0,0,0,0,1698,"202410011509"
"16","RAD",0,0,0,0,0,0,0,0,0,0,0,0,0,0,1698,"202410011509"
"17","LEG",0,0,0,0,0,0,0,0,0,0,0,0,0,0,1698,"202410011509"
"18","WID",0,0,0,0,0,0,0,0,0,0,0,0,0,0,1698,"202410011509"
"SUMA","EMPTY",60,0,0,0,0,0,0,0,0,0,0,0,0,4,1698,"202410011509"
"2023/24 - wiosna","EMPTY",572,0,1,0,0,0,0,0,0,0,0,1,1,23,1698,"202410011509"
"2023/24 - jesień","EMPTY",884,4,2,0,0,2,0,0,0,0,0,2,0,54,1698,"202410011509"
"2022/23 - wiosna","EMPTY",1027,2,2,0,0,1,0,0,0,0,0,0,0,53,1698,"202410011509"
"2022/23 - jesień","EMPTY",389,0,0,0,0,0,0,0,0,0,0,2,0,25,1698,"202410011509"
"2021/22 - wiosna","EMPTY",521,0,0,0,0,0,0,0,0,0,0,2,0,18,1698,"202410011509"
"2021/22 - jesień","EMPTY",718,0,1,0,0,0,0,0,0,0,0,1,0,29,1698,"202410011509"
"1","LEG",52,0,0,0,0,0,0,0,0,0,0,0,1,-2,681,"202410011509"
"2","POG",0,0,0,0,0,0,0,0,0,0,0,0,0,0,681,"202410011509"
"3","PUN",0,0,0,0,0,0,0,0,0,0,0,0,0,0,681,"202410011509"
"4","LGD",0,0,0,0,0,0,0,0,0,0,0,0,0,0,681,"202410011509"
"5","LPO",0,0,0,0,0,0,0,0,0,0,0,0,0,0,681,"202410011509"
"6","PIA",0,0,0,0,0,0,0,0,0,0,0,0,0,0,681,"202410011509"
"7","GKS",0,0,0,0,0,0,0,0,0,0,0,0,0,0,681,"202410011509"
"8","KOR",0,0,0,0,0,0,0,0,0,0,0,0,0,0,681,"202410011509"
"9","RCZ",0,0,0,0,0,0,0,0,0,0,0,0,0,0,681,"202410011509"
"10","RAD",90,0,0,0,0,0,0,0,0,0,0,0,0,6,681,"202410011509"
"11","GÓR",0,0,0,0,0,0,0,0,0,0,0,0,0,0,681,"202410011509"
"12","JAG",0,0,0,0,0,0,0,0,0,0,0,0,0,0,681,"202410011509"
"13","STM",0,0,0,0,0,0,0,0,0,0,0,0,0,0,681,"202410011509"
"14","ŚLA",0,0,0,0,0,0,0,0,0,0,0,0,0,0,681,"202410011509"
"15","WID",0,0,0,0,0,0,0,0,0,0,0,0,0,0,681,"202410011509"
"16","MOT",0,0,0,0,0,0,0,0,0,0,0,0,0,0,681,"202410011509"
"17","CRA",0,0,0,0,0,0,0,0,0,0,0,0,0,0,681,"202410011509"
"18","LEG",0,0,0,0,0,0,0,0,0,0,0,0,0,0,681,"202410011509"
"SUMA","EMPTY",142,0,0,0,0,0,0,0,0,0,0,0,1,4,681,"202410011509"
"2023/24 - wiosna","EMPTY",1170,0,1,0,0,0,0,1,0,0,0,2,0,39,681,"202410011509"
"2023/24 - jesień","EMPTY",297,0,0,0,0,0,0,0,0,0,0,3,1,1,681,"202410011509"
"2022/23 - wiosna","EMPTY",702,0,0,0,0,0,0,0,0,0,0,2,0,13,681,"202410011509"
"2022/23 - jesień","EMPTY",1322,2,1,0,1,0,0,2,0,0,0,6,0,37,681,"202410011509"
"2021/22 - wiosna","EMPTY",1288,1,0,0,0,0,0,0,0,0,0,1,0,54,681,"202410011509"
"2021/22 - jesień","EMPTY",1328,0,0,0,0,0,0,1,0,0,0,5,1,38,681,"202410011509"
"2020/21 - wiosna","EMPTY",388,1,0,0,0,0,0,0,0,0,0,3,0,20,681,"202410011509"
"2020/21 - jesień","EMPTY",981,2,2,0,0,0,0,1,0,0,0,4,3,38,681,"202410011509"
"2019/20 - wiosna","EMPTY",1449,0,0,0,0,0,1,0,0,0,0,5,0,29,681,"202410011509"
"2019/20 - jesień","EMPTY",1682,2,0,0,0,0,0,1,0,0,0,3,0,76,681,"202410011509"
"2018/19 - wiosna","EMPTY",1530,1,0,0,0,0,0,0,0,0,0,1,0,67,681,"202410011509"
"2018/19 - jesień","EMPTY",1620,2,0,0,0,0,0,0,0,0,0,10,0,91,681,"202410011509"
"2017/18 - wiosna","EMPTY",900,1,0,0,0,0,0,0,0,0,0,3,0,33,681,"202410011509"
"2017/18 - jesień","EMPTY",457,0,0,0,0,0,0,0,0,0,0,0,1,17,681,"202410011509"
"2016/17 - wiosna","EMPTY",0,0,0,0,0,0,0,0,0,0,0,0,0,0,681,"202410011509"
"1","KOR",0,0,0,0,0,0,0,0,0,0,0,0,0,0,1982,"202410011509"
"2","ZAG",0,0,0,0,0,0,0,0,0,0,0,0,0,0,1982,"202410011509"
"3","GÓR",0,0,0,0,0,0,0,0,0,0,0,0,0,0,1982,"202410011509"
"4","STM",7,0,0,0,0,0,0,0,0,0,0,0,0,2,1982,"202410011509"
"5","WID",0,0,0,0,0,0,0,0,0,0,0,0,0,0,1982,"202410011509"
"6","LPO",0,0,0,0,0,0,0,0,0,0,0,0,0,0,1982,"202410011509"
"7","ŚLA",75,0,0,0,0,0,0,0,0,0,0,0,0,2,1982,"202410011509"
"8","CRA",0,0,0,0,0,0,0,0,0,0,0,0,0,0,1982,"202410011509"
"9","LEG",0,0,0,0,0,0,0,0,0,0,0,0,0,0,1982,"202410011509"
"10","GKS",21,0,0,0,0,0,0,0,0,0,0,0,0,0,1982,"202410011509"
"11","PIA",0,0,0,0,0,0,0,0,0,0,0,0,0,0,1982,"202410011509"
"12","RCZ",0,0,0,0,0,0,0,0,0,0,0,0,0,0,1982,"202410011509"
"13","PUN",0,0,0,0,0,0,0,0,0,0,0,0,0,0,1982,"202410011509"
"14","MOT",0,0,0,0,0,0,0,0,0,0,0,0,0,0,1982,"202410011509"
"15","RAD",0,0,0,0,0,0,0,0,0,0,0,0,0,0,1982,"202410011509"
"16","LGD",0,0,0,0,0,0,0,0,0,0,0,0,0,0,1982,"202410011509"
"17","JAG",0,0,0,0,0,0,0,0,0,0,0,0,0,0,1982,"202410011509"
"18","KOR",0,0,0,0,0,0,0,0,0,0,0,0,0,0,1982,"202410011509"
"SUMA","EMPTY",103,0,0,0,0,0,0,0,0,0,0,0,0,4,1982,"202410011509"
"2023/24 - wiosna","EMPTY",0,0,0,0,0,0,0,0,0,0,0,0,0,0,1982,"202410011509"
"2023/24 - jesień","EMPTY",0,0,0,0,0,0,0,0,0,0,0,0,0,0,1982,"202410011509"
"2022/23 - wiosna","EMPTY",0,0,0,0,0,0,0,0,0,0,0,0,0,0,1982,"202410011509"
"2022/23 - jesień","EMPTY",0,0,0,0,0,0,0,0,0,0,0,0,0,0,1982,"202410011509"
"8","JAG",7,0,0,0,0,0,0,0,0,0,0,0,0,2,2506,"202410011509"
"9","ŚLA",6,0,0,0,0,0,0,0,0,0,0,0,0,2,2506,"202410011509"
"10","KOR",0,0,0,0,0,0,0,0,0,0,0,0,0,0,2506,"202410011509"
"11","MOT",0,0,0,0,0,0,0,0,0,0,0,0,0,0,2506,"202410011509"
"12","CRA",0,0,0,0,0,0,0,0,0,0,0,0,0,0,2506,"202410011509"
"13","RAD",0,0,0,0,0,0,0,0,0,0,0,0,0,0,2506,"202410011509"
"14","PUN",0,0,0,0,0,0,0,0,0,0,0,0,0,0,2506,"202410011509"
"15","LEG",0,0,0,0,0,0,0,0,0,0,0,0,0,0,2506,"202410011509"
"16","GKS",0,0,0,0,0,0,0,0,0,0,0,0,0,0,2506,"202410011509"
"17","PIA",0,0,0,0,0,0,0,0,0,0,0,0,0,0,2506,"202410011509"
"18","GÓR",0,0,0,0,0,0,0,0,0,0,0,0,0,0,2506,"202410011509"
"SUMA","EMPTY",13,0,0,0,0,0,0,0,0,0,0,0,0,4,2506,"202410011509"
"8","LEG",0,0,0,0,0,0,0,0,0,0,0,0,0,0,2507,"202410011509"
"9","ZAG",65,0,0,0,0,0,0,0,0,0,0,1,0,2,2507,"202410011509"
"10","PUN",30,0,0,0,0,0,0,0,0,0,0,0,0,2,2507,"202410011509"
"11","RAD",0,0,0,0,0,0,0,0,0,0,0,0,0,0,2507,"202410011509"
"12","POG",0,0,0,0,0,0,0,0,0,0,0,0,0,0,2507,"202410011509"
"13","ŚLA",0,0,0,0,0,0,0,0,0,0,0,0,0,0,2507,"202410011509"
"14","STM",0,0,0,0,0,0,0,0,0,0,0,0,0,0,2507,"202410011509"
"15","JAG",0,0,0,0,0,0,0,0,0,0,0,0,0,0,2507,"202410011509"
"16","KOR",0,0,0,0,0,0,0,0,0,0,0,0,0,0,2507,"202410011509"
"17","WID",0,0,0,0,0,0,0,0,0,0,0,0,0,0,2507,"202410011509"
"18","MOT",0,0,0,0,0,0,0,0,0,0,0,0,0,0,2507,"202410011509"
"SUMA","EMPTY",95,0,0,0,0,0,0,0,0,0,0,1,0,4,2507,"202410011509"
"1","LGD",0,0,0,0,0,0,0,0,0,0,0,0,0,0,514,"202410011509"
"2","PIA",0,0,0,0,0,0,0,0,0,0,0,0,0,0,514,"202410011509"
"4","WID",0,0,0,0,0,0,0,0,0,0,0,0,0,0,514,"202410011509"
"5","KOR",0,0,0,0,0,0,0,0,0,0,0,0,0,0,514,"202410011509"
"6","LEG",0,0,0,0,0,0,0,0,0,0,0,0,0,0,514,"202410011509"
"7","POG",0,0,0,0,0,0,0,0,0,0,0,0,0,0,514,"202410011509"
"8","STM",0,0,0,0,0,0,0,0,0,0,0,0,0,0,514,"202410011509"
"9","LPO",90,0,0,0,0,0,0,0,0,0,0,0,0,2,514,"202410011509"
"10","MOT",1,0,0,0,0,0,0,0,0,0,0,0,0,1,514,"202410011509"
"11","CRA",0,0,0,0,0,0,0,0,0,0,0,0,0,0,514,"202410011509"
"12","GKS",0,0,0,0,0,0,0,0,0,0,0,0,0,0,514,"202410011509"
"13","RCZ",0,0,0,0,0,0,0,0,0,0,0,0,0,0,514,"202410011509"
"14","ZAG",0,0,0,0,0,0,0,0,0,0,0,0,0,0,514,"202410011509"
"15","GÓR",0,0,0,0,0,0,0,0,0,0,0,0,0,0,514,"202410011509"
"16","JAG",0,0,0,0,0,0,0,0,0,0,0,0,0,0,514,"202410011509"
"17","PUN",0,0,0,0,0,0,0,0,0,0,0,0,0,0,514,"202410011509"
"18","RAD",0,0,0,0,0,0,0,0,0,0,0,0,0,0,514,"202410011509"
"18","LGD",0,0,0,0,0,0,0,0,0,0,0,0,0,0,514,"202410011509"
"SUMA","EMPTY",91,0,0,0,0,0,0,0,0,0,0,0,0,3,514,"202410011509"
"2023/24 - wiosna","EMPTY",1107,0,0,0,1,0,0,0,0,0,0,1,0,40,514,"202410011509"
"2023/24 - jesień","EMPTY",1530,1,0,0,0,0,0,1,0,0,0,4,0,67,514,"202410011509"
"2022/23 - wiosna","EMPTY",1358,1,0,0,0,0,0,1,0,0,0,1,0,35,514,"202410011509"
"2022/23 - jesień","EMPTY",407,1,1,0,0,0,0,0,0,0,0,1,1,21,514,"202410011509"
"2021/22 - wiosna","EMPTY",542,0,0,0,0,0,0,0,0,0,0,0,0,10,514,"202410011509"
"2021/22 - jesień","EMPTY",1226,0,0,0,0,0,0,0,0,0,0,1,0,26,514,"202410011509"
"2020/21 - wiosna","EMPTY",1004,0,0,0,0,0,0,0,0,0,0,2,0,26,514,"202410011509"
"2019/20 - jesień","EMPTY",0,0,0,0,0,0,0,0,0,0,0,0,0,0,514,"202410011509"
"2018/19 - wiosna","EMPTY",0,0,0,0,0,0,0,0,0,0,0,0,0,0,514,"202410011509"
"2017/18 - wiosna","EMPTY",0,0,0,0,0,0,0,0,0,0,0,0,0,0,514,"202410011509"
"2017/18 - jesień","EMPTY",0,0,0,0,0,0,0,0,0,0,0,0,0,0,514,"202410011509"
"2016/17 - wiosna","EMPTY",701,0,0,0,0,0,0,0,0,0,0,1,0,16,514,"202410011509"
"2016/17 - jesień","EMPTY",797,0,0,0,0,0,0,0,0,0,0,1,0,28,514,"202410011509"
"1","CRA",0,0,0,0,0,0,0,0,0,0,0,0,0,0,2069,"202410011509"
"2","ŚLA",0,0,0,0,0,0,0,0,0,0,0,0,0,0,2069,"202410011509"
"3","LEG",0,0,0,0,0,0,0,0,0,0,0,0,0,0,2069,"202410011509"
"4","GKS",0,0,0,0,0,0,0,0,0,0,0,0,0,0,2069,"202410011509"
"5","STM",1,0,0,0,0,0,0,0,0,0,0,0,0,1,2069,"202410011509"
"6","ZAG",0,0,0,0,0,0,0,0,0,0,0,0,0,0,2069,"202410011509"
"7","RCZ",0,0,0,0,0,0,0,0,0,0,0,0,0,0,2069,"202410011509"
"8","PUN",4,0,0,0,0,0,0,0,0,0,0,0,0,1,2069,"202410011509"
"9","WID",0,0,0,0,0,0,0,0,0,0,0,0,0,0,2069,"202410011509"
"10","JAG",4,0,0,0,0,0,0,0,0,0,0,0,0,1,2069,"202410011509"
"11","POG",0,0,0,0,0,0,0,0,0,0,0,0,0,0,2069,"202410011509"
"12","KOR",0,0,0,0,0,0,0,0,0,0,0,0,0,0,2069,"202410011509"
"13","LGD",0,0,0,0,0,0,0,0,0,0,0,0,0,0,2069,"202410011509"
"14","RAD",0,0,0,0,0,0,0,0,0,0,0,0,0,0,2069,"202410011509"
"15","MOT",0,0,0,0,0,0,0,0,0,0,0,0,0,0,2069,"202410011509"
"16","GÓR",0,0,0,0,0,0,0,0,0,0,0,0,0,0,2069,"202410011509"
"17","LPO",0,0,0,0,0,0,0,0,0,0,0,0,0,0,2069,"202410011509"
"18","CRA",0,0,0,0,0,0,0,0,0,0,0,0,0,0,2069,"202410011509"
"SUMA","EMPTY",9,0,0,0,0,0,0,0,0,0,0,0,0,3,2069,"202410011509"
"2023/24 - wiosna","EMPTY",0,0,0,0,0,0,0,0,0,0,0,0,0,0,2069,"202410011509"
"2023/24 - jesień","EMPTY",0,0,0,0,0,0,0,0,0,0,0,0,0,0,2069,"202410011509"
"2022/23 - wiosna","EMPTY",89,0,0,0,0,0,0,0,0,0,0,1,0,11,2069,"202410011509"
"1","MOT",0,0,0,0,0,0,0,0,0,0,0,0,0,0,1818,"202410011509"
"2","CRA",0,0,0,0,0,0,0,0,0,0,0,0,0,0,1818,"202410011509"
"3","GKS",0,0,0,0,0,0,0,0,0,0,0,0,0,0,1818,"202410011509"
"4","LPO",0,0,0,0,0,0,0,0,0,0,0,0,0,0,1818,"202410011509"
"5","GÓR",0,0,0,0,0,0,0,0,0,0,0,0,0,0,1818,"202410011509"
"6","LGD",0,0,0,0,0,0,0,0,0,0,0,0,0,0,1818,"202410011509"
"7","PIA",0,0,0,0,0,0,0,0,0,0,0,0,0,0,1818,"202410011509"
"8","LEG",0,0,0,0,0,0,0,0,0,0,0,0,0,0,1818,"202410011509"
"9","ZAG",0,0,0,0,0,0,0,0,0,0,0,0,0,0,1818,"202410011509"
"10","PUN",60,0,0,0,0,0,0,0,0,0,0,0,0,3,1818,"202410011509"
"11","RAD",0,0,0,0,0,0,0,0,0,0,0,0,0,0,1818,"202410011509"
"12","POG",0,0,0,0,0,0,0,0,0,0,0,0,0,0,1818,"202410011509"
"13","ŚLA",0,0,0,0,0,0,0,0,0,0,0,0,0,0,1818,"202410011509"
"14","STM",0,0,0,0,0,0,0,0,0,0,0,0,0,0,1818,"202410011509"
"15","JAG",0,0,0,0,0,0,0,0,0,0,0,0,0,0,1818,"202410011509"
"16","KOR",0,0,0,0,0,0,0,0,0,0,0,0,0,0,1818,"202410011509"
"17","WID",0,0,0,0,0,0,0,0,0,0,0,0,0,0,1818,"202410011509"
"18","MOT",0,0,0,0,0,0,0,0,0,0,0,0,0,0,1818,"202410011509"
"SUMA","EMPTY",60,0,0,0,0,0,0,0,0,0,0,0,0,3,1818,"202410011509"
"2023/24 - wiosna","EMPTY",0,0,0,0,0,0,0,0,0,0,0,0,0,0,1818,"202410011509"
"2023/24 - jesień","EMPTY",0,0,0,0,0,0,0,0,0,0,0,0,0,0,1818,"202410011509"
"2022/23 - wiosna","EMPTY",15,0,0,0,0,0,0,0,0,0,0,0,0,3,1818,"202410011509"
"2022/23 - jesień","EMPTY",0,0,0,0,0,0,0,0,0,0,0,0,0,0,1818,"202410011509"
"2021/22 - wiosna","EMPTY",20,0,0,0,0,0,0,0,0,0,0,0,0,7,1818,"202410011509"
"2021/22 - jesień","EMPTY",7,0,0,0,0,0,0,0,0,0,0,0,0,1,1818,"202410011509"
"1","LGD",15,0,0,0,0,0,0,0,0,0,0,0,0,1,2094,"202410011509"
"2","PIA",45,0,0,0,0,0,0,0,0,0,0,0,0,1,2094,"202410011509"
"4","WID",0,0,0,0,0,0,0,0,0,0,0,0,0,0,2094,"202410011509"
"5","KOR",0,0,0,0,0,0,0,0,0,0,0,0,0,0,2094,"202410011509"
"6","LEG",0,0,0,0,0,0,0,0,0,0,0,0,0,0,2094,"202410011509"
"7","POG",10,0,0,0,0,0,0,0,0,0,0,0,0,1,2094,"202410011509"
"8","STM",0,0,0,0,0,0,0,0,0,0,0,0,0,0,2094,"202410011509"
"9","LPO",0,0,0,0,0,0,0,0,0,0,0,0,0,0,2094,"202410011509"
"10","MOT",0,0,0,0,0,0,0,0,0,0,0,0,0,0,2094,"202410011509"
"11","CRA",0,0,0,0,0,0,0,0,0,0,0,0,0,0,2094,"202410011509"
"12","GKS",0,0,0,0,0,0,0,0,0,0,0,0,0,0,2094,"202410011509"
"13","RCZ",0,0,0,0,0,0,0,0,0,0,0,0,0,0,2094,"202410011509"
"14","ZAG",0,0,0,0,0,0,0,0,0,0,0,0,0,0,2094,"202410011509"
"15","GÓR",0,0,0,0,0,0,0,0,0,0,0,0,0,0,2094,"202410011509"
"16","JAG",0,0,0,0,0,0,0,0,0,0,0,0,0,0,2094,"202410011509"
"17","PUN",0,0,0,0,0,0,0,0,0,0,0,0,0,0,2094,"202410011509"
"18","RAD",0,0,0,0,0,0,0,0,0,0,0,0,0,0,2094,"202410011509"
"18","LGD",0,0,0,0,0,0,0,0,0,0,0,0,0,0,2094,"202410011509"
"SUMA","EMPTY",70,0,0,0,0,0,0,0,0,0,0,0,0,3,2094,"202410011509"
"2023/24 - wiosna","EMPTY",56,0,0,0,0,0,0,0,0,0,0,0,0,6,2094,"202410011509"
"2023/24 - jesień","EMPTY",9,0,0,0,0,0,0,0,0,0,0,0,0,4,2094,"202410011509"
"2022/23 - wiosna","EMPTY",0,0,0,0,0,0,0,0,0,0,0,0,0,0,2094,"202410011509"
"1","LGD",6,0,0,0,0,0,0,0,0,0,0,0,0,1,2119,"202410011509"
"2","PIA",45,0,0,0,0,0,0,0,0,0,0,0,0,1,2119,"202410011509"
"4","WID",0,0,0,0,0,0,0,0,0,0,0,0,0,0,2119,"202410011509"
"5","KOR",0,0,0,0,0,0,0,0,0,0,0,0,0,0,2119,"202410011509"
"6","LEG",7,0,0,0,0,0,0,0,0,0,0,0,0,1,2119,"202410011509"
"7","POG",0,0,0,0,0,0,0,0,0,0,0,0,0,0,2119,"202410011509"
"8","STM",0,0,0,0,0,0,0,0,0,0,0,0,0,0,2119,"202410011509"
"9","LPO",0,0,0,0,0,0,0,0,0,0,0,0,0,0,2119,"202410011509"
"10","MOT",0,0,0,0,0,0,0,0,0,0,0,0,0,0,2119,"202410011509"
"11","CRA",0,0,0,0,0,0,0,0,0,0,0,0,0,0,2119,"202410011509"
"12","GKS",0,0,0,0,0,0,0,0,0,0,0,0,0,0,2119,"202410011509"
"13","RCZ",0,0,0,0,0,0,0,0,0,0,0,0,0,0,2119,"202410011509"
"14","ZAG",0,0,0,0,0,0,0,0,0,0,0,0,0,0,2119,"202410011509"
"15","GÓR",0,0,0,0,0,0,0,0,0,0,0,0,0,0,2119,"202410011509"
"16","JAG",0,0,0,0,0,0,0,0,0,0,0,0,0,0,2119,"202410011509"
"17","PUN",0,0,0,0,0,0,0,0,0,0,0,0,0,0,2119,"202410011509"
"18","RAD",0,0,0,0,0,0,0,0,0,0,0,0,0,0,2119,"202410011509"
"18","LGD",0,0,0,0,0,0,0,0,0,0,0,0,0,0,2119,"202410011509"
"SUMA","EMPTY",58,0,0,0,0,0,0,0,0,0,0,0,0,3,2119,"202410011509"
"2023/24 - wiosna","EMPTY",435,1,2,0,0,0,0,0,0,0,0,1,0,26,2119,"202410011509"
"2023/24 - jesień","EMPTY",885,1,0,0,0,0,0,0,0,0,0,1,0,40,2119,"202410011509"
"2022/23 - wiosna","EMPTY",1,0,0,0,0,0,0,0,0,0,0,0,0,1,2119,"202410011509"
"1","MOT",0,0,0,0,0,0,0,0,0,0,0,0,0,0,1373,"202410011509"
"2","CRA",53,0,0,0,0,0,0,0,0,0,0,0,0,1,1373,"202410011509"
"3","GKS",0,0,0,0,0,0,0,0,0,0,0,0,0,0,1373,"202410011509"
"4","LPO",0,0,0,0,0,0,0,0,0,0,0,0,0,0,1373,"202410011509"
"5","GÓR",5,0,0,0,0,0,0,0,0,0,0,0,0,1,1373,"202410011509"
"6","LGD",0,0,0,0,0,0,0,0,0,0,0,0,0,0,1373,"202410011509"
"7","PIA",20,0,0,0,0,0,0,0,0,0,0,0,0,1,1373,"202410011509"
"8","LEG",0,0,0,0,0,0,0,0,0,0,0,0,0,0,1373,"202410011509"
"9","ZAG",0,0,0,0,0,0,0,0,0,0,0,0,0,0,1373,"202410011509"
"10","PUN",0,0,0,0,0,0,0,0,0,0,0,0,0,0,1373,"202410011509"
"11","RAD",0,0,0,0,0,0,0,0,0,0,0,0,0,0,1373,"202410011509"
"12","POG",0,0,0,0,0,0,0,0,0,0,0,0,0,0,1373,"202410011509"
"13","ŚLA",0,0,0,0,0,0,0,0,0,0,0,0,0,0,1373,"202410011509"
"14","STM",0,0,0,0,0,0,0,0,0,0,0,0,0,0,1373,"202410011509"
"15","JAG",0,0,0,0,0,0,0,0,0,0,0,0,0,0,1373,"202410011509"
"16","KOR",0,0,0,0,0,0,0,0,0,0,0,0,0,0,1373,"202410011509"
"17","WID",0,0,0,0,0,0,0,0,0,0,0,0,0,0,1373,"202410011509"
"18","MOT",0,0,0,0,0,0,0,0,0,0,0,0,0,0,1373,"202410011509"
"SUMA","EMPTY",78,0,0,0,0,0,0,0,0,0,0,0,0,3,1373,"202410011509"
"2023/24 - wiosna","EMPTY",425,0,0,0,0,0,0,0,0,0,0,0,0,15,1373,"202410011509"
"2023/24 - jesień","EMPTY",818,0,2,1,0,0,0,0,0,0,0,4,0,36,1373,"202410011509"
"2022/23 - wiosna","EMPTY",909,0,2,0,0,0,0,0,0,0,0,3,0,42,1373,"202410011509"
"2022/23 - jesień","EMPTY",267,0,0,0,0,0,0,0,0,0,0,0,0,19,1373,"202410011509"
"2021/22 - wiosna","EMPTY",1021,0,0,0,0,0,0,0,0,0,0,3,0,35,1373,"202410011509"
"2021/22 - jesień","EMPTY",870,1,2,0,0,0,0,0,0,0,0,2,0,39,1373,"202410011509"
"2020/21 - wiosna","EMPTY",481,0,0,0,0,0,0,0,0,0,0,4,0,16,1373,"202410011509"
"2020/21 - jesień","EMPTY",43,0,0,0,0,0,0,0,0,0,0,0,0,8,1373,"202410011509"
"2019/20 - wiosna","EMPTY",209,0,0,0,0,0,0,0,0,0,0,0,0,10,1373,"202410011509"
"1","ŚLA",77,0,0,0,0,0,0,0,0,0,0,0,0,2,2407,"202410011509"
"2","MOT",0,0,0,0,0,0,0,0,0,0,0,0,0,0,2407,"202410011509"
"3","LPO",0,0,0,0,0,0,0,0,0,0,0,0,0,0,2407,"202410011509"
"4","ZAG",0,0,0,0,0,0,0,0,0,0,0,0,0,0,2407,"202410011509"
"5","PUN",0,0,0,0,0,0,0,0,0,0,0,0,0,0,2407,"202410011509"
"6","RCZ",0,0,0,0,0,0,0,0,0,0,0,0,0,0,2407,"202410011509"
"7","GÓR",0,0,0,0,0,0,0,0,0,0,0,0,0,0,2407,"202410011509"
"8","RAD",0,0,0,0,0,0,0,0,0,0,0,0,0,0,2407,"202410011509"
"9","JAG",0,0,0,0,0,0,0,0,0,0,0,0,0,0,2407,"202410011509"
"10","WID",15,0,0,0,0,0,0,0,0,0,0,0,0,1,2407,"202410011509"
"11","STM",0,0,0,0,0,0,0,0,0,0,0,0,0,0,2407,"202410011509"
"12","LEG",0,0,0,0,0,0,0,0,0,0,0,0,0,0,2407,"202410011509"
"13","PIA",0,0,0,0,0,0,0,0,0,0,0,0,0,0,2407,"202410011509"
"14","CRA",0,0,0,0,0,0,0,0,0,0,0,0,0,0,2407,"202410011509"
"15","KOR",0,0,0,0,0,0,0,0,0,0,0,0,0,0,2407,"202410011509"
"16","POG",0,0,0,0,0,0,0,0,0,0,0,0,0,0,2407,"202410011509"
"17","GKS",0,0,0,0,0,0,0,0,0,0,0,0,0,0,2407,"202410011509"
"18","ŚLA",0,0,0,0,0,0,0,0,0,0,0,0,0,0,2407,"202410011509"
"SUMA","EMPTY",92,0,0,0,0,0,0,0,0,0,0,0,0,3,2407,"202410011509"
"1","RCZ",0,0,0,0,0,0,0,0,0,0,0,0,0,0,2422,"202410011509"
"2","LGD",15,0,0,0,0,0,0,0,0,0,0,0,0,2,2422,"202410011509"
"3","KOR",0,0,0,0,0,0,0,0,0,0,0,0,0,0,2422,"202410011509"
"5","GKS",0,0,0,0,0,0,0,0,0,0,0,0,0,0,2422,"202410011509"
"6","PUN",12,0,0,0,0,0,0,0,0,0,0,0,0,1,2422,"202410011509"
"7","LEG",0,0,0,0,0,0,0,0,0,0,0,0,0,0,2422,"202410011509"
"8","GÓR",0,0,0,0,0,0,0,0,0,0,0,0,0,0,2422,"202410011509"
"9","JAG",0,0,0,0,0,0,0,0,0,0,0,0,0,0,2422,"202410011509"
"9","STM",0,0,0,0,0,0,0,0,0,0,0,0,0,0,2422,"202410011509"
"10","ŚLA",0,0,0,0,0,0,0,0,0,0,0,0,0,0,2422,"202410011509"
"11","LPO",0,0,0,0,0,0,0,0,0,0,0,0,0,0,2422,"202410011509"
"12","WID",0,0,0,0,0,0,0,0,0,0,0,0,0,0,2422,"202410011509"
"13","CRA",0,0,0,0,0,0,0,0,0,0,0,0,0,0,2422,"202410011509"
"14","POG",0,0,0,0,0,0,0,0,0,0,0,0,0,0,2422,"202410011509"
"15","PIA",0,0,0,0,0,0,0,0,0,0,0,0,0,0,2422,"202410011509"
"16","ZAG",0,0,0,0,0,0,0,0,0,0,0,0,0,0,2422,"202410011509"
"17","RAD",0,0,0,0,0,0,0,0,0,0,0,0,0,0,2422,"202410011509"
"18","RCZ",0,0,0,0,0,0,0,0,0,0,0,0,0,0,2422,"202410011509"
"SUMA","EMPTY",27,0,0,0,0,0,0,0,0,0,0,0,0,3,2422,"202410011509"
"1","LEG",90,0,0,0,0,0,0,0,0,0,0,0,0,1,640,"202410011509"
"2","POG",0,0,0,0,0,0,0,0,0,0,0,0,0,0,640,"202410011509"
"3","PUN",0,0,0,0,0,0,0,0,0,0,0,0,0,0,640,"202410011509"
"4","LGD",0,0,0,0,0,0,0,0,0,0,0,0,0,0,640,"202410011509"
"5","LPO",20,0,0,0,0,0,0,0,0,0,0,0,0,1,640,"202410011509"
"6","PIA",5,0,0,0,0,0,0,0,0,0,0,0,0,1,640,"202410011509"
"7","GKS",0,0,0,0,0,0,0,0,0,0,0,0,0,0,640,"202410011509"
"8","KOR",0,0,0,0,0,0,0,0,0,0,0,0,0,0,640,"202410011509"
"9","RCZ",0,0,0,0,0,0,0,0,0,0,0,0,0,0,640,"202410011509"
"10","RAD",0,0,0,0,0,0,0,0,0,0,0,0,0,0,640,"202410011509"
"11","GÓR",0,0,0,0,0,0,0,0,0,0,0,0,0,0,640,"202410011509"
"12","JAG",0,0,0,0,0,0,0,0,0,0,0,0,0,0,640,"202410011509"
"13","STM",0,0,0,0,0,0,0,0,0,0,0,0,0,0,640,"202410011509"
"14","ŚLA",0,0,0,0,0,0,0,0,0,0,0,0,0,0,640,"202410011509"
"15","WID",0,0,0,0,0,0,0,0,0,0,0,0,0,0,640,"202410011509"
"16","MOT",0,0,0,0,0,0,0,0,0,0,0,0,0,0,640,"202410011509"
"17","CRA",0,0,0,0,0,0,0,0,0,0,0,0,0,0,640,"202410011509"
"18","LEG",0,0,0,0,0,0,0,0,0,0,0,0,0,0,640,"202410011509"
"SUMA","EMPTY",115,0,0,0,0,0,0,0,0,0,0,0,0,3,640,"202410011509"
"2023/24 - wiosna","EMPTY",1164,0,1,0,0,0,0,0,0,0,0,4,1,34,640,"202410011509"
"2023/24 - jesień","EMPTY",1620,2,1,0,0,0,0,0,0,0,0,3,0,60,640,"202410011509"
"2022/23 - wiosna","EMPTY",1080,1,0,0,0,0,0,0,0,0,0,2,0,40,640,"202410011509"
"2022/23 - jesień","EMPTY",1440,0,1,0,0,0,0,0,0,0,0,4,0,34,640,"202410011509"
"2021/22 - wiosna","EMPTY",1375,0,0,0,1,0,0,0,0,0,0,2,0,30,640,"202410011509"
"2021/22 - jesień","EMPTY",965,0,1,0,0,0,0,0,0,0,0,0,0,39,640,"202410011509"
"2020/21 - wiosna","EMPTY",1402,2,0,0,0,0,0,0,0,0,0,3,0,49,640,"202410011509"
"2020/21 - jesień","EMPTY",1221,0,0,0,0,0,0,1,0,0,0,2,0,28,640,"202410011509"
"2019/20 - wiosna","EMPTY",1447,0,1,0,0,0,0,0,0,0,0,2,0,41,640,"202410011509"
"2019/20 - jesień","EMPTY",1800,1,1,0,0,0,0,0,0,0,0,3,0,68,640,"202410011509"
"2018/19 - wiosna","EMPTY",1170,0,0,0,0,0,0,1,0,0,0,4,0,49,640,"202410011509"
"2018/19 - jesień","EMPTY",972,1,1,0,0,0,0,0,0,0,0,1,0,38,640,"202410011509"
"2017/18 - wiosna","EMPTY",1167,0,0,0,0,0,0,0,0,0,0,2,0,46,640,"202410011509"
"2017/18 - jesień","EMPTY",1575,0,0,0,0,0,0,0,0,0,0,2,0,63,640,"202410011509"
"1","STM",0,0,0,0,0,0,0,0,0,0,0,0,0,0,2442,"202410011509"
"2","LPO",0,0,0,0,0,0,0,0,0,0,0,0,0,0,2442,"202410011509"
"3","CRA",0,0,0,0,0,0,0,0,0,0,0,0,0,0,2442,"202410011509"
"4","ŚLA",0,0,0,0,0,0,0,0,0,0,0,0,0,0,2442,"202410011509"
"5","POG",0,0,0,0,0,0,0,0,0,0,0,0,0,0,2442,"202410011509"
"6","RAD",0,0,0,0,0,0,0,0,0,0,0,0,0,0,2442,"202410011509"
"7","JAG",89,0,0,0,0,0,0,0,0,0,0,1,0,1,2442,"202410011509"
"8","GKS",0,0,0,0,0,0,0,0,0,0,0,0,0,0,2442,"202410011509"
"9","PIA",15,0,0,0,0,0,0,0,0,0,0,0,0,2,2442,"202410011509"
"10","LGD",0,0,0,0,0,0,0,0,0,0,0,0,0,0,2442,"202410011509"
"11","KOR",0,0,0,0,0,0,0,0,0,0,0,0,0,0,2442,"202410011509"
"12","MOT",0,0,0,0,0,0,0,0,0,0,0,0,0,0,2442,"202410011509"
"13","GÓR",0,0,0,0,0,0,0,0,0,0,0,0,0,0,2442,"202410011509"
"14","LEG",0,0,0,0,0,0,0,0,0,0,0,0,0,0,2442,"202410011509"
"15","ZAG",0,0,0,0,0,0,0,0,0,0,0,0,0,0,2442,"202410011509"
"16","PUN",0,0,0,0,0,0,0,0,0,0,0,0,0,0,2442,"202410011509"
"17","RCZ",0,0,0,0,0,0,0,0,0,0,0,0,0,0,2442,"202410011509"
"18","STM",0,0,0,0,0,0,0,0,0,0,0,0,0,0,2442,"202410011509"
"SUMA","EMPTY",104,0,0,0,0,0,0,0,0,0,0,1,0,3,2442,"202410011509"
"1","WID (STM)",3,0,0,0,0,0,0,0,0,0,0,1,0,0,2221,"202410011509"
"2","GKS (STM)",14,0,0,0,0,0,0,0,0,0,0,0,0,1,2221,"202410011509"
"3","JAG (STM)",0,0,0,0,0,0,0,0,0,0,0,0,0,0,2221,"202410011509"
"4","POG (STM)",0,0,0,0,0,0,0,0,0,0,0,0,0,0,2221,"202410011509"
"5","PIA (STM)",0,0,0,0,0,0,0,0,0,0,0,0,0,0,2221,"202410011509"
"6","KOR (STM)",0,0,0,0,0,0,0,0,0,0,0,0,0,0,2221,"202410011509"
"7","LPO (STM)",0,0,0,0,0,0,0,0,0,0,0,0,0,0,2221,"202410011509"
"8","PIA",49,0,0,0,0,0,0,0,0,0,0,0,0,1,2221,"202410011509"
"9","CRA",2,0,0,0,0,0,0,0,0,0,0,0,0,1,2221,"202410011509"
"10","RCZ",0,0,0,0,0,0,0,0,0,0,0,0,0,0,2221,"202410011509"
"11","GKS",0,0,0,0,0,0,0,0,0,0,0,0,0,0,2221,"202410011509"
"12","RAD",0,0,0,0,0,0,0,0,0,0,0,0,0,0,2221,"202410011509"
"13","POG",0,0,0,0,0,0,0,0,0,0,0,0,0,0,2221,"202410011509"
"14","LPO",0,0,0,0,0,0,0,0,0,0,0,0,0,0,2221,"202410011509"
"15","STM",0,0,0,0,0,0,0,0,0,0,0,0,0,0,2221,"202410011509"
"16","WID",0,0,0,0,0,0,0,0,0,0,0,0,0,0,2221,"202410011509"
"17","ŚLA",0,0,0,0,0,0,0,0,0,0,0,0,0,0,2221,"202410011509"
"18","JAG",0,0,0,0,0,0,0,0,0,0,0,0,0,0,2221,"202410011509"
"SUMA","EMPTY",68,0,0,0,0,0,0,0,0,0,0,1,0,3,2221,"202410011509"
"2023/24 - wiosna","EMPTY",91,0,0,0,0,0,0,0,0,0,0,0,0,9,2221,"202410011509"
"2023/24 - jesień","EMPTY",401,0,0,0,0,0,0,0,0,0,0,1,0,18,2221,"202410011509"
"1","CRA",0,0,0,0,0,0,0,0,0,0,0,0,0,0,1720,"202410011509"
"2","ŚLA",0,0,0,0,0,0,0,0,0,0,0,0,0,0,1720,"202410011509"
"3","LEG",0,0,0,0,0,0,0,0,0,0,0,0,0,0,1720,"202410011509"
"4","GKS",13,0,0,0,0,0,0,0,0,0,0,0,0,1,1720,"202410011509"
"5","STM",0,0,0,0,0,0,0,0,0,0,0,0,0,0,1720,"202410011509"
"6","ZAG",0,0,0,0,0,0,0,0,0,0,0,0,0,0,1720,"202410011509"
"7","RCZ",1,0,0,0,0,0,0,0,0,0,0,0,0,2,1720,"202410011509"
"8","PUN",0,0,0,0,0,0,0,0,0,0,0,0,0,0,1720,"202410011509"
"9","WID",0,0,0,0,0,0,0,0,0,0,0,0,0,0,1720,"202410011509"
"10","JAG",0,0,0,0,0,0,0,0,0,0,0,0,0,0,1720,"202410011509"
"11","POG",0,0,0,0,0,0,0,0,0,0,0,0,0,0,1720,"202410011509"
"12","KOR",0,0,0,0,0,0,0,0,0,0,0,0,0,0,1720,"202410011509"
"13","LGD",0,0,0,0,0,0,0,0,0,0,0,0,0,0,1720,"202410011509"
"14","RAD",0,0,0,0,0,0,0,0,0,0,0,0,0,0,1720,"202410011509"
"15","MOT",0,0,0,0,0,0,0,0,0,0,0,0,0,0,1720,"202410011509"
"16","GÓR",0,0,0,0,0,0,0,0,0,0,0,0,0,0,1720,"202410011509"
"17","LPO",0,0,0,0,0,0,0,0,0,0,0,0,0,0,1720,"202410011509"
"18","CRA",0,0,0,0,0,0,0,0,0,0,0,0,0,0,1720,"202410011509"
"SUMA","EMPTY",14,0,0,0,0,0,0,0,0,0,0,0,0,3,1720,"202410011509"
"2023/24 - wiosna","EMPTY",289,0,0,0,0,0,0,2,0,0,0,2,0,4,1720,"202410011509"
"2023/24 - jesień","EMPTY",130,0,0,0,0,0,0,0,0,0,0,0,0,10,1720,"202410011509"
"2022/23 - wiosna","EMPTY",301,0,0,0,0,0,0,0,0,0,0,0,0,8,1720,"202410011509"
"2022/23 - jesień","EMPTY",180,0,0,0,0,0,0,0,0,0,0,1,0,1,1720,"202410011509"
"2021/22 - wiosna","EMPTY",0,0,0,0,0,0,0,0,0,0,0,0,0,0,1720,"202410011509"
"2021/22 - jesień","EMPTY",215,0,0,0,0,0,0,1,0,0,0,1,0,1,1720,"202410011509"
"6","ŚLA",0,0,0,0,0,0,0,0,0,0,0,0,0,0,2495,"202410011509"
"7","MOT",0,0,0,0,0,0,0,0,0,0,0,0,0,0,2495,"202410011509"
"8","RCZ",0,0,0,0,0,0,0,0,0,0,0,0,0,0,2495,"202410011509"
"9","POG",22,0,0,0,0,0,0,0,0,0,0,0,0,1,2495,"202410011509"
"10","GÓR",78,0,0,0,0,0,0,0,0,0,0,0,0,2,2495,"202410011509"
"11","JAG",0,0,0,0,0,0,0,0,0,0,0,0,0,0,2495,"202410011509"
"12","LGD",0,0,0,0,0,0,0,0,0,0,0,0,0,0,2495,"202410011509"
"13","GKS",0,0,0,0,0,0,0,0,0,0,0,0,0,0,2495,"202410011509"
"14","WID",0,0,0,0,0,0,0,0,0,0,0,0,0,0,2495,"202410011509"
"15","LPO",0,0,0,0,0,0,0,0,0,0,0,0,0,0,2495,"202410011509"
"16","CRA",0,0,0,0,0,0,0,0,0,0,0,0,0,0,2495,"202410011509"
"17","STM",0,0,0,0,0,0,0,0,0,0,0,0,0,0,2495,"202410011509"
"18","ZAG",0,0,0,0,0,0,0,0,0,0,0,0,0,0,2495,"202410011509"
"SUMA","EMPTY",100,0,0,0,0,0,0,0,0,0,0,0,0,3,2495,"202410011509"
"8","MOT",0,0,0,0,0,0,0,0,0,0,0,0,0,0,2503,"202410011509"
"9","GKS",19,0,0,0,0,0,0,0,0,0,0,0,0,2,2503,"202410011509"
"10","LEG",25,0,0,0,0,0,0,0,0,0,0,0,0,1,2503,"202410011509"
"11","ZAG",0,0,0,0,0,0,0,0,0,0,0,0,0,0,2503,"202410011509"
"12","STM",0,0,0,0,0,0,0,0,0,0,0,0,0,0,2503,"202410011509"
"13","WID",0,0,0,0,0,0,0,0,0,0,0,0,0,0,2503,"202410011509"
"14","JAG",0,0,0,0,0,0,0,0,0,0,0,0,0,0,2503,"202410011509"
"15","ŚLA",0,0,0,0,0,0,0,0,0,0,0,0,0,0,2503,"202410011509"
"16","PIA",0,0,0,0,0,0,0,0,0,0,0,0,0,0,2503,"202410011509"
"17","KOR",0,0,0,0,0,0,0,0,0,0,0,0,0,0,2503,"202410011509"
"18","LPO",0,0,0,0,0,0,0,0,0,0,0,0,0,0,2503,"202410011509"
"SUMA","EMPTY",44,0,0,0,0,0,0,0,0,0,0,0,0,3,2503,"202410011509"
"9","JAG",30,0,0,0,0,0,0,0,0,0,0,0,0,1,2512,"202410011509"
"10","ŚLA",10,0,0,0,0,0,0,0,0,0,0,0,0,2,2512,"202410011509"
"11","LPO",0,0,0,0,0,0,0,0,0,0,0,0,0,0,2512,"202410011509"
"12","WID",0,0,0,0,0,0,0,0,0,0,0,0,0,0,2512,"202410011509"
"13","CRA",0,0,0,0,0,0,0,0,0,0,0,0,0,0,2512,"202410011509"
"14","POG",0,0,0,0,0,0,0,0,0,0,0,0,0,0,2512,"202410011509"
"15","PIA",0,0,0,0,0,0,0,0,0,0,0,0,0,0,2512,"202410011509"
"16","ZAG",0,0,0,0,0,0,0,0,0,0,0,0,0,0,2512,"202410011509"
"17","RAD",0,0,0,0,0,0,0,0,0,0,0,0,0,0,2512,"202410011509"
"18","RCZ",0,0,0,0,0,0,0,0,0,0,0,0,0,0,2512,"202410011509"
"SUMA","EMPTY",40,0,0,0,0,0,0,0,0,0,0,0,0,3,2512,"202410011509"
"1","GKS (RAD)",0,0,0,0,0,0,0,0,0,0,0,0,0,0,2012,"202410011509"
"2","JAG (RAD)",0,0,0,0,0,0,0,0,0,0,0,0,0,0,2012,"202410011509"
"4","GÓR (RAD)",0,0,0,0,0,0,0,0,0,0,0,0,0,0,2012,"202410011509"
"5","LEG (RAD)",12,0,0,0,0,0,0,0,0,0,0,0,0,1,2012,"202410011509"
"6","WID (RAD)",0,0,0,0,0,0,0,0,0,0,0,0,0,0,2012,"202410011509"
"7","KOR",0,0,0,0,0,0,0,0,0,0,0,0,0,0,2012,"202410011509"
"8","PIA",0,0,0,0,0,0,0,0,0,0,0,0,0,0,2012,"202410011509"
"9","CRA",18,0,0,0,0,0,0,0,0,0,0,0,0,1,2012,"202410011509"
"10","RCZ",23,0,0,0,0,0,0,0,0,0,0,0,0,1,2012,"202410011509"
"11","GKS",0,0,0,0,0,0,0,0,0,0,0,0,0,0,2012,"202410011509"
"12","RAD",0,0,0,0,0,0,0,0,0,0,0,0,0,0,2012,"202410011509"
"13","POG",0,0,0,0,0,0,0,0,0,0,0,0,0,0,2012,"202410011509"
"14","LPO",0,0,0,0,0,0,0,0,0,0,0,0,0,0,2012,"202410011509"
"15","STM",0,0,0,0,0,0,0,0,0,0,0,0,0,0,2012,"202410011509"
"16","WID",0,0,0,0,0,0,0,0,0,0,0,0,0,0,2012,"202410011509"
"17","ŚLA",0,0,0,0,0,0,0,0,0,0,0,0,0,0,2012,"202410011509"
"18","JAG",0,0,0,0,0,0,0,0,0,0,0,0,0,0,2012,"202410011509"
"SUMA","EMPTY",53,0,0,0,0,0,0,0,0,0,0,0,0,3,2012,"202410011509"
"2023/24 - wiosna","EMPTY",171,0,0,0,0,0,0,0,0,0,0,0,0,9,2012,"202410011509"
"2023/24 - jesień","EMPTY",18,0,0,0,0,0,0,0,0,0,0,0,0,4,2012,"202410011509"
"2022/23 - wiosna","EMPTY",60,0,0,0,0,0,0,0,0,0,0,0,0,9,2012,"202410011509"
"2022/23 - jesień","EMPTY",0,0,0,0,0,0,0,0,0,0,0,0,0,0,2012,"202410011509"
"1","PUN",0,0,0,0,0,0,0,0,0,0,0,0,0,0,2307,"202410011509"
"2","RAD",90,0,0,0,0,0,0,0,0,0,0,0,0,2,2307,"202410011509"
"3","STM",90,0,0,0,0,0,0,0,0,0,0,0,0,6,2307,"202410011509"
"5","CRA",90,0,0,0,0,0,0,0,0,0,0,0,0,-1,2307,"202410011509"
"6","GKS",90,0,0,0,0,0,0,0,0,0,0,0,0,0,2307,"202410011509"
"7","WID",0,0,0,0,0,0,0,0,0,0,0,0,0,0,2307,"202410011509"
"8","LPO",45,0,0,0,1,0,0,0,0,0,0,1,0,-5,2307,"202410011509"
"9","MOT",0,0,0,0,0,0,0,0,0,0,0,0,0,0,2307,"202410011509"
"9","LGD",0,0,0,0,0,0,0,0,0,0,0,0,0,0,2307,"202410011509"
"10","PIA",0,0,0,0,0,0,0,0,0,0,0,0,0,0,2307,"202410011509"
"11","LEG",0,0,0,0,0,0,0,0,0,0,0,0,0,0,2307,"202410011509"
"12","ZAG",0,0,0,0,0,0,0,0,0,0,0,0,0,0,2307,"202410011509"
"13","KOR",0,0,0,0,0,0,0,0,0,0,0,0,0,0,2307,"202410011509"
"14","GÓR",0,0,0,0,0,0,0,0,0,0,0,0,0,0,2307,"202410011509"
"15","RCZ",0,0,0,0,0,0,0,0,0,0,0,0,0,0,2307,"202410011509"
"16","ŚLA",0,0,0,0,0,0,0,0,0,0,0,0,0,0,2307,"202410011509"
"17","POG",0,0,0,0,0,0,0,0,0,0,0,0,0,0,2307,"202410011509"
"18","PUN",0,0,0,0,0,0,0,0,0,0,0,0,0,0,2307,"202410011509"
"SUMA","EMPTY",405,0,0,0,1,0,0,0,0,0,0,1,0,2,2307,"202410011509"
"2023/24 - wiosna","EMPTY",272,0,0,0,0,0,0,0,0,0,0,0,0,11,2307,"202410011509"
"2023/24 - jesień","EMPTY",0,0,0,0,0,0,0,0,0,0,0,0,0,0,2307,"202410011509"
"1","GKS",0,0,0,0,0,0,0,0,0,0,0,0,0,0,2076,"202410011509"
"2","JAG",1,0,0,0,0,0,0,0,0,0,0,0,0,1,2076,"202410011509"
"4","GÓR",0,0,0,0,0,0,0,0,0,0,0,0,0,0,2076,"202410011509"
"5","LEG",0,0,0,0,0,0,0,0,0,0,0,0,0,0,2076,"202410011509"
"6","WID",0,0,0,0,0,0,0,0,0,0,0,0,0,0,2076,"202410011509"
"7","CRA",0,0,0,0,0,0,0,0,0,0,0,0,0,0,2076,"202410011509"
"8","LGD",12,0,0,0,0,0,0,0,0,0,0,0,0,1,2076,"202410011509"
"9","KOR",0,0,0,0,0,0,0,0,0,0,0,0,0,0,2076,"202410011509"
"10","ZAG",0,0,0,0,0,0,0,0,0,0,0,0,0,0,2076,"202410011509"
"11","RCZ",0,0,0,0,0,0,0,0,0,0,0,0,0,0,2076,"202410011509"
"12","PUN",0,0,0,0,0,0,0,0,0,0,0,0,0,0,2076,"202410011509"
"13","LPO",0,0,0,0,0,0,0,0,0,0,0,0,0,0,2076,"202410011509"
"14","PIA",0,0,0,0,0,0,0,0,0,0,0,0,0,0,2076,"202410011509"
"15","POG",0,0,0,0,0,0,0,0,0,0,0,0,0,0,2076,"202410011509"
"16","STM",0,0,0,0,0,0,0,0,0,0,0,0,0,0,2076,"202410011509"
"17","MOT",0,0,0,0,0,0,0,0,0,0,0,0,0,0,2076,"202410011509"
"18","ŚLA",0,0,0,0,0,0,0,0,0,0,0,0,0,0,2076,"202410011509"
"18","GKS",0,0,0,0,0,0,0,0,0,0,0,0,0,0,2076,"202410011509"
"SUMA","EMPTY",13,0,0,0,0,0,0,0,0,0,0,0,0,2,2076,"202410011509"
"2023/24 - wiosna","EMPTY",0,0,0,0,0,0,0,0,0,0,0,0,0,0,2076,"202410011509"
"2023/24 - jesień","EMPTY",0,0,0,0,0,0,0,0,0,0,0,0,0,0,2076,"202410011509"
"2022/23 - wiosna","EMPTY",463,0,0,0,0,0,0,0,0,0,0,0,0,19,2076,"202410011509"
"1","GKS",0,0,0,0,0,0,0,0,0,0,0,0,0,0,2080,"202410011509"
"2","JAG",0,0,0,0,0,0,0,0,0,0,0,0,0,0,2080,"202410011509"
"4","GÓR",0,0,0,0,0,0,0,0,0,0,0,0,0,0,2080,"202410011509"
"5","LEG",0,0,0,0,0,0,0,0,0,0,0,0,0,0,2080,"202410011509"
"6","WID",0,0,0,0,0,0,0,0,0,0,0,0,0,0,2080,"202410011509"
"7","CRA",0,0,0,0,0,0,0,0,0,0,0,0,0,0,2080,"202410011509"
"8","LGD",0,0,0,0,0,0,0,0,0,0,0,0,0,0,2080,"202410011509"
"9","KOR",6,0,0,0,0,0,0,0,0,0,0,0,0,2,2080,"202410011509"
"10","ZAG",0,0,0,0,0,0,0,0,0,0,0,0,0,0,2080,"202410011509"
"11","RCZ",0,0,0,0,0,0,0,0,0,0,0,0,0,0,2080,"202410011509"
"12","PUN",0,0,0,0,0,0,0,0,0,0,0,0,0,0,2080,"202410011509"
"13","LPO",0,0,0,0,0,0,0,0,0,0,0,0,0,0,2080,"202410011509"
"14","PIA",0,0,0,0,0,0,0,0,0,0,0,0,0,0,2080,"202410011509"
"15","POG",0,0,0,0,0,0,0,0,0,0,0,0,0,0,2080,"202410011509"
"16","STM",0,0,0,0,0,0,0,0,0,0,0,0,0,0,2080,"202410011509"
"17","MOT",0,0,0,0,0,0,0,0,0,0,0,0,0,0,2080,"202410011509"
"18","ŚLA",0,0,0,0,0,0,0,0,0,0,0,0,0,0,2080,"202410011509"
"18","GKS",0,0,0,0,0,0,0,0,0,0,0,0,0,0,2080,"202410011509"
"SUMA","EMPTY",6,0,0,0,0,0,0,0,0,0,0,0,0,2,2080,"202410011509"
"2023/24 - wiosna","EMPTY",0,0,0,0,0,0,0,0,0,0,0,0,0,0,2080,"202410011509"
"2023/24 - jesień","EMPTY",0,0,0,0,0,0,0,0,0,0,0,0,0,0,2080,"202410011509"
"2022/23 - wiosna","EMPTY",787,0,0,0,0,0,0,0,0,0,0,2,0,22,2080,"202410011509"
"1","GÓR",0,0,0,0,0,0,0,0,0,0,0,0,0,0,2343,"202410011509"
"2","WID",0,0,0,0,0,0,0,0,0,0,0,0,0,0,2343,"202410011509"
"3","LGD",0,0,0,0,0,0,0,0,0,0,0,0,0,0,2343,"202410011509"
"4","RCZ",0,0,0,0,0,0,0,0,0,0,0,0,0,0,2343,"202410011509"
"5","ZAG",0,0,0,0,0,0,0,0,0,0,0,0,0,0,2343,"202410011509"
"6","POG",0,0,0,0,0,0,0,0,0,0,0,0,0,0,2343,"202410011509"
"7","STM",0,0,0,0,0,0,0,0,0,0,0,0,0,0,2343,"202410011509"
"8","JAG",0,0,0,0,0,0,0,0,0,0,0,0,0,0,2343,"202410011509"
"9","ŚLA",13,0,0,0,0,0,0,0,0,0,0,0,0,2,2343,"202410011509"
"10","KOR",0,0,0,0,0,0,0,0,0,0,0,0,0,0,2343,"202410011509"
"11","MOT",0,0,0,0,0,0,0,0,0,0,0,0,0,0,2343,"202410011509"
"12","CRA",0,0,0,0,0,0,0,0,0,0,0,0,0,0,2343,"202410011509"
"13","RAD",0,0,0,0,0,0,0,0,0,0,0,0,0,0,2343,"202410011509"
"14","PUN",0,0,0,0,0,0,0,0,0,0,0,0,0,0,2343,"202410011509"
"15","LEG",0,0,0,0,0,0,0,0,0,0,0,0,0,0,2343,"202410011509"
"16","GKS",0,0,0,0,0,0,0,0,0,0,0,0,0,0,2343,"202410011509"
"17","PIA",0,0,0,0,0,0,0,0,0,0,0,0,0,0,2343,"202410011509"
"18","GÓR",0,0,0,0,0,0,0,0,0,0,0,0,0,0,2343,"202410011509"
"SUMA","EMPTY",13,0,0,0,0,0,0,0,0,0,0,0,0,2,2343,"202410011509"
"2023/24 - wiosna","EMPTY",0,0,0,0,0,0,0,0,0,0,0,0,0,0,2343,"202410011509"
"1","LGD",76,0,0,0,0,0,0,0,0,0,0,1,0,1,830,"202410011509"
"2","PIA",0,0,0,0,0,0,0,0,0,0,0,0,0,0,830,"202410011509"
"4","WID",0,0,0,0,0,0,0,0,0,0,0,0,0,0,830,"202410011509"
"5","KOR",0,0,0,0,0,0,0,0,0,0,0,0,0,0,830,"202410011509"
"6","LEG",0,0,0,0,0,0,0,0,0,0,0,0,0,0,830,"202410011509"
"7","POG",0,0,0,0,0,0,0,0,0,0,0,0,0,0,830,"202410011509"
"8","STM",0,0,0,0,0,0,0,0,0,0,0,0,0,0,830,"202410011509"
"9","LPO",0,0,0,0,0,0,0,0,0,0,0,0,0,0,830,"202410011509"
"10","MOT",90,0,0,0,0,0,0,0,0,0,0,0,0,1,830,"202410011509"
"11","CRA",0,0,0,0,0,0,0,0,0,0,0,0,0,0,830,"202410011509"
"12","GKS",0,0,0,0,0,0,0,0,0,0,0,0,0,0,830,"202410011509"
"13","RCZ",0,0,0,0,0,0,0,0,0,0,0,0,0,0,830,"202410011509"
"14","ZAG",0,0,0,0,0,0,0,0,0,0,0,0,0,0,830,"202410011509"
"15","GÓR",0,0,0,0,0,0,0,0,0,0,0,0,0,0,830,"202410011509"
"16","JAG",0,0,0,0,0,0,0,0,0,0,0,0,0,0,830,"202410011509"
"17","PUN",0,0,0,0,0,0,0,0,0,0,0,0,0,0,830,"202410011509"
"18","RAD",0,0,0,0,0,0,0,0,0,0,0,0,0,0,830,"202410011509"
"18","LGD",0,0,0,0,0,0,0,0,0,0,0,0,0,0,830,"202410011509"
"SUMA","EMPTY",166,0,0,0,0,0,0,0,0,0,0,1,0,2,830,"202410011509"
"2023/24 - wiosna","EMPTY",764,0,0,0,0,0,0,0,0,0,0,1,0,26,830,"202410011509"
"2023/24 - jesień","EMPTY",630,0,0,0,0,0,0,0,0,0,0,2,0,11,830,"202410011509"
"2022/23 - wiosna","EMPTY",1404,0,0,0,0,0,0,0,0,0,0,2,0,28,830,"202410011509"
"2022/23 - jesień","EMPTY",786,0,1,0,0,0,0,0,0,0,0,2,0,44,830,"202410011509"
"2021/22 - wiosna","EMPTY",0,0,0,0,0,0,0,0,0,0,0,0,0,0,830,"202410011509"
"2021/22 - jesień","EMPTY",1241,1,0,0,0,0,0,1,0,0,0,3,1,29,830,"202410011509"
"2020/21 - wiosna","EMPTY",347,0,0,0,1,0,0,0,0,0,0,2,0,6,830,"202410011509"
"2020/21 - jesień","EMPTY",0,0,0,0,0,0,0,0,0,0,0,0,0,0,830,"202410011509"
"2019/20 - wiosna","EMPTY",0,0,0,0,0,0,0,0,0,0,0,0,0,0,830,"202410011509"
"2019/20 - jesień","EMPTY",0,0,0,0,0,0,0,0,0,0,0,0,0,0,830,"202410011509"
"2018/19 - wiosna","EMPTY",0,0,0,0,0,0,0,0,0,0,0,0,0,0,830,"202410011509"
"2017/18 - wiosna","EMPTY",0,0,0,0,0,0,0,0,0,0,0,0,0,0,830,"202410011509"
"2017/18 - jesień","EMPTY",0,0,0,0,0,0,0,0,0,0,0,0,0,0,830,"202410011509"
"1","LPO",45,0,0,0,0,0,0,0,0,0,0,0,0,1,1854,"202410011509"
"2","PUN",62,0,0,0,0,0,0,0,0,0,0,1,0,1,1854,"202410011509"
"3","POG",0,0,0,0,0,0,0,0,0,0,0,0,0,0,1854,"202410011509"
"4","RAD",0,0,0,0,0,0,0,0,0,0,0,0,0,0,1854,"202410011509"
"5","RCZ",0,0,0,0,0,0,0,0,0,0,0,0,0,0,1854,"202410011509"
"6","CRA",0,0,0,0,0,0,0,0,0,0,0,0,0,0,1854,"202410011509"
"7","LGD",0,0,0,0,0,0,0,0,0,0,0,0,0,0,1854,"202410011509"
"8","MOT",0,0,0,0,0,0,0,0,0,0,0,0,0,0,1854,"202410011509"
"9","GKS",0,0,0,0,0,0,0,0,0,0,0,0,0,0,1854,"202410011509"
"10","LEG",0,0,0,0,0,0,0,0,0,0,0,0,0,0,1854,"202410011509"
"11","ZAG",0,0,0,0,0,0,0,0,0,0,0,0,0,0,1854,"202410011509"
"12","STM",0,0,0,0,0,0,0,0,0,0,0,0,0,0,1854,"202410011509"
"13","WID",0,0,0,0,0,0,0,0,0,0,0,0,0,0,1854,"202410011509"
"14","JAG",0,0,0,0,0,0,0,0,0,0,0,0,0,0,1854,"202410011509"
"15","ŚLA",0,0,0,0,0,0,0,0,0,0,0,0,0,0,1854,"202410011509"
"16","PIA",0,0,0,0,0,0,0,0,0,0,0,0,0,0,1854,"202410011509"
"17","KOR",0,0,0,0,0,0,0,0,0,0,0,0,0,0,1854,"202410011509"
"18","LPO",0,0,0,0,0,0,0,0,0,0,0,0,0,0,1854,"202410011509"
"SUMA","EMPTY",107,0,0,0,0,0,0,0,0,0,0,1,0,2,1854,"202410011509"
"2023/24 - wiosna","EMPTY",0,0,0,0,0,0,0,0,0,0,0,0,0,0,1854,"202410011509"
"2023/24 - jesień","EMPTY",0,0,0,0,0,0,0,0,0,0,0,0,0,0,1854,"202410011509"
"2022/23 - wiosna","EMPTY",12,0,0,0,0,0,0,0,0,0,0,0,0,1,1854,"202410011509"
"2022/23 - jesień","EMPTY",0,0,0,0,0,0,0,0,0,0,0,0,0,0,1854,"202410011509"
"2021/22 - wiosna","EMPTY",0,0,0,0,0,0,0,0,0,0,0,0,0,0,1854,"202410011509"
"1","GÓR",0,0,0,0,0,0,0,0,0,0,0,0,0,0,2367,"202410011509"
"2","WID",0,0,0,0,0,0,0,0,0,0,0,0,0,0,2367,"202410011509"
"3","LGD",1,0,0,0,0,0,0,0,0,0,0,0,0,2,2367,"202410011509"
"4","RCZ",0,0,0,0,0,0,0,0,0,0,0,0,0,0,2367,"202410011509"
"5","ZAG",0,0,0,0,0,0,0,0,0,0,0,0,0,0,2367,"202410011509"
"6","POG",0,0,0,0,0,0,0,0,0,0,0,0,0,0,2367,"202410011509"
"7","STM",0,0,0,0,0,0,0,0,0,0,0,0,0,0,2367,"202410011509"
"8","JAG",0,0,0,0,0,0,0,0,0,0,0,0,0,0,2367,"202410011509"
"9","ŚLA",0,0,0,0,0,0,0,0,0,0,0,0,0,0,2367,"202410011509"
"10","KOR",0,0,0,0,0,0,0,0,0,0,0,0,0,0,2367,"202410011509"
"11","MOT",0,0,0,0,0,0,0,0,0,0,0,0,0,0,2367,"202410011509"
"12","CRA",0,0,0,0,0,0,0,0,0,0,0,0,0,0,2367,"202410011509"
"13","RAD",0,0,0,0,0,0,0,0,0,0,0,0,0,0,2367,"202410011509"
"14","PUN",0,0,0,0,0,0,0,0,0,0,0,0,0,0,2367,"202410011509"
"15","LEG",0,0,0,0,0,0,0,0,0,0,0,0,0,0,2367,"202410011509"
"16","GKS",0,0,0,0,0,0,0,0,0,0,0,0,0,0,2367,"202410011509"
"17","PIA",0,0,0,0,0,0,0,0,0,0,0,0,0,0,2367,"202410011509"
"18","GÓR",0,0,0,0,0,0,0,0,0,0,0,0,0,0,2367,"202410011509"
"SUMA","EMPTY",1,0,0,0,0,0,0,0,0,0,0,0,0,2,2367,"202410011509"
"2023/24 - wiosna","EMPTY",0,0,0,0,0,0,0,0,0,0,0,0,0,0,2367,"202410011509"
"1","RAD",0,0,0,0,0,0,0,0,0,0,0,0,0,0,1858,"202410011509"
"2","STM",0,0,0,0,0,0,0,0,0,0,0,0,0,0,1858,"202410011509"
"3","RCZ",0,0,0,0,0,0,0,0,0,0,0,0,0,0,1858,"202410011509"
"4","PIA",23,0,0,0,0,0,0,0,0,0,0,0,0,1,1858,"202410011509"
"5","MOT",15,0,0,0,0,0,0,0,0,0,0,0,0,1,1858,"202410011509"
"6","JAG",0,0,0,0,0,0,0,0,0,0,0,0,0,0,1858,"202410011509"
"7","ZAG",0,0,0,0,0,0,0,0,0,0,0,0,0,0,1858,"202410011509"
"8","WID",0,0,0,0,0,0,0,0,0,0,0,0,0,0,1858,"202410011509"
"9","GÓR",0,0,0,0,0,0,0,0,0,0,0,0,0,0,1858,"202410011509"
"10","POG",0,0,0,0,0,0,0,0,0,0,0,0,0,0,1858,"202410011509"
"11","PUN",0,0,0,0,0,0,0,0,0,0,0,0,0,0,1858,"202410011509"
"12","ŚLA",0,0,0,0,0,0,0,0,0,0,0,0,0,0,1858,"202410011509"
"13","LEG",0,0,0,0,0,0,0,0,0,0,0,0,0,0,1858,"202410011509"
"14","KOR",0,0,0,0,0,0,0,0,0,0,0,0,0,0,1858,"202410011509"
"15","CRA",0,0,0,0,0,0,0,0,0,0,0,0,0,0,1858,"202410011509"
"16","LPO",0,0,0,0,0,0,0,0,0,0,0,0,0,0,1858,"202410011509"
"17","LGD",0,0,0,0,0,0,0,0,0,0,0,0,0,0,1858,"202410011509"
"18","RAD",0,0,0,0,0,0,0,0,0,0,0,0,0,0,1858,"202410011509"
"SUMA","EMPTY",38,0,0,0,0,0,0,0,0,0,0,0,0,2,1858,"202410011509"
"2023/24 - wiosna","EMPTY",0,0,0,0,0,0,0,0,0,0,0,0,0,0,1858,"202410011509"
"2023/24 - jesień","EMPTY",0,0,0,0,0,0,0,0,0,0,0,0,0,0,1858,"202410011509"
"2022/23 - wiosna","EMPTY",18,0,0,0,0,0,0,0,0,0,0,0,0,2,1858,"202410011509"
"2022/23 - jesień","EMPTY",0,0,0,0,0,0,0,0,0,0,0,0,0,0,1858,"202410011509"
"2021/22 - wiosna","EMPTY",19,0,0,0,0,0,0,0,0,0,0,0,0,2,1858,"202410011509"
"1","GÓR",0,0,0,0,0,0,0,0,0,0,0,0,0,0,1859,"202410011509"
"2","WID",0,0,0,0,0,0,0,0,0,0,0,0,0,0,1859,"202410011509"
"3","LGD",0,0,0,0,0,0,0,0,0,0,0,0,0,0,1859,"202410011509"
"4","RCZ",0,0,0,0,0,0,0,0,0,0,0,0,0,0,1859,"202410011509"
"5","ZAG",45,0,0,0,0,0,0,0,0,0,0,0,0,2,1859,"202410011509"
"6","POG",0,0,0,0,0,0,0,0,0,0,0,0,0,0,1859,"202410011509"
"7","STM",0,0,0,0,0,0,0,0,0,0,0,0,0,0,1859,"202410011509"
"8","JAG",0,0,0,0,0,0,0,0,0,0,0,0,0,0,1859,"202410011509"
"9","ŚLA",0,0,0,0,0,0,0,0,0,0,0,0,0,0,1859,"202410011509"
"10","KOR",0,0,0,0,0,0,0,0,0,0,0,0,0,0,1859,"202410011509"
"11","MOT",0,0,0,0,0,0,0,0,0,0,0,0,0,0,1859,"202410011509"
"12","CRA",0,0,0,0,0,0,0,0,0,0,0,0,0,0,1859,"202410011509"
"13","RAD",0,0,0,0,0,0,0,0,0,0,0,0,0,0,1859,"202410011509"
"14","PUN",0,0,0,0,0,0,0,0,0,0,0,0,0,0,1859,"202410011509"
"15","LEG",0,0,0,0,0,0,0,0,0,0,0,0,0,0,1859,"202410011509"
"16","GKS",0,0,0,0,0,0,0,0,0,0,0,0,0,0,1859,"202410011509"
"17","PIA",0,0,0,0,0,0,0,0,0,0,0,0,0,0,1859,"202410011509"
"18","GÓR",0,0,0,0,0,0,0,0,0,0,0,0,0,0,1859,"202410011509"
"SUMA","EMPTY",45,0,0,0,0,0,0,0,0,0,0,0,0,2,1859,"202410011509"
"2023/24 - wiosna","EMPTY",1168,0,0,0,0,0,0,0,0,0,0,6,1,34,1859,"202410011509"
"2023/24 - jesień","EMPTY",44,0,0,0,0,0,0,0,0,0,0,0,0,3,1859,"202410011509"
"2022/23 - wiosna","EMPTY",0,0,0,0,0,0,0,0,0,0,0,0,0,0,1859,"202410011509"
"2022/23 - jesień","EMPTY",388,0,0,0,0,0,0,0,0,0,0,1,0,7,1859,"202410011509"
"2021/22 - wiosna","EMPTY",0,0,0,0,0,0,0,0,0,0,0,0,0,0,1859,"202410011509"
"1","RAD",0,0,0,0,0,0,0,0,0,0,0,0,0,0,2375,"202410011509"
"2","STM",0,0,0,0,0,0,0,0,0,0,0,0,0,0,2375,"202410011509"
"3","RCZ",0,0,0,0,0,0,0,0,0,0,0,0,0,0,2375,"202410011509"
"4","PIA",0,0,0,0,0,0,0,0,0,0,0,0,0,0,2375,"202410011509"
"5","MOT",0,0,0,0,0,0,0,0,0,0,0,0,0,0,2375,"202410011509"
"6","JAG",0,0,0,0,0,0,0,0,0,0,0,0,0,0,2375,"202410011509"
"7","ZAG",0,0,0,0,0,0,0,0,0,0,0,0,0,0,2375,"202410011509"
"8","WID",0,0,0,0,0,0,0,0,0,0,0,0,0,0,2375,"202410011509"
"9","GÓR",0,0,0,0,0,0,0,0,0,0,0,0,0,0,2375,"202410011509"
"10","POG",1,0,0,0,0,0,0,0,0,0,0,0,0,2,2375,"202410011509"
"11","PUN",0,0,0,0,0,0,0,0,0,0,0,0,0,0,2375,"202410011509"
"12","ŚLA",0,0,0,0,0,0,0,0,0,0,0,0,0,0,2375,"202410011509"
"13","LEG",0,0,0,0,0,0,0,0,0,0,0,0,0,0,2375,"202410011509"
"14","KOR",0,0,0,0,0,0,0,0,0,0,0,0,0,0,2375,"202410011509"
"15","CRA",0,0,0,0,0,0,0,0,0,0,0,0,0,0,2375,"202410011509"
"16","LPO",0,0,0,0,0,0,0,0,0,0,0,0,0,0,2375,"202410011509"
"17","LGD",0,0,0,0,0,0,0,0,0,0,0,0,0,0,2375,"202410011509"
"18","RAD",0,0,0,0,0,0,0,0,0,0,0,0,0,0,2375,"202410011509"
"SUMA","EMPTY",1,0,0,0,0,0,0,0,0,0,0,0,0,2,2375,"202410011509"
"1","RAD",45,0,0,0,0,0,0,0,0,0,0,0,0,2,2378,"202410011509"
"2","STM",0,0,0,0,0,0,0,0,0,0,0,0,0,0,2378,"202410011509"
"3","RCZ",0,0,0,0,0,0,0,0,0,0,0,0,0,0,2378,"202410011509"
"4","PIA",0,0,0,0,0,0,0,0,0,0,0,0,0,0,2378,"202410011509"
"5","MOT",0,0,0,0,0,0,0,0,0,0,0,0,0,0,2378,"202410011509"
"6","JAG",0,0,0,0,0,0,0,0,0,0,0,0,0,0,2378,"202410011509"
"7","ZAG",0,0,0,0,0,0,0,0,0,0,0,0,0,0,2378,"202410011509"
"8","WID",0,0,0,0,0,0,0,0,0,0,0,0,0,0,2378,"202410011509"
"9","GÓR",0,0,0,0,0,0,0,0,0,0,0,0,0,0,2378,"202410011509"
"10","POG",0,0,0,0,0,0,0,0,0,0,0,0,0,0,2378,"202410011509"
"11","PUN",0,0,0,0,0,0,0,0,0,0,0,0,0,0,2378,"202410011509"
"12","ŚLA",0,0,0,0,0,0,0,0,0,0,0,0,0,0,2378,"202410011509"
"13","LEG",0,0,0,0,0,0,0,0,0,0,0,0,0,0,2378,"202410011509"
"14","KOR",0,0,0,0,0,0,0,0,0,0,0,0,0,0,2378,"202410011509"
"15","CRA",0,0,0,0,0,0,0,0,0,0,0,0,0,0,2378,"202410011509"
"16","LPO",0,0,0,0,0,0,0,0,0,0,0,0,0,0,2378,"202410011509"
"17","LGD",0,0,0,0,0,0,0,0,0,0,0,0,0,0,2378,"202410011509"
"18","RAD",0,0,0,0,0,0,0,0,0,0,0,0,0,0,2378,"202410011509"
"SUMA","EMPTY",45,0,0,0,0,0,0,0,0,0,0,0,0,2,2378,"202410011509"
"1","RCZ",43,0,0,0,0,0,0,0,0,0,0,0,0,2,1393,"202410011509"
"2","LGD",0,0,0,0,0,0,0,0,0,0,0,0,0,0,1393,"202410011509"
"3","KOR",0,0,0,0,0,0,0,0,0,0,0,0,0,0,1393,"202410011509"
"5","GKS",0,0,0,0,0,0,0,0,0,0,0,0,0,0,1393,"202410011509"
"6","PUN",0,0,0,0,0,0,0,0,0,0,0,0,0,0,1393,"202410011509"
"7","LEG",0,0,0,0,0,0,0,0,0,0,0,0,0,0,1393,"202410011509"
"8","GÓR",0,0,0,0,0,0,0,0,0,0,0,0,0,0,1393,"202410011509"
"9","JAG",0,0,0,0,0,0,0,0,0,0,0,0,0,0,1393,"202410011509"
"9","STM",0,0,0,0,0,0,0,0,0,0,0,0,0,0,1393,"202410011509"
"10","ŚLA",0,0,0,0,0,0,0,0,0,0,0,0,0,0,1393,"202410011509"
"11","LPO",0,0,0,0,0,0,0,0,0,0,0,0,0,0,1393,"202410011509"
"12","WID",0,0,0,0,0,0,0,0,0,0,0,0,0,0,1393,"202410011509"
"13","CRA",0,0,0,0,0,0,0,0,0,0,0,0,0,0,1393,"202410011509"
"14","POG",0,0,0,0,0,0,0,0,0,0,0,0,0,0,1393,"202410011509"
"15","PIA",0,0,0,0,0,0,0,0,0,0,0,0,0,0,1393,"202410011509"
"16","ZAG",0,0,0,0,0,0,0,0,0,0,0,0,0,0,1393,"202410011509"
"17","RAD",0,0,0,0,0,0,0,0,0,0,0,0,0,0,1393,"202410011509"
"18","RCZ",0,0,0,0,0,0,0,0,0,0,0,0,0,0,1393,"202410011509"
"SUMA","EMPTY",43,0,0,0,0,0,0,0,0,0,0,0,0,2,1393,"202410011509"
"2023/24 - wiosna","EMPTY",0,0,0,0,0,0,0,0,0,0,0,0,0,0,1393,"202410011509"
"2023/24 - jesień","EMPTY",238,0,0,0,0,0,0,0,0,0,0,1,0,6,1393,"202410011509"
"2022/23 - wiosna","EMPTY",900,2,0,0,0,0,0,0,0,0,0,4,0,39,1393,"202410011509"
"2022/23 - jesień","EMPTY",668,0,1,0,0,0,0,0,0,0,0,3,0,32,1393,"202410011509"
"2021/22 - wiosna","EMPTY",0,0,0,0,0,0,0,0,0,0,0,0,0,0,1393,"202410011509"
"2021/22 - jesień","EMPTY",1252,1,0,0,0,0,0,0,0,0,0,4,0,27,1393,"202410011509"
"2020/21 - wiosna","EMPTY",745,1,0,0,0,0,0,0,0,0,0,4,0,33,1393,"202410011509"
"2020/21 - jesień","EMPTY",3,1,0,0,0,0,0,0,0,0,0,0,0,8,1393,"202410011509"
"2019/20 - wiosna","EMPTY",5,0,0,0,0,0,0,0,0,0,0,0,0,4,1393,"202410011509"
"1","JAG",0,0,0,0,0,0,0,0,0,0,0,0,0,0,2434,"202410011509"
"2","GÓR",0,0,0,0,0,0,0,0,0,0,0,0,0,0,2434,"202410011509"
"3","ZAG",0,0,0,0,0,0,0,0,0,0,0,0,0,0,2434,"202410011509"
"4","LEG",0,0,0,0,0,0,0,0,0,0,0,0,0,0,2434,"202410011509"
"5","LGD",0,0,0,0,0,0,0,0,0,0,0,0,0,0,2434,"202410011509"
"6","MOT",0,0,0,0,0,0,0,0,0,0,0,0,0,0,2434,"202410011509"
"7","KOR",0,0,0,0,0,0,0,0,0,0,0,0,0,0,2434,"202410011509"
"8","PIA",0,0,0,0,0,0,0,0,0,0,0,0,0,0,2434,"202410011509"
"9","CRA",0,0,0,0,0,0,0,0,0,0,0,0,0,0,2434,"202410011509"
"10","RCZ",90,0,0,0,0,0,0,0,0,0,0,0,0,2,2434,"202410011509"
"11","GKS",0,0,0,0,0,0,0,0,0,0,0,0,0,0,2434,"202410011509"
"12","RAD",0,0,0,0,0,0,0,0,0,0,0,0,0,0,2434,"202410011509"
"13","POG",0,0,0,0,0,0,0,0,0,0,0,0,0,0,2434,"202410011509"
"14","LPO",0,0,0,0,0,0,0,0,0,0,0,0,0,0,2434,"202410011509"
"15","STM",0,0,0,0,0,0,0,0,0,0,0,0,0,0,2434,"202410011509"
"16","WID",0,0,0,0,0,0,0,0,0,0,0,0,0,0,2434,"202410011509"
"17","ŚLA",0,0,0,0,0,0,0,0,0,0,0,0,0,0,2434,"202410011509"
"18","JAG",0,0,0,0,0,0,0,0,0,0,0,0,0,0,2434,"202410011509"
"SUMA","EMPTY",90,0,0,0,0,0,0,0,0,0,0,0,0,2,2434,"202410011509"
"1","LEG",0,0,0,0,0,0,0,0,0,0,0,0,0,0,402,"202410011509"
"2","POG",0,0,0,0,0,0,0,0,0,0,0,0,0,0,402,"202410011509"
"3","PUN",0,0,0,0,0,0,0,0,0,0,0,0,0,0,402,"202410011509"
"4","LGD",0,0,0,0,0,0,0,0,0,0,0,0,0,0,402,"202410011509"
"5","LPO",9,0,0,0,0,0,0,0,0,0,0,0,0,1,402,"202410011509"
"6","PIA",0,0,0,0,0,0,0,0,0,0,0,0,0,0,402,"202410011509"
"7","GKS",0,0,0,0,0,0,0,0,0,0,0,0,0,0,402,"202410011509"
"8","KOR",0,0,0,0,0,0,0,0,0,0,0,0,0,0,402,"202410011509"
"9","RCZ",8,0,0,0,0,0,0,0,0,0,0,0,0,1,402,"202410011509"
"10","RAD",0,0,0,0,0,0,0,0,0,0,0,0,0,0,402,"202410011509"
"11","GÓR",0,0,0,0,0,0,0,0,0,0,0,0,0,0,402,"202410011509"
"12","JAG",0,0,0,0,0,0,0,0,0,0,0,0,0,0,402,"202410011509"
"13","STM",0,0,0,0,0,0,0,0,0,0,0,0,0,0,402,"202410011509"
"14","ŚLA",0,0,0,0,0,0,0,0,0,0,0,0,0,0,402,"202410011509"
"15","WID",0,0,0,0,0,0,0,0,0,0,0,0,0,0,402,"202410011509"
"16","MOT",0,0,0,0,0,0,0,0,0,0,0,0,0,0,402,"202410011509"
"17","CRA",0,0,0,0,0,0,0,0,0,0,0,0,0,0,402,"202410011509"
"18","LEG",0,0,0,0,0,0,0,0,0,0,0,0,0,0,402,"202410011509"
"SUMA","EMPTY",17,0,0,0,0,0,0,0,0,0,0,0,0,2,402,"202410011509"
"2023/24 - wiosna","EMPTY",0,0,0,0,0,0,0,0,0,0,0,0,0,0,402,"202410011509"
"2023/24 - jesień","EMPTY",188,0,0,0,0,0,0,0,0,0,0,2,0,20,402,"202410011509"
"2022/23 - wiosna","EMPTY",102,0,0,0,0,0,1,0,0,0,0,0,0,7,402,"202410011509"
"2022/23 - jesień","EMPTY",176,0,0,0,0,0,0,0,0,0,0,0,0,13,402,"202410011509"
"2021/22 - wiosna","EMPTY",0,0,0,0,0,0,0,0,0,0,0,0,0,0,402,"202410011509"
"2021/22 - jesień","EMPTY",0,0,0,0,0,0,0,0,0,0,0,0,0,0,402,"202410011509"
"2020/21 - wiosna","EMPTY",0,0,0,0,0,0,0,0,0,0,0,0,0,0,402,"202410011509"
"2020/21 - jesień","EMPTY",0,0,0,0,0,0,0,0,0,0,0,0,0,0,402,"202410011509"
"2019/20 - jesień","EMPTY",0,0,0,0,0,0,0,0,0,0,0,0,0,0,402,"202410011509"
"2018/19 - wiosna","EMPTY",0,0,0,0,0,0,0,0,0,0,0,0,0,0,402,"202410011509"
"2018/19 - jesień","EMPTY",0,0,0,0,0,0,0,0,0,0,0,0,0,0,402,"202410011509"
"2017/18 - wiosna","EMPTY",213,0,0,0,0,0,0,0,0,0,0,1,0,17,402,"202410011509"
"2017/18 - jesień","EMPTY",1068,0,3,0,0,0,0,1,0,0,0,2,0,62,402,"202410011509"
"2016/17 - wiosna","EMPTY",1119,4,2,0,0,0,0,0,1,0,0,3,0,63,402,"202410011509"
"2016/17 - jesień","EMPTY",975,5,1,0,0,0,0,0,0,0,0,2,0,77,402,"202410011509"
"3","MOT",90,0,0,0,0,0,0,0,0,0,0,0,0,2,2487,"202410011509"
"4","CRA",90,0,0,0,0,0,0,0,0,0,0,1,0,0,2487,"202410011509"
"5","ŚLA",0,0,0,0,0,0,0,0,0,0,0,0,0,0,2487,"202410011509"
"6","STM",0,0,0,0,0,0,0,0,0,0,0,0,0,0,2487,"202410011509"
"7","PUN",0,0,0,0,0,0,0,0,0,0,0,0,0,0,2487,"202410011509"
"8","ZAG",0,0,0,0,0,0,0,0,0,0,0,0,0,0,2487,"202410011509"
"9","RAD",0,0,0,0,0,0,0,0,0,0,0,0,0,0,2487,"202410011509"
"10","LPO",0,0,0,0,0,0,0,0,0,0,0,0,0,0,2487,"202410011509"
"11","WID",0,0,0,0,0,0,0,0,0,0,0,0,0,0,2487,"202410011509"
"12","PIA",0,0,0,0,0,0,0,0,0,0,0,0,0,0,2487,"202410011509"
"13","JAG",0,0,0,0,0,0,0,0,0,0,0,0,0,0,2487,"202410011509"
"14","GKS",0,0,0,0,0,0,0,0,0,0,0,0,0,0,2487,"202410011509"
"15","LGD",0,0,0,0,0,0,0,0,0,0,0,0,0,0,2487,"202410011509"
"16","RCZ",0,0,0,0,0,0,0,0,0,0,0,0,0,0,2487,"202410011509"
"17","GÓR",0,0,0,0,0,0,0,0,0,0,0,0,0,0,2487,"202410011509"
"18","POG",0,0,0,0,0,0,0,0,0,0,0,0,0,0,2487,"202410011509"
"SUMA","EMPTY",180,0,0,0,0,0,0,0,0,0,0,1,0,2,2487,"202410011509"
"1","ZAG",0,0,0,0,0,0,0,0,0,0,0,0,0,0,701,"202410011509"
"2","KOR",14,0,0,0,0,0,0,0,0,0,0,0,0,2,701,"202410011509"
"3","PIA",0,0,0,0,0,0,0,0,0,0,0,0,0,0,701,"202410011509"
"4","PUN",0,0,0,0,0,0,0,0,0,0,0,0,0,0,701,"202410011509"
"5","RAD",0,0,0,0,0,0,0,0,0,0,0,0,0,0,701,"202410011509"
"6","ŚLA",28,0,0,0,0,0,0,0,0,0,0,1,0,0,701,"202410011509"
"7","MOT",0,0,0,0,0,0,0,0,0,0,0,0,0,0,701,"202410011509"
"8","RCZ",0,0,0,0,0,0,0,0,0,0,0,0,0,0,701,"202410011509"
"9","POG",0,0,0,0,0,0,0,0,0,0,0,0,0,0,701,"202410011509"
"10","GÓR",0,0,0,0,0,0,0,0,0,0,0,0,0,0,701,"202410011509"
"11","JAG",0,0,0,0,0,0,0,0,0,0,0,0,0,0,701,"202410011509"
"12","LGD",0,0,0,0,0,0,0,0,0,0,0,0,0,0,701,"202410011509"
"13","GKS",0,0,0,0,0,0,0,0,0,0,0,0,0,0,701,"202410011509"
"14","WID",0,0,0,0,0,0,0,0,0,0,0,0,0,0,701,"202410011509"
"15","LPO",0,0,0,0,0,0,0,0,0,0,0,0,0,0,701,"202410011509"
"16","CRA",0,0,0,0,0,0,0,0,0,0,0,0,0,0,701,"202410011509"
"17","STM",0,0,0,0,0,0,0,0,0,0,0,0,0,0,701,"202410011509"
"18","ZAG",0,0,0,0,0,0,0,0,0,0,0,0,0,0,701,"202410011509"
"SUMA","EMPTY",42,0,0,0,0,0,0,0,0,0,0,1,0,2,701,"202410011509"
"2023/24 - wiosna","EMPTY",496,0,0,0,0,0,0,0,0,0,0,1,0,24,701,"202410011509"
"2023/24 - jesień","EMPTY",1236,1,2,0,0,0,0,0,0,0,0,0,0,65,701,"202410011509"
"2022/23 - wiosna","EMPTY",643,0,1,0,0,0,0,0,0,0,0,1,0,31,701,"202410011509"
"2022/23 - jesień","EMPTY",1247,2,1,0,0,0,0,0,0,0,0,2,0,78,701,"202410011509"
"2021/22 - wiosna","EMPTY",1294,1,0,0,0,0,1,0,0,0,0,4,0,48,701,"202410011509"
"2021/22 - jesień","EMPTY",1385,0,3,0,0,0,0,0,0,0,0,1,0,52,701,"202410011509"
"2020/21 - wiosna","EMPTY",1336,0,1,0,0,0,0,0,0,0,0,1,0,47,701,"202410011509"
"2020/21 - jesień","EMPTY",1171,1,2,0,0,0,2,0,0,0,0,4,0,48,701,"202410011509"
"2019/20 - wiosna","EMPTY",691,0,0,0,1,0,0,0,0,0,0,2,0,19,701,"202410011509"
"2019/20 - jesień","EMPTY",819,0,0,0,0,0,0,0,0,0,0,0,0,28,701,"202410011509"
"2018/19 - wiosna","EMPTY",0,0,0,0,0,0,0,0,0,0,0,0,0,0,701,"202410011509"
"2017/18 - wiosna","EMPTY",501,1,0,0,0,0,1,0,0,0,0,3,0,28,701,"202410011509"
"2017/18 - jesień","EMPTY",1233,1,0,0,0,0,0,0,0,0,0,2,0,55,701,"202410011509"
"8","PUN",0,0,0,0,0,0,0,0,0,0,0,0,0,0,2502,"202410011509"
"9","WID",7,0,0,0,0,0,0,0,0,0,0,0,0,1,2502,"202410011509"
"10","JAG",13,0,0,0,0,0,0,0,0,0,0,0,0,1,2502,"202410011509"
"11","POG",0,0,0,0,0,0,0,0,0,0,0,0,0,0,2502,"202410011509"
"12","KOR",0,0,0,0,0,0,0,0,0,0,0,0,0,0,2502,"202410011509"
"13","LGD",0,0,0,0,0,0,0,0,0,0,0,0,0,0,2502,"202410011509"
"14","RAD",0,0,0,0,0,0,0,0,0,0,0,0,0,0,2502,"202410011509"
"15","MOT",0,0,0,0,0,0,0,0,0,0,0,0,0,0,2502,"202410011509"
"16","GÓR",0,0,0,0,0,0,0,0,0,0,0,0,0,0,2502,"202410011509"
"17","LPO",0,0,0,0,0,0,0,0,0,0,0,0,0,0,2502,"202410011509"
"18","CRA",0,0,0,0,0,0,0,0,0,0,0,0,0,0,2502,"202410011509"
"SUMA","EMPTY",20,0,0,0,0,0,0,0,0,0,0,0,0,2,2502,"202410011509"
"1","POG",54,0,0,0,0,0,0,0,0,0,0,1,0,1,1994,"202410011509"
"2","LEG",0,0,0,0,0,0,0,0,0,0,0,0,0,0,1994,"202410011509"
"3","MOT",1,0,0,0,0,0,0,0,0,0,0,0,0,1,1994,"202410011509"
"4","CRA",0,0,0,0,0,0,0,0,0,0,0,0,0,0,1994,"202410011509"
"5","ŚLA",0,0,0,0,0,0,0,0,0,0,0,0,0,0,1994,"202410011509"
"6","STM",0,0,0,0,0,0,0,0,0,0,0,0,0,0,1994,"202410011509"
"7","PUN",0,0,0,0,0,0,0,0,0,0,0,0,0,0,1994,"202410011509"
"8","ZAG",0,0,0,0,0,0,0,0,0,0,0,0,0,0,1994,"202410011509"
"9","RAD",0,0,0,0,0,0,0,0,0,0,0,0,0,0,1994,"202410011509"
"10","LPO",0,0,0,0,0,0,0,0,0,0,0,0,0,0,1994,"202410011509"
"11","WID",0,0,0,0,0,0,0,0,0,0,0,0,0,0,1994,"202410011509"
"12","PIA",0,0,0,0,0,0,0,0,0,0,0,0,0,0,1994,"202410011509"
"13","JAG",0,0,0,0,0,0,0,0,0,0,0,0,0,0,1994,"202410011509"
"14","GKS",0,0,0,0,0,0,0,0,0,0,0,0,0,0,1994,"202410011509"
"15","LGD",0,0,0,0,0,0,0,0,0,0,0,0,0,0,1994,"202410011509"
"16","RCZ",0,0,0,0,0,0,0,0,0,0,0,0,0,0,1994,"202410011509"
"17","GÓR",0,0,0,0,0,0,0,0,0,0,0,0,0,0,1994,"202410011509"
"18","POG",0,0,0,0,0,0,0,0,0,0,0,0,0,0,1994,"202410011509"
"SUMA","EMPTY",55,0,0,0,0,0,0,0,0,0,0,1,0,2,1994,"202410011509"
"2023/24 - wiosna","EMPTY",41,0,0,0,0,0,0,0,0,0,0,1,0,0,1994,"202410011509"
"2023/24 - jesień","EMPTY",90,0,0,0,0,0,0,0,0,0,0,0,0,8,1994,"202410011509"
"2022/23 - wiosna","EMPTY",0,0,0,0,0,0,0,0,0,0,0,0,0,0,1994,"202410011509"
"2022/23 - jesień","EMPTY",0,0,0,0,0,0,0,0,0,0,0,0,0,0,1994,"202410011509"
"1","WID (STM)",0,0,0,0,0,0,0,0,0,0,0,0,0,0,2010,"202410011509"
"2","LPO",0,0,0,0,0,0,0,0,0,0,0,0,0,0,2010,"202410011509"
"3","CRA",0,0,0,0,0,0,0,0,0,0,0,0,0,0,2010,"202410011509"
"4","ŚLA",0,0,0,0,0,0,0,0,0,0,0,0,0,0,2010,"202410011509"
"5","POG",0,0,0,0,0,0,0,0,0,0,0,0,0,0,2010,"202410011509"
"6","RAD",0,0,0,0,0,0,0,0,0,0,0,0,0,0,2010,"202410011509"
"7","JAG",0,0,0,0,0,0,0,0,0,0,0,0,0,0,2010,"202410011509"
"8","GKS",29,0,0,0,0,0,0,0,0,0,0,1,0,0,2010,"202410011509"
"9","PIA",18,0,0,0,0,0,0,0,0,0,0,0,0,2,2010,"202410011509"
"10","LGD",0,0,0,0,0,0,0,0,0,0,0,0,0,0,2010,"202410011509"
"11","KOR",0,0,0,0,0,0,0,0,0,0,0,0,0,0,2010,"202410011509"
"12","MOT",0,0,0,0,0,0,0,0,0,0,0,0,0,0,2010,"202410011509"
"13","GÓR",0,0,0,0,0,0,0,0,0,0,0,0,0,0,2010,"202410011509"
"14","LEG",0,0,0,0,0,0,0,0,0,0,0,0,0,0,2010,"202410011509"
"15","ZAG",0,0,0,0,0,0,0,0,0,0,0,0,0,0,2010,"202410011509"
"16","PUN",0,0,0,0,0,0,0,0,0,0,0,0,0,0,2010,"202410011509"
"17","RCZ",0,0,0,0,0,0,0,0,0,0,0,0,0,0,2010,"202410011509"
"18","STM",0,0,0,0,0,0,0,0,0,0,0,0,0,0,2010,"202410011509"
"SUMA","EMPTY",47,0,0,0,0,0,0,0,0,0,0,1,0,2,2010,"202410011509"
"2023/24 - wiosna","EMPTY",0,0,0,0,0,0,0,0,0,0,0,0,0,0,2010,"202410011509"
"2023/24 - jesień","EMPTY",0,0,0,0,0,0,0,0,0,0,0,0,0,0,2010,"202410011509"
"2022/23 - wiosna","EMPTY",0,0,0,0,0,0,0,0,0,0,0,0,0,0,2010,"202410011509"
"2022/23 - jesień","EMPTY",1266,9,2,0,0,0,1,0,1,0,0,1,0,83,2010,"202410011509"
"1","MOT (RCZ)",0,0,0,0,0,0,0,0,0,0,0,0,0,0,1006,"202410011509"
"2","CRA (RCZ)",0,0,0,0,0,0,0,0,0,0,0,0,0,0,1006,"202410011509"
"3","GKS (RCZ)",0,0,0,0,0,0,0,0,0,0,0,0,0,0,1006,"202410011509"
"4","LPO (RCZ)",0,0,0,0,0,0,0,0,0,0,0,0,0,0,1006,"202410011509"
"5","GÓR (RCZ)",0,0,0,0,0,0,0,0,0,0,0,0,0,0,1006,"202410011509"
"6","LGD (RCZ)",0,0,0,0,0,0,0,0,0,0,0,0,0,0,1006,"202410011509"
"7","PIA (RCZ)",0,0,0,0,0,0,0,0,0,0,0,0,0,0,1006,"202410011509"
"8","KOR",0,0,0,0,0,0,0,0,0,0,0,0,0,0,1006,"202410011509"
"9","RCZ",0,0,0,0,0,0,0,0,0,0,0,0,0,0,1006,"202410011509"
"10","RAD",21,0,0,0,0,0,0,0,0,0,0,0,0,2,1006,"202410011509"
"11","GÓR",0,0,0,0,0,0,0,0,0,0,0,0,0,0,1006,"202410011509"
"12","JAG",0,0,0,0,0,0,0,0,0,0,0,0,0,0,1006,"202410011509"
"13","STM",0,0,0,0,0,0,0,0,0,0,0,0,0,0,1006,"202410011509"
"14","ŚLA",0,0,0,0,0,0,0,0,0,0,0,0,0,0,1006,"202410011509"
"15","WID",0,0,0,0,0,0,0,0,0,0,0,0,0,0,1006,"202410011509"
"16","MOT",0,0,0,0,0,0,0,0,0,0,0,0,0,0,1006,"202410011509"
"17","CRA",0,0,0,0,0,0,0,0,0,0,0,0,0,0,1006,"202410011509"
"18","LEG",0,0,0,0,0,0,0,0,0,0,0,0,0,0,1006,"202410011509"
"SUMA","EMPTY",21,0,0,0,0,0,0,0,0,0,0,0,0,2,1006,"202410011509"
"2023/24 - wiosna","EMPTY",0,0,0,0,0,0,0,0,0,0,0,0,0,0,1006,"202410011509"
"2023/24 - jesień","EMPTY",0,0,0,0,0,0,0,0,0,0,0,0,0,0,1006,"202410011509"
"2022/23 - wiosna","EMPTY",0,0,0,0,0,0,0,0,0,0,0,0,0,0,1006,"202410011509"
"2022/23 - jesień","EMPTY",0,0,0,0,0,0,0,0,0,0,0,0,0,0,1006,"202410011509"
"2021/22 - wiosna","EMPTY",0,0,0,0,0,0,0,0,0,0,0,0,0,0,1006,"202410011509"
"2021/22 - jesień","EMPTY",0,0,0,0,0,0,0,0,0,0,0,0,0,0,1006,"202410011509"
"2020/21 - wiosna","EMPTY",153,0,0,0,0,0,0,0,0,0,0,0,0,5,1006,"202410011509"
"2020/21 - jesień","EMPTY",0,0,0,0,0,0,0,0,0,0,0,0,0,0,1006,"202410011509"
"2019/20 - wiosna","EMPTY",734,0,0,0,0,0,0,0,0,0,0,2,0,21,1006,"202410011509"
"2019/20 - jesień","EMPTY",0,0,0,0,0,0,0,0,0,0,0,0,0,0,1006,"202410011509"
"2018/19 - wiosna","EMPTY",0,0,0,0,0,0,0,0,0,0,0,0,0,0,1006,"202410011509"
"2018/19 - jesień","EMPTY",0,0,0,0,0,0,0,0,0,0,0,0,0,0,1006,"202410011509"
"1","RAD",0,0,0,0,0,0,0,0,0,0,0,0,0,0,243,"202410011509"
"2","STM",0,0,0,0,0,0,0,0,0,0,0,0,0,0,243,"202410011509"
"3","RCZ",0,0,0,0,0,0,0,0,0,0,0,0,0,0,243,"202410011509"
"4","PIA",0,0,0,0,0,0,0,0,0,0,0,0,0,0,243,"202410011509"
"5","MOT",6,0,0,0,0,0,0,0,0,0,0,0,0,1,243,"202410011509"
"6","JAG",0,0,0,0,0,0,0,0,0,0,0,0,0,0,243,"202410011509"
"7","ZAG",0,0,0,0,0,0,0,0,0,0,0,0,0,0,243,"202410011509"
"8","WID",0,0,0,0,0,0,0,0,0,0,0,0,0,0,243,"202410011509"
"9","GÓR",21,0,0,0,0,0,0,0,0,0,0,0,0,1,243,"202410011509"
"10","POG",0,0,0,0,0,0,0,0,0,0,0,0,0,0,243,"202410011509"
"11","PUN",0,0,0,0,0,0,0,0,0,0,0,0,0,0,243,"202410011509"
"12","ŚLA",0,0,0,0,0,0,0,0,0,0,0,0,0,0,243,"202410011509"
"13","LEG",0,0,0,0,0,0,0,0,0,0,0,0,0,0,243,"202410011509"
"14","KOR",0,0,0,0,0,0,0,0,0,0,0,0,0,0,243,"202410011509"
"15","CRA",0,0,0,0,0,0,0,0,0,0,0,0,0,0,243,"202410011509"
"16","LPO",0,0,0,0,0,0,0,0,0,0,0,0,0,0,243,"202410011509"
"17","LGD",0,0,0,0,0,0,0,0,0,0,0,0,0,0,243,"202410011509"
"18","RAD",0,0,0,0,0,0,0,0,0,0,0,0,0,0,243,"202410011509"
"SUMA","EMPTY",27,0,0,0,0,0,0,0,0,0,0,0,0,2,243,"202410011509"
"2023/24 - wiosna","EMPTY",0,0,0,0,0,0,0,0,0,0,0,0,0,0,243,"202410011509"
"2023/24 - jesień","EMPTY",0,0,0,0,0,0,0,0,0,0,0,0,0,0,243,"202410011509"
"2022/23 - wiosna","EMPTY",736,2,1,0,0,0,0,0,0,0,0,0,0,45,243,"202410011509"
"2022/23 - jesień","EMPTY",179,0,0,0,0,0,0,0,0,0,0,0,0,12,243,"202410011509"
"2021/22 - wiosna","EMPTY",97,0,0,0,0,0,1,0,0,0,0,0,0,4,243,"202410011509"
"2021/22 - jesień","EMPTY",1506,7,3,0,0,0,1,0,0,0,0,3,0,95,243,"202410011509"
"2020/21 - wiosna","EMPTY",462,1,1,0,0,0,0,0,0,0,0,1,0,26,243,"202410011509"
"2020/21 - jesień","EMPTY",861,3,0,0,0,0,0,0,0,0,0,1,0,38,243,"202410011509"
"2019/20 - jesień","EMPTY",0,0,0,0,0,0,0,0,0,0,0,0,0,0,243,"202410011509"
"2018/19 - wiosna","EMPTY",145,0,0,0,0,0,0,0,0,0,0,0,0,18,243,"202410011509"
"2018/19 - jesień","EMPTY",802,1,1,0,0,0,0,0,0,0,0,1,0,49,243,"202410011509"
"2017/18 - wiosna","EMPTY",106,1,1,0,0,0,0,0,0,0,0,0,0,14,243,"202410011509"
"2017/18 - jesień","EMPTY",747,1,0,0,0,0,0,0,0,0,0,2,0,37,243,"202410011509"
"2016/17 - wiosna","EMPTY",0,0,0,0,0,0,0,0,0,0,0,0,0,0,243,"202410011509"
"2016/17 - jesień","EMPTY",45,0,0,0,0,0,0,0,0,0,0,0,0,1,243,"202410011509"
"1","POG",4,0,0,0,0,0,0,0,0,0,0,0,0,1,2302,"202410011509"
"2","LEG",0,0,0,0,0,0,0,0,0,0,0,0,0,0,2302,"202410011509"
"3","MOT",6,0,0,0,0,0,0,0,0,0,0,0,0,1,2302,"202410011509"
"4","CRA",0,0,0,0,0,0,0,0,0,0,0,0,0,0,2302,"202410011509"
"5","ŚLA",0,0,0,0,0,0,0,0,0,0,0,0,0,0,2302,"202410011509"
"6","STM",0,0,0,0,0,0,0,0,0,0,0,0,0,0,2302,"202410011509"
"7","PUN",0,0,0,0,0,0,0,0,0,0,0,0,0,0,2302,"202410011509"
"8","ZAG",0,0,0,0,0,0,0,0,0,0,0,0,0,0,2302,"202410011509"
"9","RAD",0,0,0,0,0,0,0,0,0,0,0,0,0,0,2302,"202410011509"
"10","LPO",0,0,0,0,0,0,0,0,0,0,0,0,0,0,2302,"202410011509"
"11","WID",0,0,0,0,0,0,0,0,0,0,0,0,0,0,2302,"202410011509"
"12","PIA",0,0,0,0,0,0,0,0,0,0,0,0,0,0,2302,"202410011509"
"13","JAG",0,0,0,0,0,0,0,0,0,0,0,0,0,0,2302,"202410011509"
"14","GKS",0,0,0,0,0,0,0,0,0,0,0,0,0,0,2302,"202410011509"
"15","LGD",0,0,0,0,0,0,0,0,0,0,0,0,0,0,2302,"202410011509"
"16","RCZ",0,0,0,0,0,0,0,0,0,0,0,0,0,0,2302,"202410011509"
"17","GÓR",0,0,0,0,0,0,0,0,0,0,0,0,0,0,2302,"202410011509"
"18","POG",0,0,0,0,0,0,0,0,0,0,0,0,0,0,2302,"202410011509"
"SUMA","EMPTY",10,0,0,0,0,0,0,0,0,0,0,0,0,2,2302,"202410011509"
"2023/24 - wiosna","EMPTY",0,0,0,0,0,0,0,0,0,0,0,0,0,0,2302,"202410011509"
"2023/24 - jesień","EMPTY",0,0,0,0,0,0,0,0,0,0,0,0,0,0,2302,"202410011509"
"1","POG",0,0,0,0,0,0,0,0,0,0,0,0,0,0,2067,"202410011509"
"2","LEG",0,0,0,0,0,0,0,0,0,0,0,0,0,0,2067,"202410011509"
"3","MOT",0,0,0,0,0,0,0,0,0,0,0,0,0,0,2067,"202410011509"
"4","CRA",0,0,0,0,0,0,0,0,0,0,0,0,0,0,2067,"202410011509"
"5","ŚLA",0,0,0,0,0,0,0,0,0,0,0,0,0,0,2067,"202410011509"
"6","STM",0,0,0,0,0,0,0,0,0,0,0,0,0,0,2067,"202410011509"
"7","PUN",0,0,0,0,0,0,0,0,0,0,0,0,0,0,2067,"202410011509"
"8","ZAG",0,0,0,0,0,0,0,0,0,0,0,0,0,0,2067,"202410011509"
"9","RAD",9,0,0,0,0,0,0,0,0,0,0,0,0,1,2067,"202410011509"
"10","LPO",0,0,0,0,0,0,0,0,0,0,0,0,0,0,2067,"202410011509"
"11","WID",0,0,0,0,0,0,0,0,0,0,0,0,0,0,2067,"202410011509"
"12","PIA",0,0,0,0,0,0,0,0,0,0,0,0,0,0,2067,"202410011509"
"13","JAG",0,0,0,0,0,0,0,0,0,0,0,0,0,0,2067,"202410011509"
"14","GKS",0,0,0,0,0,0,0,0,0,0,0,0,0,0,2067,"202410011509"
"15","LGD",0,0,0,0,0,0,0,0,0,0,0,0,0,0,2067,"202410011509"
"16","RCZ",0,0,0,0,0,0,0,0,0,0,0,0,0,0,2067,"202410011509"
"17","GÓR",0,0,0,0,0,0,0,0,0,0,0,0,0,0,2067,"202410011509"
"18","POG",0,0,0,0,0,0,0,0,0,0,0,0,0,0,2067,"202410011509"
"SUMA","EMPTY",9,0,0,0,0,0,0,0,0,0,0,0,0,1,2067,"202410011509"
"2023/24 - wiosna","EMPTY",1373,0,0,0,1,0,0,0,0,0,0,0,0,30,2067,"202410011509"
"2023/24 - jesień","EMPTY",1620,0,1,1,0,0,0,1,0,0,0,2,0,46,2067,"202410011509"
"2022/23 - wiosna","EMPTY",1511,1,1,0,0,0,0,0,0,0,0,2,0,60,2067,"202410011509"
"1","GÓR",0,0,0,0,0,0,0,0,0,0,0,0,0,0,1574,"202410011509"
"2","WID",1,0,0,0,0,0,0,0,0,0,0,0,0,1,1574,"202410011509"
"3","LGD",0,0,0,0,0,0,0,0,0,0,0,0,0,0,1574,"202410011509"
"4","RCZ",0,0,0,0,0,0,0,0,0,0,0,0,0,0,1574,"202410011509"
"5","ZAG",0,0,0,0,0,0,0,0,0,0,0,0,0,0,1574,"202410011509"
"6","POG",0,0,0,0,0,0,0,0,0,0,0,0,0,0,1574,"202410011509"
"7","STM",0,0,0,0,0,0,0,0,0,0,0,0,0,0,1574,"202410011509"
"8","JAG",0,0,0,0,0,0,0,0,0,0,0,0,0,0,1574,"202410011509"
"9","ŚLA",0,0,0,0,0,0,0,0,0,0,0,0,0,0,1574,"202410011509"
"10","KOR",0,0,0,0,0,0,0,0,0,0,0,0,0,0,1574,"202410011509"
"11","MOT",0,0,0,0,0,0,0,0,0,0,0,0,0,0,1574,"202410011509"
"12","CRA",0,0,0,0,0,0,0,0,0,0,0,0,0,0,1574,"202410011509"
"13","RAD",0,0,0,0,0,0,0,0,0,0,0,0,0,0,1574,"202410011509"
"14","PUN",0,0,0,0,0,0,0,0,0,0,0,0,0,0,1574,"202410011509"
"15","LEG",0,0,0,0,0,0,0,0,0,0,0,0,0,0,1574,"202410011509"
"16","GKS",0,0,0,0,0,0,0,0,0,0,0,0,0,0,1574,"202410011509"
"17","PIA",0,0,0,0,0,0,0,0,0,0,0,0,0,0,1574,"202410011509"
"18","GÓR",0,0,0,0,0,0,0,0,0,0,0,0,0,0,1574,"202410011509"
"SUMA","EMPTY",1,0,0,0,0,0,0,0,0,0,0,0,0,1,1574,"202410011509"
"2023/24 - wiosna","EMPTY",1260,0,1,0,1,0,0,0,0,0,0,4,0,42,1574,"202410011509"
"2023/24 - jesień","EMPTY",90,0,0,0,0,0,0,0,0,0,0,1,0,0,1574,"202410011509"
"2022/23 - wiosna","EMPTY",728,0,0,0,0,0,0,0,0,0,0,2,0,27,1574,"202410011509"
"2022/23 - jesień","EMPTY",0,0,0,0,0,0,0,0,0,0,0,0,0,0,1574,"202410011509"
"2021/22 - wiosna","EMPTY",558,1,0,0,0,0,0,0,0,0,0,2,0,28,1574,"202410011509"
"2021/22 - jesień","EMPTY",1839,2,0,0,0,0,0,0,0,0,0,1,0,86,1574,"202410011509"
"2020/21 - wiosna","EMPTY",1147,1,1,0,0,0,0,0,0,0,0,2,0,48,1574,"202410011509"
"1","KOR",0,0,0,0,0,0,0,0,0,0,0,0,0,0,2107,"202410011509"
"2","ZAG",1,0,0,0,0,0,0,0,0,0,0,0,0,1,2107,"202410011509"
"3","GÓR",0,0,0,0,0,0,0,0,0,0,0,0,0,0,2107,"202410011509"
"4","STM",0,0,0,0,0,0,0,0,0,0,0,0,0,0,2107,"202410011509"
"5","WID",0,0,0,0,0,0,0,0,0,0,0,0,0,0,2107,"202410011509"
"6","LPO",0,0,0,0,0,0,0,0,0,0,0,0,0,0,2107,"202410011509"
"7","ŚLA",0,0,0,0,0,0,0,0,0,0,0,0,0,0,2107,"202410011509"
"8","CRA",0,0,0,0,0,0,0,0,0,0,0,0,0,0,2107,"202410011509"
"9","LEG",0,0,0,0,0,0,0,0,0,0,0,0,0,0,2107,"202410011509"
"10","GKS",0,0,0,0,0,0,0,0,0,0,0,0,0,0,2107,"202410011509"
"11","PIA",0,0,0,0,0,0,0,0,0,0,0,0,0,0,2107,"202410011509"
"12","RCZ",0,0,0,0,0,0,0,0,0,0,0,0,0,0,2107,"202410011509"
"13","PUN",0,0,0,0,0,0,0,0,0,0,0,0,0,0,2107,"202410011509"
"14","MOT",0,0,0,0,0,0,0,0,0,0,0,0,0,0,2107,"202410011509"
"15","RAD",0,0,0,0,0,0,0,0,0,0,0,0,0,0,2107,"202410011509"
"16","LGD",0,0,0,0,0,0,0,0,0,0,0,0,0,0,2107,"202410011509"
"17","JAG",0,0,0,0,0,0,0,0,0,0,0,0,0,0,2107,"202410011509"
"18","KOR",0,0,0,0,0,0,0,0,0,0,0,0,0,0,2107,"202410011509"
"SUMA","EMPTY",1,0,0,0,0,0,0,0,0,0,0,0,0,1,2107,"202410011509"
"2023/24 - wiosna","EMPTY",292,0,0,0,0,0,0,0,0,0,0,1,0,16,2107,"202410011509"
"2023/24 - jesień","EMPTY",429,1,0,0,0,0,0,0,0,0,0,0,0,21,2107,"202410011509"
"2022/23 - wiosna","EMPTY",514,0,0,0,0,0,0,1,0,0,0,2,0,20,2107,"202410011509"
"1","LPO",0,0,0,0,0,0,0,0,0,0,0,0,0,0,2368,"202410011509"
"2","PUN",0,0,0,0,0,0,0,0,0,0,0,0,0,0,2368,"202410011509"
"3","POG",0,0,0,0,0,0,0,0,0,0,0,0,0,0,2368,"202410011509"
"4","RAD",0,0,0,0,0,0,0,0,0,0,0,0,0,0,2368,"202410011509"
"5","RCZ",0,0,0,0,0,0,0,0,0,0,0,0,0,0,2368,"202410011509"
"6","CRA",0,0,0,0,0,0,0,0,0,0,0,0,0,0,2368,"202410011509"
"7","LGD",0,0,0,0,0,0,0,0,0,0,0,0,0,0,2368,"202410011509"
"8","MOT",11,0,0,0,0,0,0,0,0,0,0,0,0,1,2368,"202410011509"
"9","GKS",0,0,0,0,0,0,0,0,0,0,0,0,0,0,2368,"202410011509"
"10","LEG",0,0,0,0,0,0,0,0,0,0,0,0,0,0,2368,"202410011509"
"11","ZAG",0,0,0,0,0,0,0,0,0,0,0,0,0,0,2368,"202410011509"
"12","STM",0,0,0,0,0,0,0,0,0,0,0,0,0,0,2368,"202410011509"
"13","WID",0,0,0,0,0,0,0,0,0,0,0,0,0,0,2368,"202410011509"
"14","JAG",0,0,0,0,0,0,0,0,0,0,0,0,0,0,2368,"202410011509"
"15","ŚLA",0,0,0,0,0,0,0,0,0,0,0,0,0,0,2368,"202410011509"
"16","PIA",0,0,0,0,0,0,0,0,0,0,0,0,0,0,2368,"202410011509"
"17","KOR",0,0,0,0,0,0,0,0,0,0,0,0,0,0,2368,"202410011509"
"18","LPO",0,0,0,0,0,0,0,0,0,0,0,0,0,0,2368,"202410011509"
"SUMA","EMPTY",11,0,0,0,0,0,0,0,0,0,0,0,0,1,2368,"202410011509"
"2023/24 - wiosna","EMPTY",0,0,0,0,0,0,0,0,0,0,0,0,0,0,2368,"202410011509"
"1","JAG",0,0,0,0,0,0,0,0,0,0,0,0,0,0,66,"202410011509"
"2","GÓR",0,0,0,0,0,0,0,0,0,0,0,0,0,0,66,"202410011509"
"3","ZAG",0,0,0,0,0,0,0,0,0,0,0,0,0,0,66,"202410011509"
"4","LEG",0,0,0,0,0,0,0,0,0,0,0,0,0,0,66,"202410011509"
"5","LGD",0,0,0,0,0,0,0,0,0,0,0,0,0,0,66,"202410011509"
"6","MOT",0,0,0,0,0,0,0,0,0,0,0,0,0,0,66,"202410011509"
"7","KOR",0,0,0,0,0,0,0,0,0,0,0,0,0,0,66,"202410011509"
"8","PIA",0,0,0,0,0,0,0,0,0,0,0,0,0,0,66,"202410011509"
"9","CRA",7,0,0,0,0,0,0,0,0,0,0,0,0,1,66,"202410011509"
"10","RCZ",0,0,0,0,0,0,0,0,0,0,0,0,0,0,66,"202410011509"
"11","GKS",0,0,0,0,0,0,0,0,0,0,0,0,0,0,66,"202410011509"
"12","RAD",0,0,0,0,0,0,0,0,0,0,0,0,0,0,66,"202410011509"
"13","POG",0,0,0,0,0,0,0,0,0,0,0,0,0,0,66,"202410011509"
"14","LPO",0,0,0,0,0,0,0,0,0,0,0,0,0,0,66,"202410011509"
"15","STM",0,0,0,0,0,0,0,0,0,0,0,0,0,0,66,"202410011509"
"16","WID",0,0,0,0,0,0,0,0,0,0,0,0,0,0,66,"202410011509"
"17","ŚLA",0,0,0,0,0,0,0,0,0,0,0,0,0,0,66,"202410011509"
"18","JAG",0,0,0,0,0,0,0,0,0,0,0,0,0,0,66,"202410011509"
"SUMA","EMPTY",7,0,0,0,0,0,0,0,0,0,0,0,0,1,66,"202410011509"
"2023/24 - wiosna","EMPTY",427,1,0,0,0,1,0,0,0,0,0,0,0,26,66,"202410011509"
"2023/24 - jesień","EMPTY",1091,5,1,0,0,1,0,0,0,0,0,1,0,54,66,"202410011509"
"2022/23 - wiosna","EMPTY",0,0,0,0,0,0,0,0,0,0,0,0,0,0,66,"202410011509"
"2022/23 - jesień","EMPTY",0,0,0,0,0,0,0,0,0,0,0,0,0,0,66,"202410011509"
"2021/22 - wiosna","EMPTY",0,0,0,0,0,0,0,0,0,0,0,0,0,0,66,"202410011509"
"2021/22 - jesień","EMPTY",0,0,0,0,0,0,0,0,0,0,0,0,0,0,66,"202410011509"
"2020/21 - wiosna","EMPTY",0,0,0,0,0,0,0,0,0,0,0,0,0,0,66,"202410011509"
"2020/21 - jesień","EMPTY",0,0,0,0,0,0,0,0,0,0,0,0,0,0,66,"202410011509"
"2019/20 - jesień","EMPTY",0,0,0,0,0,0,0,0,0,0,0,0,0,0,66,"202410011509"
"2018/19 - wiosna","EMPTY",0,0,0,0,0,0,0,0,0,0,0,0,0,0,66,"202410011509"
"2017/18 - wiosna","EMPTY",0,0,0,0,0,0,0,0,0,0,0,0,0,0,66,"202410011509"
"2017/18 - jesień","EMPTY",0,0,0,0,0,0,0,0,0,0,0,0,0,0,66,"202410011509"
"2016/17 - wiosna","EMPTY",0,0,0,0,0,0,0,0,0,0,0,0,0,0,66,"202410011509"
"2016/17 - jesień","EMPTY",0,0,0,0,0,0,0,0,0,0,0,0,0,0,66,"202410011509"
"1","RAD",0,0,0,0,0,0,0,0,0,0,0,0,0,0,2379,"202410011509"
"2","STM",0,0,0,0,0,0,0,0,0,0,0,0,0,0,2379,"202410011509"
"3","RCZ",0,0,0,0,0,0,0,0,0,0,0,0,0,0,2379,"202410011509"
"4","PIA",0,0,0,0,0,0,0,0,0,0,0,0,0,0,2379,"202410011509"
"5","MOT",0,0,0,0,0,0,0,0,0,0,0,0,0,0,2379,"202410011509"
"6","JAG",0,0,0,0,0,0,0,0,0,0,0,0,0,0,2379,"202410011509"
"7","ZAG",0,0,0,0,0,0,0,0,0,0,0,0,0,0,2379,"202410011509"
"8","WID",0,0,0,0,0,0,0,0,0,0,0,0,0,0,2379,"202410011509"
"9","GÓR",8,0,0,0,0,0,0,0,0,0,0,0,0,1,2379,"202410011509"
"10","POG",0,0,0,0,0,0,0,0,0,0,0,0,0,0,2379,"202410011509"
"11","PUN",0,0,0,0,0,0,0,0,0,0,0,0,0,0,2379,"202410011509"
"12","ŚLA",0,0,0,0,0,0,0,0,0,0,0,0,0,0,2379,"202410011509"
"13","LEG",0,0,0,0,0,0,0,0,0,0,0,0,0,0,2379,"202410011509"
"14","KOR",0,0,0,0,0,0,0,0,0,0,0,0,0,0,2379,"202410011509"
"15","CRA",0,0,0,0,0,0,0,0,0,0,0,0,0,0,2379,"202410011509"
"16","LPO",0,0,0,0,0,0,0,0,0,0,0,0,0,0,2379,"202410011509"
"17","LGD",0,0,0,0,0,0,0,0,0,0,0,0,0,0,2379,"202410011509"
"18","RAD",0,0,0,0,0,0,0,0,0,0,0,0,0,0,2379,"202410011509"
"SUMA","EMPTY",8,0,0,0,0,0,0,0,0,0,0,0,0,1,2379,"202410011509"
"1","ŚLA",90,0,0,0,0,0,0,0,0,0,0,0,0,2,2402,"202410011509"
"2","MOT",90,0,0,0,0,0,0,0,0,0,0,1,0,0,2402,"202410011509"
"3","LPO",90,0,0,0,0,0,0,0,0,0,0,1,0,-1,2402,"202410011509"
"4","ZAG",0,0,0,0,0,0,0,0,0,0,0,0,0,0,2402,"202410011509"
"5","PUN",0,0,0,0,0,0,0,0,0,0,0,0,0,0,2402,"202410011509"
"6","RCZ",0,0,0,0,0,0,0,0,0,0,0,0,0,0,2402,"202410011509"
"7","GÓR",0,0,0,0,0,0,0,0,0,0,0,0,0,0,2402,"202410011509"
"8","RAD",0,0,0,0,0,0,0,0,0,0,0,0,0,0,2402,"202410011509"
"9","JAG",0,0,0,0,0,0,0,0,0,0,0,0,0,0,2402,"202410011509"
"10","WID",0,0,0,0,0,0,0,0,0,0,0,0,0,0,2402,"202410011509"
"11","STM",0,0,0,0,0,0,0,0,0,0,0,0,0,0,2402,"202410011509"
"12","LEG",0,0,0,0,0,0,0,0,0,0,0,0,0,0,2402,"202410011509"
"13","PIA",0,0,0,0,0,0,0,0,0,0,0,0,0,0,2402,"202410011509"
"14","CRA",0,0,0,0,0,0,0,0,0,0,0,0,0,0,2402,"202410011509"
"15","KOR",0,0,0,0,0,0,0,0,0,0,0,0,0,0,2402,"202410011509"
"16","POG",0,0,0,0,0,0,0,0,0,0,0,0,0,0,2402,"202410011509"
"17","GKS",0,0,0,0,0,0,0,0,0,0,0,0,0,0,2402,"202410011509"
"18","ŚLA",0,0,0,0,0,0,0,0,0,0,0,0,0,0,2402,"202410011509"
"SUMA","EMPTY",270,0,0,0,0,0,0,0,0,0,0,2,0,1,2402,"202410011509"
"1","JAG",0,0,0,0,0,0,0,0,0,0,0,0,0,0,2433,"202410011509"
"2","GÓR",13,0,0,0,0,0,0,0,0,0,0,0,0,1,2433,"202410011509"
"3","ZAG",0,0,0,0,0,0,0,0,0,0,0,0,0,0,2433,"202410011509"
"4","LEG",0,0,0,0,0,0,0,0,0,0,0,0,0,0,2433,"202410011509"
"5","LGD",0,0,0,0,0,0,0,0,0,0,0,0,0,0,2433,"202410011509"
"6","MOT",0,0,0,0,0,0,0,0,0,0,0,0,0,0,2433,"202410011509"
"7","KOR",0,0,0,0,0,0,0,0,0,0,0,0,0,0,2433,"202410011509"
"8","PIA",0,0,0,0,0,0,0,0,0,0,0,0,0,0,2433,"202410011509"
"9","CRA",0,0,0,0,0,0,0,0,0,0,0,0,0,0,2433,"202410011509"
"10","RCZ",0,0,0,0,0,0,0,0,0,0,0,0,0,0,2433,"202410011509"
"11","GKS",0,0,0,0,0,0,0,0,0,0,0,0,0,0,2433,"202410011509"
"12","RAD",0,0,0,0,0,0,0,0,0,0,0,0,0,0,2433,"202410011509"
"13","POG",0,0,0,0,0,0,0,0,0,0,0,0,0,0,2433,"202410011509"
"14","LPO",0,0,0,0,0,0,0,0,0,0,0,0,0,0,2433,"202410011509"
"15","STM",0,0,0,0,0,0,0,0,0,0,0,0,0,0,2433,"202410011509"
"16","WID",0,0,0,0,0,0,0,0,0,0,0,0,0,0,2433,"202410011509"
"17","ŚLA",0,0,0,0,0,0,0,0,0,0,0,0,0,0,2433,"202410011509"
"18","JAG",0,0,0,0,0,0,0,0,0,0,0,0,0,0,2433,"202410011509"
"SUMA","EMPTY",13,0,0,0,0,0,0,0,0,0,0,0,0,1,2433,"202410011509"
"1","LEG",90,0,0,0,0,0,0,0,0,0,0,0,0,1,130,"202410011509"
"2","POG",0,0,0,0,0,0,0,0,0,0,0,0,0,0,130,"202410011509"
"3","PUN",0,0,0,0,0,0,0,0,0,0,0,0,0,0,130,"202410011509"
"4","LGD",0,0,0,0,0,0,0,0,0,0,0,0,0,0,130,"202410011509"
"5","LPO",0,0,0,0,0,0,0,0,0,0,0,0,0,0,130,"202410011509"
"6","PIA",0,0,0,0,0,0,0,0,0,0,0,0,0,0,130,"202410011509"
"7","GKS",0,0,0,0,0,0,0,0,0,0,0,0,0,0,130,"202410011509"
"8","KOR",0,0,0,0,0,0,0,0,0,0,0,0,0,0,130,"202410011509"
"9","RCZ",0,0,0,0,0,0,0,0,0,0,0,0,0,0,130,"202410011509"
"10","RAD",0,0,0,0,0,0,0,0,0,0,0,0,0,0,130,"202410011509"
"11","GÓR",0,0,0,0,0,0,0,0,0,0,0,0,0,0,130,"202410011509"
"12","JAG",0,0,0,0,0,0,0,0,0,0,0,0,0,0,130,"202410011509"
"13","STM",0,0,0,0,0,0,0,0,0,0,0,0,0,0,130,"202410011509"
"14","ŚLA",0,0,0,0,0,0,0,0,0,0,0,0,0,0,130,"202410011509"
"15","WID",0,0,0,0,0,0,0,0,0,0,0,0,0,0,130,"202410011509"
"16","MOT",0,0,0,0,0,0,0,0,0,0,0,0,0,0,130,"202410011509"
"17","CRA",0,0,0,0,0,0,0,0,0,0,0,0,0,0,130,"202410011509"
"18","LEG",0,0,0,0,0,0,0,0,0,0,0,0,0,0,130,"202410011509"
"SUMA","EMPTY",90,0,0,0,0,0,0,0,0,0,0,0,0,1,130,"202410011509"
"2023/24 - wiosna","EMPTY",270,0,0,0,0,0,0,0,0,0,0,1,0,5,130,"202410011509"
"2023/24 - jesień","EMPTY",180,0,0,0,0,0,0,0,0,0,0,1,0,4,130,"202410011509"
"2022/23 - wiosna","EMPTY",270,0,0,0,0,0,0,0,0,1,0,0,0,13,130,"202410011509"
"2022/23 - jesień","EMPTY",180,0,0,0,0,0,0,0,0,1,0,1,0,5,130,"202410011509"
"2021/22 - wiosna","EMPTY",90,0,0,0,0,0,0,0,0,0,0,0,0,2,130,"202410011509"
"2021/22 - jesień","EMPTY",0,0,0,0,0,0,0,0,0,0,0,0,0,0,130,"202410011509"
"2020/21 - wiosna","EMPTY",0,0,0,0,0,0,0,0,0,0,0,0,0,0,130,"202410011509"
"2020/21 - jesień","EMPTY",0,0,0,0,0,0,0,0,0,0,0,0,0,0,130,"202410011509"
"2019/20 - jesień","EMPTY",0,0,0,0,0,0,0,0,0,0,0,0,0,0,130,"202410011509"
"2018/19 - wiosna","EMPTY",1350,0,0,0,0,0,0,1,0,1,0,1,0,46,130,"202410011509"
"2018/19 - jesień","EMPTY",999,0,0,0,0,0,0,0,0,0,0,1,0,40,130,"202410011509"
"2017/18 - wiosna","EMPTY",569,0,0,0,0,0,0,0,0,0,0,0,0,28,130,"202410011509"
"2017/18 - jesień","EMPTY",450,0,0,0,0,0,0,0,0,0,0,0,0,25,130,"202410011509"
"2016/17 - wiosna","EMPTY",180,0,0,0,0,0,0,0,0,0,0,0,0,10,130,"202410011509"
"2016/17 - jesień","EMPTY",450,0,0,0,0,0,0,0,0,0,0,0,0,8,130,"202410011509"
"1","ZAG",0,0,0,0,0,0,0,0,0,0,0,0,0,0,1925,"202410011509"
"2","KOR",0,0,0,0,0,0,0,0,0,0,0,0,0,0,1925,"202410011509"
"3","PIA",0,0,0,0,0,0,0,0,0,0,0,0,0,0,1925,"202410011509"
"4","PUN",0,0,0,0,0,0,0,0,0,0,0,0,0,0,1925,"202410011509"
"5","RAD",0,0,0,0,0,0,0,0,0,0,0,0,0,0,1925,"202410011509"
"6","ŚLA",45,0,0,0,0,0,0,0,0,0,0,0,0,1,1925,"202410011509"
"7","MOT",0,0,0,0,0,0,0,0,0,0,0,0,0,0,1925,"202410011509"
"8","RCZ",0,0,0,0,0,0,0,0,0,0,0,0,0,0,1925,"202410011509"
"9","POG",0,0,0,0,0,0,0,0,0,0,0,0,0,0,1925,"202410011509"
"10","GÓR",0,0,0,0,0,0,0,0,0,0,0,0,0,0,1925,"202410011509"
"11","JAG",0,0,0,0,0,0,0,0,0,0,0,0,0,0,1925,"202410011509"
"12","LGD",0,0,0,0,0,0,0,0,0,0,0,0,0,0,1925,"202410011509"
"13","GKS",0,0,0,0,0,0,0,0,0,0,0,0,0,0,1925,"202410011509"
"14","WID",0,0,0,0,0,0,0,0,0,0,0,0,0,0,1925,"202410011509"
"15","LPO",0,0,0,0,0,0,0,0,0,0,0,0,0,0,1925,"202410011509"
"16","CRA",0,0,0,0,0,0,0,0,0,0,0,0,0,0,1925,"202410011509"
"17","STM",0,0,0,0,0,0,0,0,0,0,0,0,0,0,1925,"202410011509"
"18","ZAG",0,0,0,0,0,0,0,0,0,0,0,0,0,0,1925,"202410011509"
"SUMA","EMPTY",45,0,0,0,0,0,0,0,0,0,0,0,0,1,1925,"202410011509"
"2023/24 - wiosna","EMPTY",931,1,0,0,0,0,0,1,0,1,0,2,1,19,1925,"202410011509"
"2023/24 - jesień","EMPTY",0,0,0,0,0,0,0,0,0,0,0,0,0,0,1925,"202410011509"
"2022/23 - wiosna","EMPTY",1440,0,0,0,0,0,0,0,0,0,0,0,0,63,1925,"202410011509"
"2022/23 - jesień","EMPTY",1170,0,1,0,1,0,0,0,0,0,0,3,0,36,1925,"202410011509"
"1","RCZ",0,0,0,0,0,0,0,0,0,0,0,0,0,0,2465,"202410011509"
"2","LGD",0,0,0,0,0,0,0,0,0,0,0,0,0,0,2465,"202410011509"
"3","KOR",0,0,0,0,0,0,0,0,0,0,0,0,0,0,2465,"202410011509"
"5","GKS",0,0,0,0,0,0,0,0,0,0,0,0,0,0,2465,"202410011509"
"6","PUN",12,0,0,0,0,0,0,0,0,0,0,0,0,1,2465,"202410011509"
"7","LEG",0,0,0,0,0,0,0,0,0,0,0,0,0,0,2465,"202410011509"
"8","GÓR",0,0,0,0,0,0,0,0,0,0,0,0,0,0,2465,"202410011509"
"9","JAG",0,0,0,0,0,0,0,0,0,0,0,0,0,0,2465,"202410011509"
"9","STM",0,0,0,0,0,0,0,0,0,0,0,0,0,0,2465,"202410011509"
"10","ŚLA",0,0,0,0,0,0,0,0,0,0,0,0,0,0,2465,"202410011509"
"11","LPO",0,0,0,0,0,0,0,0,0,0,0,0,0,0,2465,"202410011509"
"12","WID",0,0,0,0,0,0,0,0,0,0,0,0,0,0,2465,"202410011509"
"13","CRA",0,0,0,0,0,0,0,0,0,0,0,0,0,0,2465,"202410011509"
"14","POG",0,0,0,0,0,0,0,0,0,0,0,0,0,0,2465,"202410011509"
"15","PIA",0,0,0,0,0,0,0,0,0,0,0,0,0,0,2465,"202410011509"
"16","ZAG",0,0,0,0,0,0,0,0,0,0,0,0,0,0,2465,"202410011509"
"17","RAD",0,0,0,0,0,0,0,0,0,0,0,0,0,0,2465,"202410011509"
"18","RCZ",0,0,0,0,0,0,0,0,0,0,0,0,0,0,2465,"202410011509"
"SUMA","EMPTY",12,0,0,0,0,0,0,0,0,0,0,0,0,1,2465,"202410011509"
"1","LGD",0,0,0,0,0,0,0,0,0,0,0,0,0,0,1194,"202410011509"
"2","PIA",0,0,0,0,0,0,0,0,0,0,0,0,0,0,1194,"202410011509"
"4","WID",0,0,0,0,0,0,0,0,0,0,0,0,0,0,1194,"202410011509"
"5","KOR",0,0,0,0,0,0,0,0,0,0,0,0,0,0,1194,"202410011509"
"6","LEG",90,0,0,0,0,0,0,0,0,0,0,1,0,1,1194,"202410011509"
"7","POG",45,0,0,0,0,0,0,0,0,0,0,0,0,0,1194,"202410011509"
"8","STM",0,0,0,0,0,0,0,0,0,0,0,0,0,0,1194,"202410011509"
"9","LPO",0,0,0,0,0,0,0,0,0,0,0,0,0,0,1194,"202410011509"
"10","MOT",0,0,0,0,0,0,0,0,0,0,0,0,0,0,1194,"202410011509"
"11","CRA",0,0,0,0,0,0,0,0,0,0,0,0,0,0,1194,"202410011509"
"12","GKS",0,0,0,0,0,0,0,0,0,0,0,0,0,0,1194,"202410011509"
"13","RCZ",0,0,0,0,0,0,0,0,0,0,0,0,0,0,1194,"202410011509"
"14","ZAG",0,0,0,0,0,0,0,0,0,0,0,0,0,0,1194,"202410011509"
"15","GÓR",0,0,0,0,0,0,0,0,0,0,0,0,0,0,1194,"202410011509"
"16","JAG",0,0,0,0,0,0,0,0,0,0,0,0,0,0,1194,"202410011509"
"17","PUN",0,0,0,0,0,0,0,0,0,0,0,0,0,0,1194,"202410011509"
"18","RAD",0,0,0,0,0,0,0,0,0,0,0,0,0,0,1194,"202410011509"
"18","LGD",0,0,0,0,0,0,0,0,0,0,0,0,0,0,1194,"202410011509"
"SUMA","EMPTY",135,0,0,0,0,0,0,0,0,0,0,1,0,1,1194,"202410011509"
"2023/24 - wiosna","EMPTY",128,0,0,0,0,0,0,0,0,0,0,0,0,8,1194,"202410011509"
"2023/24 - jesień","EMPTY",334,1,1,0,0,0,0,0,0,0,0,0,0,34,1194,"202410011509"
"2022/23 - wiosna","EMPTY",212,0,0,0,0,0,0,0,0,0,0,2,0,6,1194,"202410011509"
"2022/23 - jesień","EMPTY",754,3,1,0,0,0,0,0,0,0,0,4,0,51,1194,"202410011509"
"2021/22 - wiosna","EMPTY",0,0,0,0,0,0,0,0,0,0,0,0,0,0,1194,"202410011509"
"2021/22 - jesień","EMPTY",0,0,0,0,0,0,0,0,0,0,0,0,0,0,1194,"202410011509"
"2020/21 - wiosna","EMPTY",797,0,0,0,0,0,0,1,0,0,0,3,0,26,1194,"202410011509"
"2020/21 - jesień","EMPTY",141,0,0,0,0,0,0,0,0,0,0,0,0,6,1194,"202410011509"
"2019/20 - wiosna","EMPTY",144,0,0,0,0,0,0,0,0,0,0,0,1,2,1194,"202410011509"
"2019/20 - jesień","EMPTY",0,0,0,0,0,0,0,0,0,0,0,0,0,0,1194,"202410011509"
"3","ZAG",0,0,0,0,0,0,0,0,0,0,0,0,0,0,2485,"202410011509"
"4","LEG",0,0,0,0,0,0,0,0,0,0,0,0,0,0,2485,"202410011509"
"5","LGD",0,0,0,0,0,0,0,0,0,0,0,0,0,0,2485,"202410011509"
"6","MOT",0,0,0,0,0,0,0,0,0,0,0,0,0,0,2485,"202410011509"
"7","KOR",0,0,0,0,0,0,0,0,0,0,0,0,0,0,2485,"202410011509"
"8","PIA",0,0,0,0,0,0,0,0,0,0,0,0,0,0,2485,"202410011509"
"9","CRA",0,0,0,0,0,0,0,0,0,0,0,0,0,0,2485,"202410011509"
"10","RCZ",10,0,0,0,0,0,0,0,0,0,0,0,0,1,2485,"202410011509"
"11","GKS",0,0,0,0,0,0,0,0,0,0,0,0,0,0,2485,"202410011509"
"12","RAD",0,0,0,0,0,0,0,0,0,0,0,0,0,0,2485,"202410011509"
"13","POG",0,0,0,0,0,0,0,0,0,0,0,0,0,0,2485,"202410011509"
"14","LPO",0,0,0,0,0,0,0,0,0,0,0,0,0,0,2485,"202410011509"
"15","STM",0,0,0,0,0,0,0,0,0,0,0,0,0,0,2485,"202410011509"
"16","WID",0,0,0,0,0,0,0,0,0,0,0,0,0,0,2485,"202410011509"
"17","ŚLA",0,0,0,0,0,0,0,0,0,0,0,0,0,0,2485,"202410011509"
"18","JAG",0,0,0,0,0,0,0,0,0,0,0,0,0,0,2485,"202410011509"
"SUMA","EMPTY",10,0,0,0,0,0,0,0,0,0,0,0,0,1,2485,"202410011509"
"4","RCZ",1,0,0,0,0,0,0,0,0,0,0,0,0,1,2488,"202410011509"
"5","ZAG",0,0,0,0,0,0,0,0,0,0,0,0,0,0,2488,"202410011509"
"6","POG",0,0,0,0,0,0,0,0,0,0,0,0,0,0,2488,"202410011509"
"7","STM",0,0,0,0,0,0,0,0,0,0,0,0,0,0,2488,"202410011509"
"8","JAG",0,0,0,0,0,0,0,0,0,0,0,0,0,0,2488,"202410011509"
"9","ŚLA",0,0,0,0,0,0,0,0,0,0,0,0,0,0,2488,"202410011509"
"10","KOR",0,0,0,0,0,0,0,0,0,0,0,0,0,0,2488,"202410011509"
"11","MOT",0,0,0,0,0,0,0,0,0,0,0,0,0,0,2488,"202410011509"
"12","CRA",0,0,0,0,0,0,0,0,0,0,0,0,0,0,2488,"202410011509"
"13","RAD",0,0,0,0,0,0,0,0,0,0,0,0,0,0,2488,"202410011509"
"14","PUN",0,0,0,0,0,0,0,0,0,0,0,0,0,0,2488,"202410011509"
"15","LEG",0,0,0,0,0,0,0,0,0,0,0,0,0,0,2488,"202410011509"
"16","GKS",0,0,0,0,0,0,0,0,0,0,0,0,0,0,2488,"202410011509"
"17","PIA",0,0,0,0,0,0,0,0,0,0,0,0,0,0,2488,"202410011509"
"18","GÓR",0,0,0,0,0,0,0,0,0,0,0,0,0,0,2488,"202410011509"
"SUMA","EMPTY",1,0,0,0,0,0,0,0,0,0,0,0,0,1,2488,"202410011509"
"7","LGD",0,0,0,0,0,0,0,0,0,0,0,0,0,0,2499,"202410011509"
"8","MOT",25,0,0,0,0,0,0,0,0,0,0,0,0,1,2499,"202410011509"
"9","GKS",0,0,0,0,0,0,0,0,0,0,0,0,0,0,2499,"202410011509"
"10","LEG",0,0,0,0,0,0,0,0,0,0,0,0,0,0,2499,"202410011509"
"11","ZAG",0,0,0,0,0,0,0,0,0,0,0,0,0,0,2499,"202410011509"
"12","STM",0,0,0,0,0,0,0,0,0,0,0,0,0,0,2499,"202410011509"
"13","WID",0,0,0,0,0,0,0,0,0,0,0,0,0,0,2499,"202410011509"
"14","JAG",0,0,0,0,0,0,0,0,0,0,0,0,0,0,2499,"202410011509"
"15","ŚLA",0,0,0,0,0,0,0,0,0,0,0,0,0,0,2499,"202410011509"
"16","PIA",0,0,0,0,0,0,0,0,0,0,0,0,0,0,2499,"202410011509"
"17","KOR",0,0,0,0,0,0,0,0,0,0,0,0,0,0,2499,"202410011509"
"18","LPO",0,0,0,0,0,0,0,0,0,0,0,0,0,0,2499,"202410011509"
"SUMA","EMPTY",25,0,0,0,0,0,0,0,0,0,0,0,0,1,2499,"202410011509"
"8","KOR",8,0,0,0,0,0,0,0,0,0,0,0,0,1,2508,"202410011509"
"9","RCZ",0,0,0,0,0,0,0,0,0,0,0,0,0,0,2508,"202410011509"
"10","RAD",0,0,0,0,0,0,0,0,0,0,0,0,0,0,2508,"202410011509"
"11","GÓR",0,0,0,0,0,0,0,0,0,0,0,0,0,0,2508,"202410011509"
"12","JAG",0,0,0,0,0,0,0,0,0,0,0,0,0,0,2508,"202410011509"
"13","STM",0,0,0,0,0,0,0,0,0,0,0,0,0,0,2508,"202410011509"
"14","ŚLA",0,0,0,0,0,0,0,0,0,0,0,0,0,0,2508,"202410011509"
"15","WID",0,0,0,0,0,0,0,0,0,0,0,0,0,0,2508,"202410011509"
"16","MOT",0,0,0,0,0,0,0,0,0,0,0,0,0,0,2508,"202410011509"
"17","CRA",0,0,0,0,0,0,0,0,0,0,0,0,0,0,2508,"202410011509"
"18","LEG",0,0,0,0,0,0,0,0,0,0,0,0,0,0,2508,"202410011509"
"SUMA","EMPTY",8,0,0,0,0,0,0,0,0,0,0,0,0,1,2508,"202410011509"
"1","ZAG",0,0,0,0,0,0,0,0,0,0,0,0,0,0,2290,"202410011509"
"2","KOR",0,0,0,0,0,0,0,0,0,0,0,0,0,0,2290,"202410011509"
"3","PIA",0,0,0,0,0,0,0,0,0,0,0,0,0,0,2290,"202410011509"
"4","PUN",0,0,0,0,0,0,0,0,0,0,0,0,0,0,2290,"202410011509"
"5","RAD",0,0,0,0,0,0,0,0,0,0,0,0,0,0,2290,"202410011509"
"6","ŚLA",0,0,0,0,0,0,0,0,0,0,0,0,0,0,2290,"202410011509"
"7","MOT",0,0,0,0,0,0,0,0,0,0,0,0,0,0,2290,"202410011509"
"8","RCZ",0,0,0,0,0,0,0,0,0,0,0,0,0,0,2290,"202410011509"
"9","POG",0,0,0,0,0,0,0,0,0,0,0,0,0,0,2290,"202410011509"
"10","GÓR",22,0,0,0,0,0,0,0,0,0,0,0,0,1,2290,"202410011509"
"11","JAG",0,0,0,0,0,0,0,0,0,0,0,0,0,0,2290,"202410011509"
"12","LGD",0,0,0,0,0,0,0,0,0,0,0,0,0,0,2290,"202410011509"
"13","GKS",0,0,0,0,0,0,0,0,0,0,0,0,0,0,2290,"202410011509"
"14","WID",0,0,0,0,0,0,0,0,0,0,0,0,0,0,2290,"202410011509"
"15","LPO",0,0,0,0,0,0,0,0,0,0,0,0,0,0,2290,"202410011509"
"16","CRA",0,0,0,0,0,0,0,0,0,0,0,0,0,0,2290,"202410011509"
"17","STM",0,0,0,0,0,0,0,0,0,0,0,0,0,0,2290,"202410011509"
"18","ZAG",0,0,0,0,0,0,0,0,0,0,0,0,0,0,2290,"202410011509"
"SUMA","EMPTY",22,0,0,0,0,0,0,0,0,0,0,0,0,1,2290,"202410011509"
"2023/24 - wiosna","EMPTY",153,0,0,0,0,0,0,0,0,0,0,1,0,3,2290,"202410011509"
"2023/24 - jesień","EMPTY",285,0,0,0,0,0,0,0,0,0,0,1,1,0,2290,"202410011509"
"1","POG",0,0,0,0,0,0,0,0,0,0,0,0,0,0,2295,"202410011509"
"2","LEG",1,0,0,0,0,0,0,0,0,0,0,0,0,1,2295,"202410011509"
"3","MOT",0,0,0,0,0,0,0,0,0,0,0,0,0,0,2295,"202410011509"
"4","CRA",0,0,0,0,0,0,0,0,0,0,0,0,0,0,2295,"202410011509"
"5","ŚLA",0,0,0,0,0,0,0,0,0,0,0,0,0,0,2295,"202410011509"
"6","STM",0,0,0,0,0,0,0,0,0,0,0,0,0,0,2295,"202410011509"
"7","PUN",0,0,0,0,0,0,0,0,0,0,0,0,0,0,2295,"202410011509"
"8","ZAG",0,0,0,0,0,0,0,0,0,0,0,0,0,0,2295,"202410011509"
"9","RAD",0,0,0,0,0,0,0,0,0,0,0,0,0,0,2295,"202410011509"
"10","LPO",0,0,0,0,0,0,0,0,0,0,0,0,0,0,2295,"202410011509"
"11","WID",0,0,0,0,0,0,0,0,0,0,0,0,0,0,2295,"202410011509"
"12","PIA",0,0,0,0,0,0,0,0,0,0,0,0,0,0,2295,"202410011509"
"13","JAG",0,0,0,0,0,0,0,0,0,0,0,0,0,0,2295,"202410011509"
"14","GKS",0,0,0,0,0,0,0,0,0,0,0,0,0,0,2295,"202410011509"
"15","LGD",0,0,0,0,0,0,0,0,0,0,0,0,0,0,2295,"202410011509"
"16","RCZ",0,0,0,0,0,0,0,0,0,0,0,0,0,0,2295,"202410011509"
"17","GÓR",0,0,0,0,0,0,0,0,0,0,0,0,0,0,2295,"202410011509"
"18","POG",0,0,0,0,0,0,0,0,0,0,0,0,0,0,2295,"202410011509"
"SUMA","EMPTY",1,0,0,0,0,0,0,0,0,0,0,0,0,1,2295,"202410011509"
"2023/24 - wiosna","EMPTY",15,0,0,0,0,0,0,0,0,0,0,0,0,5,2295,"202410011509"
"2023/24 - jesień","EMPTY",3,0,0,0,0,0,0,0,0,0,0,0,0,1,2295,"202410011509"
"1","JAG",0,0,0,0,0,0,0,0,0,0,0,0,0,0,2298,"202410011509"
"2","GÓR",0,0,0,0,0,0,0,0,0,0,0,0,0,0,2298,"202410011509"
"3","ZAG",0,0,0,0,0,0,0,0,0,0,0,0,0,0,2298,"202410011509"
"4","LEG",0,0,0,0,0,0,0,0,0,0,0,0,0,0,2298,"202410011509"
"5","LGD",0,0,0,0,0,0,0,0,0,0,0,0,0,0,2298,"202410011509"
"6","MOT",0,0,0,0,0,0,0,0,0,0,0,0,0,0,2298,"202410011509"
"7","KOR",0,0,0,0,0,0,0,0,0,0,0,0,0,0,2298,"202410011509"
"8","PIA",0,0,0,0,0,0,0,0,0,0,0,0,0,0,2298,"202410011509"
"9","CRA",0,0,0,0,0,0,0,0,0,0,0,0,0,0,2298,"202410011509"
"10","RCZ",10,0,0,0,0,0,0,0,0,0,0,0,0,1,2298,"202410011509"
"11","GKS",0,0,0,0,0,0,0,0,0,0,0,0,0,0,2298,"202410011509"
"12","RAD",0,0,0,0,0,0,0,0,0,0,0,0,0,0,2298,"202410011509"
"13","POG",0,0,0,0,0,0,0,0,0,0,0,0,0,0,2298,"202410011509"
"14","LPO",0,0,0,0,0,0,0,0,0,0,0,0,0,0,2298,"202410011509"
"15","STM",0,0,0,0,0,0,0,0,0,0,0,0,0,0,2298,"202410011509"
"16","WID",0,0,0,0,0,0,0,0,0,0,0,0,0,0,2298,"202410011509"
"17","ŚLA",0,0,0,0,0,0,0,0,0,0,0,0,0,0,2298,"202410011509"
"18","JAG",0,0,0,0,0,0,0,0,0,0,0,0,0,0,2298,"202410011509"
"SUMA","EMPTY",10,0,0,0,0,0,0,0,0,0,0,0,0,1,2298,"202410011509"
"2023/24 - wiosna","EMPTY",1,0,0,0,0,0,0,0,0,0,0,0,0,1,2298,"202410011509"
"2023/24 - jesień","EMPTY",1,0,0,0,0,0,0,0,0,0,0,1,0,0,2298,"202410011509"
"1","LGD",0,0,0,0,0,0,0,0,0,0,0,0,0,0,2304,"202410011509"
"2","PIA",0,0,0,0,0,0,0,0,0,0,0,0,0,0,2304,"202410011509"
"4","WID",0,0,0,0,0,0,0,0,0,0,0,0,0,0,2304,"202410011509"
"5","KOR",0,0,0,0,0,0,0,0,0,0,0,0,0,0,2304,"202410011509"
"6","LEG",0,0,0,0,0,0,0,0,0,0,0,0,0,0,2304,"202410011509"
"7","POG",0,0,0,0,0,0,0,0,0,0,0,0,0,0,2304,"202410011509"
"8","STM",0,0,0,0,0,0,0,0,0,0,0,0,0,0,2304,"202410011509"
"9","LPO",0,0,0,0,0,0,0,0,0,0,0,0,0,0,2304,"202410011509"
"10","MOT",0,0,0,0,0,0,0,0,0,0,0,0,0,0,2304,"202410011509"
"11","CRA",0,0,0,0,0,0,0,0,0,0,0,0,0,0,2304,"202410011509"
"12","GKS",0,0,0,0,0,0,0,0,0,0,0,0,0,0,2304,"202410011509"
"13","RCZ",0,0,0,0,0,0,0,0,0,0,0,0,0,0,2304,"202410011509"
"14","ZAG",0,0,0,0,0,0,0,0,0,0,0,0,0,0,2304,"202410011509"
"15","GÓR",0,0,0,0,0,0,0,0,0,0,0,0,0,0,2304,"202410011509"
"16","JAG",0,0,0,0,0,0,0,0,0,0,0,0,0,0,2304,"202410011509"
"17","PUN",0,0,0,0,0,0,0,0,0,0,0,0,0,0,2304,"202410011509"
"18","RAD",0,0,0,0,0,0,0,0,0,0,0,0,0,0,2304,"202410011509"
"18","LGD",0,0,0,0,0,0,0,0,0,0,0,0,0,0,2304,"202410011509"
"SUMA","EMPTY",0,0,0,0,0,0,0,0,0,0,0,0,0,0,2304,"202410011509"
"2023/24 - wiosna","EMPTY",0,0,0,0,0,0,0,0,0,0,0,0,0,0,2304,"202410011509"
"2023/24 - jesień","EMPTY",0,0,0,0,0,0,0,0,0,0,0,0,0,0,2304,"202410011509"
"1","LGD",0,0,0,0,0,0,0,0,0,0,0,0,0,0,769,"202410011509"
"2","PIA",0,0,0,0,0,0,0,0,0,0,0,0,0,0,769,"202410011509"
"4","WID",0,0,0,0,0,0,0,0,0,0,0,0,0,0,769,"202410011509"
"5","KOR",0,0,0,0,0,0,0,0,0,0,0,0,0,0,769,"202410011509"
"6","LEG",0,0,0,0,0,0,0,0,0,0,0,0,0,0,769,"202410011509"
"7","POG",0,0,0,0,0,0,0,0,0,0,0,0,0,0,769,"202410011509"
"8","STM",0,0,0,0,0,0,0,0,0,0,0,0,0,0,769,"202410011509"
"9","LPO",0,0,0,0,0,0,0,0,0,0,0,0,0,0,769,"202410011509"
"10","MOT",0,0,0,0,0,0,0,0,0,0,0,0,0,0,769,"202410011509"
"11","CRA",0,0,0,0,0,0,0,0,0,0,0,0,0,0,769,"202410011509"
"12","GKS",0,0,0,0,0,0,0,0,0,0,0,0,0,0,769,"202410011509"
"13","RCZ",0,0,0,0,0,0,0,0,0,0,0,0,0,0,769,"202410011509"
"14","ZAG",0,0,0,0,0,0,0,0,0,0,0,0,0,0,769,"202410011509"
"15","GÓR",0,0,0,0,0,0,0,0,0,0,0,0,0,0,769,"202410011509"
"16","JAG",0,0,0,0,0,0,0,0,0,0,0,0,0,0,769,"202410011509"
"17","PUN",0,0,0,0,0,0,0,0,0,0,0,0,0,0,769,"202410011509"
"18","RAD",0,0,0,0,0,0,0,0,0,0,0,0,0,0,769,"202410011509"
"18","LGD",0,0,0,0,0,0,0,0,0,0,0,0,0,0,769,"202410011509"
"SUMA","EMPTY",0,0,0,0,0,0,0,0,0,0,0,0,0,0,769,"202410011509"
"2023/24 - wiosna","EMPTY",0,0,0,0,0,0,0,0,0,0,0,0,0,0,769,"202410011509"
"2023/24 - jesień","EMPTY",0,0,0,0,0,0,0,0,0,0,0,0,0,0,769,"202410011509"
"2022/23 - wiosna","EMPTY",1063,0,0,0,0,0,0,0,0,0,0,4,0,24,769,"202410011509"
"2022/23 - jesień","EMPTY",1439,1,0,0,0,0,0,1,0,0,0,1,1,42,769,"202410011509"
"2021/22 - wiosna","EMPTY",0,0,0,0,0,0,0,0,0,0,0,0,0,0,769,"202410011509"
"2021/22 - jesień","EMPTY",182,0,0,0,0,0,0,0,0,0,0,1,1,3,769,"202410011509"
"2020/21 - wiosna","EMPTY",508,1,0,0,0,0,0,0,0,0,0,1,1,15,769,"202410011509"
"2020/21 - jesień","EMPTY",0,0,0,0,0,0,0,0,0,0,0,0,0,0,769,"202410011509"
"2019/20 - wiosna","EMPTY",0,0,0,0,0,0,0,0,0,0,0,0,0,0,769,"202410011509"
"2019/20 - jesień","EMPTY",0,0,0,0,0,0,0,0,0,0,0,0,0,0,769,"202410011509"
"2018/19 - wiosna","EMPTY",0,0,0,0,0,0,0,0,0,0,0,0,0,0,769,"202410011509"
"2017/18 - wiosna","EMPTY",0,0,0,0,0,0,0,0,0,0,0,0,0,0,769,"202410011509"
"2017/18 - jesień","EMPTY",253,0,0,0,0,0,0,0,0,0,0,1,0,5,769,"202410011509"
"1","MOT",0,0,0,0,0,0,0,0,0,0,0,0,0,0,2306,"202410011509"
"2","CRA",0,0,0,0,0,0,0,0,0,0,0,0,0,0,2306,"202410011509"
"3","GKS",0,0,0,0,0,0,0,0,0,0,0,0,0,0,2306,"202410011509"
"4","LPO",0,0,0,0,0,0,0,0,0,0,0,0,0,0,2306,"202410011509"
"5","GÓR",0,0,0,0,0,0,0,0,0,0,0,0,0,0,2306,"202410011509"
"6","LGD",0,0,0,0,0,0,0,0,0,0,0,0,0,0,2306,"202410011509"
"7","PIA",0,0,0,0,0,0,0,0,0,0,0,0,0,0,2306,"202410011509"
"8","LEG",0,0,0,0,0,0,0,0,0,0,0,0,0,0,2306,"202410011509"
"9","ZAG",0,0,0,0,0,0,0,0,0,0,0,0,0,0,2306,"202410011509"
"10","PUN",0,0,0,0,0,0,0,0,0,0,0,0,0,0,2306,"202410011509"
"11","RAD",0,0,0,0,0,0,0,0,0,0,0,0,0,0,2306,"202410011509"
"12","POG",0,0,0,0,0,0,0,0,0,0,0,0,0,0,2306,"202410011509"
"13","ŚLA",0,0,0,0,0,0,0,0,0,0,0,0,0,0,2306,"202410011509"
"14","STM",0,0,0,0,0,0,0,0,0,0,0,0,0,0,2306,"202410011509"
"15","JAG",0,0,0,0,0,0,0,0,0,0,0,0,0,0,2306,"202410011509"
"16","KOR",0,0,0,0,0,0,0,0,0,0,0,0,0,0,2306,"202410011509"
"17","WID",0,0,0,0,0,0,0,0,0,0,0,0,0,0,2306,"202410011509"
"18","MOT",0,0,0,0,0,0,0,0,0,0,0,0,0,0,2306,"202410011509"
"SUMA","EMPTY",0,0,0,0,0,0,0,0,0,0,0,0,0,0,2306,"202410011509"
"2023/24 - wiosna","EMPTY",0,0,0,0,0,0,0,0,0,0,0,0,0,0,2306,"202410011509"
"2023/24 - jesień","EMPTY",0,0,0,0,0,0,0,0,0,0,0,0,0,0,2306,"202410011509"
"1","POG",0,0,0,0,0,0,0,0,0,0,0,0,0,0,2052,"202410011509"
"2","LEG",0,0,0,0,0,0,0,0,0,0,0,0,0,0,2052,"202410011509"
"3","MOT",0,0,0,0,0,0,0,0,0,0,0,0,0,0,2052,"202410011509"
"4","CRA",0,0,0,0,0,0,0,0,0,0,0,0,0,0,2052,"202410011509"
"5","ŚLA",0,0,0,0,0,0,0,0,0,0,0,0,0,0,2052,"202410011509"
"6","STM",0,0,0,0,0,0,0,0,0,0,0,0,0,0,2052,"202410011509"
"7","PUN",0,0,0,0,0,0,0,0,0,0,0,0,0,0,2052,"202410011509"
"8","ZAG",0,0,0,0,0,0,0,0,0,0,0,0,0,0,2052,"202410011509"
"9","RAD",0,0,0,0,0,0,0,0,0,0,0,0,0,0,2052,"202410011509"
"10","LPO",0,0,0,0,0,0,0,0,0,0,0,0,0,0,2052,"202410011509"
"11","WID",0,0,0,0,0,0,0,0,0,0,0,0,0,0,2052,"202410011509"
"12","PIA",0,0,0,0,0,0,0,0,0,0,0,0,0,0,2052,"202410011509"
"13","JAG",0,0,0,0,0,0,0,0,0,0,0,0,0,0,2052,"202410011509"
"14","GKS",0,0,0,0,0,0,0,0,0,0,0,0,0,0,2052,"202410011509"
"15","LGD",0,0,0,0,0,0,0,0,0,0,0,0,0,0,2052,"202410011509"
"16","RCZ",0,0,0,0,0,0,0,0,0,0,0,0,0,0,2052,"202410011509"
"17","GÓR",0,0,0,0,0,0,0,0,0,0,0,0,0,0,2052,"202410011509"
"18","POG",0,0,0,0,0,0,0,0,0,0,0,0,0,0,2052,"202410011509"
"SUMA","EMPTY",0,0,0,0,0,0,0,0,0,0,0,0,0,0,2052,"202410011509"
"2023/24 - wiosna","EMPTY",0,0,0,0,0,0,0,0,0,0,0,0,0,0,2052,"202410011509"
"2023/24 - jesień","EMPTY",0,0,0,0,0,0,0,0,0,0,0,0,0,0,2052,"202410011509"
"2022/23 - wiosna","EMPTY",0,0,0,0,0,0,0,0,0,0,0,0,0,0,2052,"202410011509"
"2022/23 - jesień","EMPTY",0,0,0,0,0,0,0,0,0,0,0,0,0,0,2052,"202410011509"
"1","PUN",0,0,0,0,0,0,0,0,0,0,0,0,0,0,1029,"202410011509"
"2","RAD",0,0,0,0,0,0,0,0,0,0,0,0,0,0,1029,"202410011509"
"3","STM",0,0,0,0,0,0,0,0,0,0,0,0,0,0,1029,"202410011509"
"5","CRA",0,0,0,0,0,0,0,0,0,0,0,0,0,0,1029,"202410011509"
"6","GKS",0,0,0,0,0,0,0,0,0,0,0,0,0,0,1029,"202410011509"
"7","WID",0,0,0,0,0,0,0,0,0,0,0,0,0,0,1029,"202410011509"
"8","LPO",0,0,0,0,0,0,0,0,0,0,0,0,0,0,1029,"202410011509"
"9","MOT",0,0,0,0,0,0,0,0,0,0,0,0,0,0,1029,"202410011509"
"9","LGD",0,0,0,0,0,0,0,0,0,0,0,0,0,0,1029,"202410011509"
"10","PIA",0,0,0,0,0,0,0,0,0,0,0,0,0,0,1029,"202410011509"
"11","LEG",0,0,0,0,0,0,0,0,0,0,0,0,0,0,1029,"202410011509"
"12","ZAG",0,0,0,0,0,0,0,0,0,0,0,0,0,0,1029,"202410011509"
"13","KOR",0,0,0,0,0,0,0,0,0,0,0,0,0,0,1029,"202410011509"
"14","GÓR",0,0,0,0,0,0,0,0,0,0,0,0,0,0,1029,"202410011509"
"15","RCZ",0,0,0,0,0,0,0,0,0,0,0,0,0,0,1029,"202410011509"
"16","ŚLA",0,0,0,0,0,0,0,0,0,0,0,0,0,0,1029,"202410011509"
"17","POG",0,0,0,0,0,0,0,0,0,0,0,0,0,0,1029,"202410011509"
"18","PUN",0,0,0,0,0,0,0,0,0,0,0,0,0,0,1029,"202410011509"
"SUMA","EMPTY",0,0,0,0,0,0,0,0,0,0,0,0,0,0,1029,"202410011509"
"2023/24 - wiosna","EMPTY",0,0,0,0,0,0,0,0,0,0,0,0,0,0,1029,"202410011509"
"2023/24 - jesień","EMPTY",0,0,0,0,0,0,0,0,0,0,0,0,0,0,1029,"202410011509"
"2022/23 - wiosna","EMPTY",0,0,0,0,0,0,0,0,0,0,0,0,0,0,1029,"202410011509"
"2022/23 - jesień","EMPTY",0,0,0,0,0,0,0,0,0,0,0,0,0,0,1029,"202410011509"
"2021/22 - wiosna","EMPTY",0,0,0,0,0,0,0,0,0,0,0,0,0,0,1029,"202410011509"
"2021/22 - jesień","EMPTY",0,0,0,0,0,0,0,0,0,0,0,0,0,0,1029,"202410011509"
"2020/21 - wiosna","EMPTY",0,0,0,0,0,0,0,0,0,0,0,0,0,0,1029,"202410011509"
"2020/21 - jesień","EMPTY",0,0,0,0,0,0,0,0,0,0,0,0,0,0,1029,"202410011509"
"2019/20 - wiosna","EMPTY",0,0,0,0,0,0,0,0,0,0,0,0,0,0,1029,"202410011509"
"2019/20 - jesień","EMPTY",180,0,0,0,0,0,0,2,0,1,0,1,0,1,1029,"202410011509"
"2018/19 - wiosna","EMPTY",495,0,0,0,0,0,0,0,0,0,0,0,0,19,1029,"202410011509"
"2018/19 - jesień","EMPTY",90,0,0,0,0,0,0,0,0,0,0,0,0,7,1029,"202410011509"
"1","PIA",0,0,0,0,0,0,0,0,0,0,0,0,0,0,2053,"202410011509"
"2","RCZ",0,0,0,0,0,0,0,0,0,0,0,0,0,0,2053,"202410011509"
"3","WID",0,0,0,0,0,0,0,0,0,0,0,0,0,0,2053,"202410011509"
"4","KOR",0,0,0,0,0,0,0,0,0,0,0,0,0,0,2053,"202410011509"
"5","JAG",0,0,0,0,0,0,0,0,0,0,0,0,0,0,2053,"202410011509"
"6","GÓR",0,0,0,0,0,0,0,0,0,0,0,0,0,0,2053,"202410011509"
"7","RAD",0,0,0,0,0,0,0,0,0,0,0,0,0,0,2053,"202410011509"
"8","POG",0,0,0,0,0,0,0,0,0,0,0,0,0,0,2053,"202410011509"
"9","PUN",0,0,0,0,0,0,0,0,0,0,0,0,0,0,2053,"202410011509"
"10","STM",0,0,0,0,0,0,0,0,0,0,0,0,0,0,2053,"202410011509"
"11","ŚLA",0,0,0,0,0,0,0,0,0,0,0,0,0,0,2053,"202410011509"
"12","LPO",0,0,0,0,0,0,0,0,0,0,0,0,0,0,2053,"202410011509"
"13","MOT",0,0,0,0,0,0,0,0,0,0,0,0,0,0,2053,"202410011509"
"14","LGD",0,0,0,0,0,0,0,0,0,0,0,0,0,0,2053,"202410011509"
"15","GKS",0,0,0,0,0,0,0,0,0,0,0,0,0,0,2053,"202410011509"
"16","LEG",0,0,0,0,0,0,0,0,0,0,0,0,0,0,2053,"202410011509"
"17","ZAG",0,0,0,0,0,0,0,0,0,0,0,0,0,0,2053,"202410011509"
"18","PIA",0,0,0,0,0,0,0,0,0,0,0,0,0,0,2053,"202410011509"
"SUMA","EMPTY",0,0,0,0,0,0,0,0,0,0,0,0,0,0,2053,"202410011509"
"2023/24 - wiosna","EMPTY",720,0,0,0,0,0,0,0,0,1,0,0,0,31,2053,"202410011509"
"2023/24 - jesień","EMPTY",1710,0,1,0,0,0,0,0,0,0,0,0,0,61,2053,"202410011509"
"2022/23 - wiosna","EMPTY",0,0,0,0,0,0,0,0,0,0,0,0,0,0,2053,"202410011509"
"2022/23 - jesień","EMPTY",0,0,0,0,0,0,0,0,0,0,0,0,0,0,2053,"202410011509"
"1","STM",0,0,0,0,0,0,0,0,0,0,0,0,0,0,2311,"202410011509"
"2","LPO",0,0,0,0,0,0,0,0,0,0,0,0,0,0,2311,"202410011509"
"3","CRA",0,0,0,0,0,0,0,0,0,0,0,0,0,0,2311,"202410011509"
"4","ŚLA",0,0,0,0,0,0,0,0,0,0,0,0,0,0,2311,"202410011509"
"5","POG",0,0,0,0,0,0,0,0,0,0,0,0,0,0,2311,"202410011509"
"6","RAD",0,0,0,0,0,0,0,0,0,0,0,0,0,0,2311,"202410011509"
"7","JAG",0,0,0,0,0,0,0,0,0,0,0,0,0,0,2311,"202410011509"
"8","GKS",0,0,0,0,0,0,0,0,0,0,0,0,0,0,2311,"202410011509"
"9","PIA",0,0,0,0,0,0,0,0,0,0,0,0,0,0,2311,"202410011509"
"10","LGD",0,0,0,0,0,0,0,0,0,0,0,0,0,0,2311,"202410011509"
"11","KOR",0,0,0,0,0,0,0,0,0,0,0,0,0,0,2311,"202410011509"
"12","MOT",0,0,0,0,0,0,0,0,0,0,0,0,0,0,2311,"202410011509"
"13","GÓR",0,0,0,0,0,0,0,0,0,0,0,0,0,0,2311,"202410011509"
"14","LEG",0,0,0,0,0,0,0,0,0,0,0,0,0,0,2311,"202410011509"
"15","ZAG",0,0,0,0,0,0,0,0,0,0,0,0,0,0,2311,"202410011509"
"16","PUN",0,0,0,0,0,0,0,0,0,0,0,0,0,0,2311,"202410011509"
"17","RCZ",0,0,0,0,0,0,0,0,0,0,0,0,0,0,2311,"202410011509"
"18","STM",0,0,0,0,0,0,0,0,0,0,0,0,0,0,2311,"202410011509"
"SUMA","EMPTY",0,0,0,0,0,0,0,0,0,0,0,0,0,0,2311,"202410011509"
"2023/24 - wiosna","EMPTY",0,0,0,0,0,0,0,0,0,0,0,0,0,0,2311,"202410011509"
"2023/24 - jesień","EMPTY",84,0,0,0,0,0,0,0,0,0,0,1,0,0,2311,"202410011509"
"1","STM",0,0,0,0,0,0,0,0,0,0,0,0,0,0,2056,"202410011509"
"2","LPO",0,0,0,0,0,0,0,0,0,0,0,0,0,0,2056,"202410011509"
"3","CRA",0,0,0,0,0,0,0,0,0,0,0,0,0,0,2056,"202410011509"
"4","ŚLA",0,0,0,0,0,0,0,0,0,0,0,0,0,0,2056,"202410011509"
"5","POG",0,0,0,0,0,0,0,0,0,0,0,0,0,0,2056,"202410011509"
"6","RAD",0,0,0,0,0,0,0,0,0,0,0,0,0,0,2056,"202410011509"
"7","JAG",0,0,0,0,0,0,0,0,0,0,0,0,0,0,2056,"202410011509"
"8","GKS",0,0,0,0,0,0,0,0,0,0,0,0,0,0,2056,"202410011509"
"9","PIA",0,0,0,0,0,0,0,0,0,0,0,0,0,0,2056,"202410011509"
"10","LGD",0,0,0,0,0,0,0,0,0,0,0,0,0,0,2056,"202410011509"
"11","KOR",0,0,0,0,0,0,0,0,0,0,0,0,0,0,2056,"202410011509"
"12","MOT",0,0,0,0,0,0,0,0,0,0,0,0,0,0,2056,"202410011509"
"13","GÓR",0,0,0,0,0,0,0,0,0,0,0,0,0,0,2056,"202410011509"
"14","LEG",0,0,0,0,0,0,0,0,0,0,0,0,0,0,2056,"202410011509"
"15","ZAG",0,0,0,0,0,0,0,0,0,0,0,0,0,0,2056,"202410011509"
"16","PUN",0,0,0,0,0,0,0,0,0,0,0,0,0,0,2056,"202410011509"
"17","RCZ",0,0,0,0,0,0,0,0,0,0,0,0,0,0,2056,"202410011509"
"18","STM",0,0,0,0,0,0,0,0,0,0,0,0,0,0,2056,"202410011509"
"SUMA","EMPTY",0,0,0,0,0,0,0,0,0,0,0,0,0,0,2056,"202410011509"
"2023/24 - wiosna","EMPTY",0,0,0,0,0,0,0,0,0,0,0,0,0,0,2056,"202410011509"
"2023/24 - jesień","EMPTY",0,0,0,0,0,0,0,0,0,0,0,0,0,0,2056,"202410011509"
"2022/23 - wiosna","EMPTY",0,0,0,0,0,0,0,0,0,0,0,0,0,0,2056,"202410011509"
"2022/23 - jesień","EMPTY",1,0,0,0,0,0,0,0,0,0,0,0,0,1,2056,"202410011509"
"1","GKS",0,0,0,0,0,0,0,0,0,0,0,0,0,0,2057,"202410011509"
"2","JAG",0,0,0,0,0,0,0,0,0,0,0,0,0,0,2057,"202410011509"
"4","GÓR",0,0,0,0,0,0,0,0,0,0,0,0,0,0,2057,"202410011509"
"5","LEG",0,0,0,0,0,0,0,0,0,0,0,0,0,0,2057,"202410011509"
"6","WID",0,0,0,0,0,0,0,0,0,0,0,0,0,0,2057,"202410011509"
"7","CRA",0,0,0,0,0,0,0,0,0,0,0,0,0,0,2057,"202410011509"
"8","LGD",0,0,0,0,0,0,0,0,0,0,0,0,0,0,2057,"202410011509"
"9","KOR",0,0,0,0,0,0,0,0,0,0,0,0,0,0,2057,"202410011509"
"10","ZAG",0,0,0,0,0,0,0,0,0,0,0,0,0,0,2057,"202410011509"
"11","RCZ",0,0,0,0,0,0,0,0,0,0,0,0,0,0,2057,"202410011509"
"12","PUN",0,0,0,0,0,0,0,0,0,0,0,0,0,0,2057,"202410011509"
"13","LPO",0,0,0,0,0,0,0,0,0,0,0,0,0,0,2057,"202410011509"
"14","PIA",0,0,0,0,0,0,0,0,0,0,0,0,0,0,2057,"202410011509"
"15","POG",0,0,0,0,0,0,0,0,0,0,0,0,0,0,2057,"202410011509"
"16","STM",0,0,0,0,0,0,0,0,0,0,0,0,0,0,2057,"202410011509"
"17","MOT",0,0,0,0,0,0,0,0,0,0,0,0,0,0,2057,"202410011509"
"18","ŚLA",0,0,0,0,0,0,0,0,0,0,0,0,0,0,2057,"202410011509"
"18","GKS",0,0,0,0,0,0,0,0,0,0,0,0,0,0,2057,"202410011509"
"SUMA","EMPTY",0,0,0,0,0,0,0,0,0,0,0,0,0,0,2057,"202410011509"
"2023/24 - wiosna","EMPTY",0,0,0,0,0,0,0,0,0,0,0,0,0,0,2057,"202410011509"
"2023/24 - jesień","EMPTY",0,0,0,0,0,0,0,0,0,0,0,0,0,0,2057,"202410011509"
"2022/23 - wiosna","EMPTY",0,0,0,0,0,0,0,0,0,0,0,0,0,0,2057,"202410011509"
"2022/23 - jesień","EMPTY",0,0,0,0,0,0,0,0,0,0,0,0,0,0,2057,"202410011509"
"1","LEG",0,0,0,0,0,0,0,0,0,0,0,0,0,0,2059,"202410011509"
"2","POG",0,0,0,0,0,0,0,0,0,0,0,0,0,0,2059,"202410011509"
"3","PUN",0,0,0,0,0,0,0,0,0,0,0,0,0,0,2059,"202410011509"
"4","LGD",0,0,0,0,0,0,0,0,0,0,0,0,0,0,2059,"202410011509"
"5","LPO",0,0,0,0,0,0,0,0,0,0,0,0,0,0,2059,"202410011509"
"6","PIA",0,0,0,0,0,0,0,0,0,0,0,0,0,0,2059,"202410011509"
"7","GKS",0,0,0,0,0,0,0,0,0,0,0,0,0,0,2059,"202410011509"
"8","KOR",0,0,0,0,0,0,0,0,0,0,0,0,0,0,2059,"202410011509"
"9","RCZ",0,0,0,0,0,0,0,0,0,0,0,0,0,0,2059,"202410011509"
"10","RAD",0,0,0,0,0,0,0,0,0,0,0,0,0,0,2059,"202410011509"
"11","GÓR",0,0,0,0,0,0,0,0,0,0,0,0,0,0,2059,"202410011509"
"12","JAG",0,0,0,0,0,0,0,0,0,0,0,0,0,0,2059,"202410011509"
"13","STM",0,0,0,0,0,0,0,0,0,0,0,0,0,0,2059,"202410011509"
"14","ŚLA",0,0,0,0,0,0,0,0,0,0,0,0,0,0,2059,"202410011509"
"15","WID",0,0,0,0,0,0,0,0,0,0,0,0,0,0,2059,"202410011509"
"16","MOT",0,0,0,0,0,0,0,0,0,0,0,0,0,0,2059,"202410011509"
"17","CRA",0,0,0,0,0,0,0,0,0,0,0,0,0,0,2059,"202410011509"
"18","LEG",0,0,0,0,0,0,0,0,0,0,0,0,0,0,2059,"202410011509"
"SUMA","EMPTY",0,0,0,0,0,0,0,0,0,0,0,0,0,0,2059,"202410011509"
"2023/24 - wiosna","EMPTY",0,0,0,0,0,0,0,0,0,0,0,0,0,0,2059,"202410011509"
"2023/24 - jesień","EMPTY",0,0,0,0,0,0,0,0,0,0,0,0,0,0,2059,"202410011509"
"2022/23 - wiosna","EMPTY",0,0,0,0,0,0,0,0,0,0,0,0,0,0,2059,"202410011509"
"2022/23 - jesień","EMPTY",0,0,0,0,0,0,0,0,0,0,0,0,0,0,2059,"202410011509"
"1","LGD",0,0,0,0,0,0,0,0,0,0,0,0,0,0,2061,"202410011509"
"2","PIA",0,0,0,0,0,0,0,0,0,0,0,0,0,0,2061,"202410011509"
"4","WID",0,0,0,0,0,0,0,0,0,0,0,0,0,0,2061,"202410011509"
"5","KOR",0,0,0,0,0,0,0,0,0,0,0,0,0,0,2061,"202410011509"
"6","LEG",0,0,0,0,0,0,0,0,0,0,0,0,0,0,2061,"202410011509"
"7","POG",0,0,0,0,0,0,0,0,0,0,0,0,0,0,2061,"202410011509"
"8","STM",0,0,0,0,0,0,0,0,0,0,0,0,0,0,2061,"202410011509"
"9","LPO",0,0,0,0,0,0,0,0,0,0,0,0,0,0,2061,"202410011509"
"10","MOT",0,0,0,0,0,0,0,0,0,0,0,0,0,0,2061,"202410011509"
"11","CRA",0,0,0,0,0,0,0,0,0,0,0,0,0,0,2061,"202410011509"
"12","GKS",0,0,0,0,0,0,0,0,0,0,0,0,0,0,2061,"202410011509"
"13","RCZ",0,0,0,0,0,0,0,0,0,0,0,0,0,0,2061,"202410011509"
"14","ZAG",0,0,0,0,0,0,0,0,0,0,0,0,0,0,2061,"202410011509"
"15","GÓR",0,0,0,0,0,0,0,0,0,0,0,0,0,0,2061,"202410011509"
"16","JAG",0,0,0,0,0,0,0,0,0,0,0,0,0,0,2061,"202410011509"
"17","PUN",0,0,0,0,0,0,0,0,0,0,0,0,0,0,2061,"202410011509"
"18","RAD",0,0,0,0,0,0,0,0,0,0,0,0,0,0,2061,"202410011509"
"18","LGD",0,0,0,0,0,0,0,0,0,0,0,0,0,0,2061,"202410011509"
"SUMA","EMPTY",0,0,0,0,0,0,0,0,0,0,0,0,0,0,2061,"202410011509"
"2023/24 - wiosna","EMPTY",0,0,0,0,0,0,0,0,0,0,0,0,0,0,2061,"202410011509"
"2023/24 - jesień","EMPTY",0,0,0,0,0,0,0,0,0,0,0,0,0,0,2061,"202410011509"
"2022/23 - wiosna","EMPTY",102,0,0,0,0,0,0,0,0,0,0,0,0,0,2061,"202410011509"
"2022/23 - jesień","EMPTY",0,0,0,0,0,0,0,0,0,0,0,0,0,0,2061,"202410011509"
"1","CRA",0,0,0,0,0,0,0,0,0,0,0,0,0,0,2063,"202410011509"
"2","ŚLA",0,0,0,0,0,0,0,0,0,0,0,0,0,0,2063,"202410011509"
"3","LEG",0,0,0,0,0,0,0,0,0,0,0,0,0,0,2063,"202410011509"
"4","GKS",0,0,0,0,0,0,0,0,0,0,0,0,0,0,2063,"202410011509"
"5","STM",0,0,0,0,0,0,0,0,0,0,0,0,0,0,2063,"202410011509"
"6","ZAG",0,0,0,0,0,0,0,0,0,0,0,0,0,0,2063,"202410011509"
"7","RCZ",0,0,0,0,0,0,0,0,0,0,0,0,0,0,2063,"202410011509"
"8","PUN",0,0,0,0,0,0,0,0,0,0,0,0,0,0,2063,"202410011509"
"9","WID",0,0,0,0,0,0,0,0,0,0,0,0,0,0,2063,"202410011509"
"10","JAG",0,0,0,0,0,0,0,0,0,0,0,0,0,0,2063,"202410011509"
"11","POG",0,0,0,0,0,0,0,0,0,0,0,0,0,0,2063,"202410011509"
"12","KOR",0,0,0,0,0,0,0,0,0,0,0,0,0,0,2063,"202410011509"
"13","LGD",0,0,0,0,0,0,0,0,0,0,0,0,0,0,2063,"202410011509"
"14","RAD",0,0,0,0,0,0,0,0,0,0,0,0,0,0,2063,"202410011509"
"15","MOT",0,0,0,0,0,0,0,0,0,0,0,0,0,0,2063,"202410011509"
"16","GÓR",0,0,0,0,0,0,0,0,0,0,0,0,0,0,2063,"202410011509"
"17","LPO",0,0,0,0,0,0,0,0,0,0,0,0,0,0,2063,"202410011509"
"18","CRA",0,0,0,0,0,0,0,0,0,0,0,0,0,0,2063,"202410011509"
"SUMA","EMPTY",0,0,0,0,0,0,0,0,0,0,0,0,0,0,2063,"202410011509"
"2023/24 - wiosna","EMPTY",11,0,0,0,0,0,0,0,0,0,0,0,0,3,2063,"202410011509"
"2023/24 - jesień","EMPTY",0,0,0,0,0,0,0,0,0,0,0,0,0,0,2063,"202410011509"
"2022/23 - wiosna","EMPTY",0,0,0,0,0,0,0,0,0,0,0,0,0,0,2063,"202410011509"
"2022/23 - jesień","EMPTY",0,0,0,0,0,0,0,0,0,0,0,0,0,0,2063,"202410011509"
"1","PUN",0,0,0,0,0,0,0,0,0,0,0,0,0,0,1040,"202410011509"
"2","RAD",0,0,0,0,0,0,0,0,0,0,0,0,0,0,1040,"202410011509"
"3","STM",0,0,0,0,0,0,0,0,0,0,0,0,0,0,1040,"202410011509"
"5","CRA",0,0,0,0,0,0,0,0,0,0,0,0,0,0,1040,"202410011509"
"6","GKS",0,0,0,0,0,0,0,0,0,0,0,0,0,0,1040,"202410011509"
"7","WID",0,0,0,0,0,0,0,0,0,0,0,0,0,0,1040,"202410011509"
"8","LPO",0,0,0,0,0,0,0,0,0,0,0,0,0,0,1040,"202410011509"
"9","MOT",0,0,0,0,0,0,0,0,0,0,0,0,0,0,1040,"202410011509"
"9","LGD",0,0,0,0,0,0,0,0,0,0,0,0,0,0,1040,"202410011509"
"10","PIA",0,0,0,0,0,0,0,0,0,0,0,0,0,0,1040,"202410011509"
"11","LEG",0,0,0,0,0,0,0,0,0,0,0,0,0,0,1040,"202410011509"
"12","ZAG",0,0,0,0,0,0,0,0,0,0,0,0,0,0,1040,"202410011509"
"13","KOR",0,0,0,0,0,0,0,0,0,0,0,0,0,0,1040,"202410011509"
"14","GÓR",0,0,0,0,0,0,0,0,0,0,0,0,0,0,1040,"202410011509"
"15","RCZ",0,0,0,0,0,0,0,0,0,0,0,0,0,0,1040,"202410011509"
"16","ŚLA",0,0,0,0,0,0,0,0,0,0,0,0,0,0,1040,"202410011509"
"17","POG",0,0,0,0,0,0,0,0,0,0,0,0,0,0,1040,"202410011509"
"18","PUN",0,0,0,0,0,0,0,0,0,0,0,0,0,0,1040,"202410011509"
"SUMA","EMPTY",0,0,0,0,0,0,0,0,0,0,0,0,0,0,1040,"202410011509"
"2023/24 - wiosna","EMPTY",0,0,0,0,0,0,0,0,0,0,0,0,0,0,1040,"202410011509"
"2023/24 - jesień","EMPTY",0,0,0,0,0,0,0,0,0,0,0,0,0,0,1040,"202410011509"
"2022/23 - wiosna","EMPTY",0,0,0,0,0,0,0,0,0,0,0,0,0,0,1040,"202410011509"
"2022/23 - jesień","EMPTY",0,0,0,0,0,0,0,0,0,0,0,0,0,0,1040,"202410011509"
"2021/22 - wiosna","EMPTY",0,0,0,0,0,0,0,0,0,0,0,0,0,0,1040,"202410011509"
"2021/22 - jesień","EMPTY",0,0,0,0,0,0,0,0,0,0,0,0,0,0,1040,"202410011509"
"2020/21 - wiosna","EMPTY",0,0,0,0,0,0,0,0,0,0,0,0,0,0,1040,"202410011509"
"2020/21 - jesień","EMPTY",0,0,0,0,0,0,0,0,0,0,0,0,0,0,1040,"202410011509"
"2019/20 - jesień","EMPTY",0,0,0,0,0,0,0,0,0,0,0,0,0,0,1040,"202410011509"
"2018/19 - wiosna","EMPTY",90,0,0,0,0,0,0,0,0,0,0,1,0,0,1040,"202410011509"
"2018/19 - jesień","EMPTY",0,0,0,0,0,0,0,0,0,0,0,0,0,0,1040,"202410011509"
"1","POG",0,0,0,0,0,0,0,0,0,0,0,0,0,0,2066,"202410011509"
"2","LEG",0,0,0,0,0,0,0,0,0,0,0,0,0,0,2066,"202410011509"
"3","MOT",0,0,0,0,0,0,0,0,0,0,0,0,0,0,2066,"202410011509"
"4","CRA",0,0,0,0,0,0,0,0,0,0,0,0,0,0,2066,"202410011509"
"5","ŚLA",0,0,0,0,0,0,0,0,0,0,0,0,0,0,2066,"202410011509"
"6","STM",0,0,0,0,0,0,0,0,0,0,0,0,0,0,2066,"202410011509"
"7","PUN",0,0,0,0,0,0,0,0,0,0,0,0,0,0,2066,"202410011509"
"8","ZAG",0,0,0,0,0,0,0,0,0,0,0,0,0,0,2066,"202410011509"
"9","RAD",0,0,0,0,0,0,0,0,0,0,0,0,0,0,2066,"202410011509"
"10","LPO",0,0,0,0,0,0,0,0,0,0,0,0,0,0,2066,"202410011509"
"11","WID",0,0,0,0,0,0,0,0,0,0,0,0,0,0,2066,"202410011509"
"12","PIA",0,0,0,0,0,0,0,0,0,0,0,0,0,0,2066,"202410011509"
"13","JAG",0,0,0,0,0,0,0,0,0,0,0,0,0,0,2066,"202410011509"
"14","GKS",0,0,0,0,0,0,0,0,0,0,0,0,0,0,2066,"202410011509"
"15","LGD",0,0,0,0,0,0,0,0,0,0,0,0,0,0,2066,"202410011509"
"16","RCZ",0,0,0,0,0,0,0,0,0,0,0,0,0,0,2066,"202410011509"
"17","GÓR",0,0,0,0,0,0,0,0,0,0,0,0,0,0,2066,"202410011509"
"18","POG",0,0,0,0,0,0,0,0,0,0,0,0,0,0,2066,"202410011509"
"SUMA","EMPTY",0,0,0,0,0,0,0,0,0,0,0,0,0,0,2066,"202410011509"
"2023/24 - wiosna","EMPTY",536,1,0,0,0,0,0,0,0,0,0,1,0,19,2066,"202410011509"
"2023/24 - jesień","EMPTY",1422,3,4,0,0,2,1,0,0,0,0,4,0,67,2066,"202410011509"
"2022/23 - wiosna","EMPTY",1181,0,2,0,0,0,0,0,0,0,0,4,1,44,2066,"202410011509"
"1","CRA (PIA)",0,0,0,0,0,0,0,0,0,0,0,0,0,0,789,"202410011509"
"2","ŚLA (PIA)",0,0,0,0,0,0,0,0,0,0,0,0,0,0,789,"202410011509"
"3","LEG (PIA)",0,0,0,0,0,0,0,0,0,0,0,0,0,0,789,"202410011509"
"4","GKS (PIA)",0,0,0,0,0,0,0,0,0,0,0,0,0,0,789,"202410011509"
"5","STM (PIA)",0,0,0,0,0,0,0,0,0,0,0,0,0,0,789,"202410011509"
"6","ZAG (PIA)",0,0,0,0,0,0,0,0,0,0,0,0,0,0,789,"202410011509"
"7","LPO",0,0,0,0,0,0,0,0,0,0,0,0,0,0,789,"202410011509"
"8","ŚLA",0,0,0,0,0,0,0,0,0,0,0,0,0,0,789,"202410011509"
"9","MOT",0,0,0,0,0,0,0,0,0,0,0,0,0,0,789,"202410011509"
"10","CRA",0,0,0,0,0,0,0,0,0,0,0,0,0,0,789,"202410011509"
"11","LGD",0,0,0,0,0,0,0,0,0,0,0,0,0,0,789,"202410011509"
"12","GÓR",0,0,0,0,0,0,0,0,0,0,0,0,0,0,789,"202410011509"
"13","ZAG",0,0,0,0,0,0,0,0,0,0,0,0,0,0,789,"202410011509"
"14","RCZ",0,0,0,0,0,0,0,0,0,0,0,0,0,0,789,"202410011509"
"15","PUN",0,0,0,0,0,0,0,0,0,0,0,0,0,0,789,"202410011509"
"16","RAD",0,0,0,0,0,0,0,0,0,0,0,0,0,0,789,"202410011509"
"17","LEG",0,0,0,0,0,0,0,0,0,0,0,0,0,0,789,"202410011509"
"18","WID",0,0,0,0,0,0,0,0,0,0,0,0,0,0,789,"202410011509"
"SUMA","EMPTY",0,0,0,0,0,0,0,0,0,0,0,0,0,0,789,"202410011509"
"2023/24 - wiosna","EMPTY",0,0,0,0,0,0,0,0,0,0,0,0,0,0,789,"202410011509"
"2023/24 - jesień","EMPTY",0,0,0,0,0,0,0,0,0,0,0,0,0,0,789,"202410011509"
"2022/23 - wiosna","EMPTY",0,0,0,0,0,0,0,0,0,0,0,0,0,0,789,"202410011509"
"2022/23 - jesień","EMPTY",0,0,0,0,0,0,0,0,0,0,0,0,0,0,789,"202410011509"
"2021/22 - wiosna","EMPTY",0,0,0,0,0,0,0,0,0,0,0,0,0,0,789,"202410011509"
"2021/22 - jesień","EMPTY",0,0,0,0,0,0,0,0,0,0,0,0,0,0,789,"202410011509"
"2020/21 - wiosna","EMPTY",0,0,0,0,0,0,0,0,0,0,0,0,0,0,789,"202410011509"
"2020/21 - jesień","EMPTY",0,0,0,0,0,0,0,0,0,0,0,0,0,0,789,"202410011509"
"2019/20 - jesień","EMPTY",0,0,0,0,0,0,0,0,0,0,0,0,0,0,789,"202410011509"
"2018/19 - wiosna","EMPTY",0,0,0,0,0,0,0,0,0,0,0,0,0,0,789,"202410011509"
"2018/19 - jesień","EMPTY",0,0,0,0,0,0,0,0,0,0,0,0,0,0,789,"202410011509"
"2017/18 - wiosna","EMPTY",0,0,0,0,0,0,0,0,0,0,0,0,0,0,789,"202410011509"
"2017/18 - jesień","EMPTY",0,0,0,0,0,0,0,0,0,0,0,0,0,0,789,"202410011509"
"1","CRA",0,0,0,0,0,0,0,0,0,0,0,0,0,0,2070,"202410011509"
"2","ŚLA",0,0,0,0,0,0,0,0,0,0,0,0,0,0,2070,"202410011509"
"3","LEG",0,0,0,0,0,0,0,0,0,0,0,0,0,0,2070,"202410011509"
"4","GKS",0,0,0,0,0,0,0,0,0,0,0,0,0,0,2070,"202410011509"
"5","STM",0,0,0,0,0,0,0,0,0,0,0,0,0,0,2070,"202410011509"
"6","ZAG",0,0,0,0,0,0,0,0,0,0,0,0,0,0,2070,"202410011509"
"7","RCZ",0,0,0,0,0,0,0,0,0,0,0,0,0,0,2070,"202410011509"
"8","PUN",0,0,0,0,0,0,0,0,0,0,0,0,0,0,2070,"202410011509"
"9","WID",0,0,0,0,0,0,0,0,0,0,0,0,0,0,2070,"202410011509"
"10","JAG",0,0,0,0,0,0,0,0,0,0,0,0,0,0,2070,"202410011509"
"11","POG",0,0,0,0,0,0,0,0,0,0,0,0,0,0,2070,"202410011509"
"12","KOR",0,0,0,0,0,0,0,0,0,0,0,0,0,0,2070,"202410011509"
"13","LGD",0,0,0,0,0,0,0,0,0,0,0,0,0,0,2070,"202410011509"
"14","RAD",0,0,0,0,0,0,0,0,0,0,0,0,0,0,2070,"202410011509"
"15","MOT",0,0,0,0,0,0,0,0,0,0,0,0,0,0,2070,"202410011509"
"16","GÓR",0,0,0,0,0,0,0,0,0,0,0,0,0,0,2070,"202410011509"
"17","LPO",0,0,0,0,0,0,0,0,0,0,0,0,0,0,2070,"202410011509"
"18","CRA",0,0,0,0,0,0,0,0,0,0,0,0,0,0,2070,"202410011509"
"SUMA","EMPTY",0,0,0,0,0,0,0,0,0,0,0,0,0,0,2070,"202410011509"
"2023/24 - wiosna","EMPTY",0,0,0,0,0,0,0,0,0,0,0,0,0,0,2070,"202410011509"
"2023/24 - jesień","EMPTY",0,0,0,0,0,0,0,0,0,0,0,0,0,0,2070,"202410011509"
"2022/23 - wiosna","EMPTY",0,0,0,0,0,0,0,0,0,0,0,0,0,0,2070,"202410011509"
"1","WID",0,0,0,0,0,0,0,0,0,0,0,0,0,0,2328,"202410011509"
"2","GKS",0,0,0,0,0,0,0,0,0,0,0,0,0,0,2328,"202410011509"
"3","JAG",0,0,0,0,0,0,0,0,0,0,0,0,0,0,2328,"202410011509"
"4","POG",0,0,0,0,0,0,0,0,0,0,0,0,0,0,2328,"202410011509"
"5","PIA",0,0,0,0,0,0,0,0,0,0,0,0,0,0,2328,"202410011509"
"6","KOR",0,0,0,0,0,0,0,0,0,0,0,0,0,0,2328,"202410011509"
"7","LPO",0,0,0,0,0,0,0,0,0,0,0,0,0,0,2328,"202410011509"
"8","ŚLA",0,0,0,0,0,0,0,0,0,0,0,0,0,0,2328,"202410011509"
"9","MOT",0,0,0,0,0,0,0,0,0,0,0,0,0,0,2328,"202410011509"
"10","CRA",0,0,0,0,0,0,0,0,0,0,0,0,0,0,2328,"202410011509"
"11","LGD",0,0,0,0,0,0,0,0,0,0,0,0,0,0,2328,"202410011509"
"12","GÓR",0,0,0,0,0,0,0,0,0,0,0,0,0,0,2328,"202410011509"
"13","ZAG",0,0,0,0,0,0,0,0,0,0,0,0,0,0,2328,"202410011509"
"14","RCZ",0,0,0,0,0,0,0,0,0,0,0,0,0,0,2328,"202410011509"
"15","PUN",0,0,0,0,0,0,0,0,0,0,0,0,0,0,2328,"202410011509"
"16","RAD",0,0,0,0,0,0,0,0,0,0,0,0,0,0,2328,"202410011509"
"17","LEG",0,0,0,0,0,0,0,0,0,0,0,0,0,0,2328,"202410011509"
"18","WID",0,0,0,0,0,0,0,0,0,0,0,0,0,0,2328,"202410011509"
"SUMA","EMPTY",0,0,0,0,0,0,0,0,0,0,0,0,0,0,2328,"202410011509"
"2023/24 - wiosna","EMPTY",0,0,0,0,0,0,0,0,0,0,0,0,0,0,2328,"202410011509"
"1","PUN",0,0,0,0,0,0,0,0,0,0,0,0,0,0,1561,"202410011509"
"2","RAD",0,0,0,0,0,0,0,0,0,0,0,0,0,0,1561,"202410011509"
"3","STM",0,0,0,0,0,0,0,0,0,0,0,0,0,0,1561,"202410011509"
"5","CRA",0,0,0,0,0,0,0,0,0,0,0,0,0,0,1561,"202410011509"
"6","GKS",0,0,0,0,0,0,0,0,0,0,0,0,0,0,1561,"202410011509"
"7","WID",0,0,0,0,0,0,0,0,0,0,0,0,0,0,1561,"202410011509"
"8","LPO",0,0,0,0,0,0,0,0,0,0,0,0,0,0,1561,"202410011509"
"9","MOT",0,0,0,0,0,0,0,0,0,0,0,0,0,0,1561,"202410011509"
"9","LGD",0,0,0,0,0,0,0,0,0,0,0,0,0,0,1561,"202410011509"
"10","PIA",0,0,0,0,0,0,0,0,0,0,0,0,0,0,1561,"202410011509"
"11","LEG",0,0,0,0,0,0,0,0,0,0,0,0,0,0,1561,"202410011509"
"12","ZAG",0,0,0,0,0,0,0,0,0,0,0,0,0,0,1561,"202410011509"
"13","KOR",0,0,0,0,0,0,0,0,0,0,0,0,0,0,1561,"202410011509"
"14","GÓR",0,0,0,0,0,0,0,0,0,0,0,0,0,0,1561,"202410011509"
"15","RCZ",0,0,0,0,0,0,0,0,0,0,0,0,0,0,1561,"202410011509"
"16","ŚLA",0,0,0,0,0,0,0,0,0,0,0,0,0,0,1561,"202410011509"
"17","POG",0,0,0,0,0,0,0,0,0,0,0,0,0,0,1561,"202410011509"
"18","PUN",0,0,0,0,0,0,0,0,0,0,0,0,0,0,1561,"202410011509"
"SUMA","EMPTY",0,0,0,0,0,0,0,0,0,0,0,0,0,0,1561,"202410011509"
"2023/24 - wiosna","EMPTY",0,0,0,0,0,0,0,0,0,0,0,0,0,0,1561,"202410011509"
"2023/24 - jesień","EMPTY",0,0,0,0,0,0,0,0,0,0,0,0,0,0,1561,"202410011509"
"2022/23 - wiosna","EMPTY",0,0,0,0,0,0,0,0,0,0,0,0,0,0,1561,"202410011509"
"2022/23 - jesień","EMPTY",0,0,0,0,0,0,0,0,0,0,0,0,0,0,1561,"202410011509"
"2021/22 - wiosna","EMPTY",0,0,0,0,0,0,0,0,0,0,0,0,0,0,1561,"202410011509"
"2021/22 - jesień","EMPTY",0,0,0,0,0,0,0,0,0,0,0,0,0,0,1561,"202410011509"
"2020/21 - wiosna","EMPTY",0,0,0,0,0,0,0,0,0,0,0,0,0,0,1561,"202410011509"
"2020/21 - jesień","EMPTY",172,0,0,0,0,0,0,0,0,0,0,0,0,3,1561,"202410011509"
"1","KOR",0,0,0,0,0,0,0,0,0,0,0,0,0,0,2074,"202410011509"
"2","ZAG",0,0,0,0,0,0,0,0,0,0,0,0,0,0,2074,"202410011509"
"3","GÓR",0,0,0,0,0,0,0,0,0,0,0,0,0,0,2074,"202410011509"
"4","STM",0,0,0,0,0,0,0,0,0,0,0,0,0,0,2074,"202410011509"
"5","WID",0,0,0,0,0,0,0,0,0,0,0,0,0,0,2074,"202410011509"
"6","LPO",0,0,0,0,0,0,0,0,0,0,0,0,0,0,2074,"202410011509"
"7","ŚLA",0,0,0,0,0,0,0,0,0,0,0,0,0,0,2074,"202410011509"
"8","CRA",0,0,0,0,0,0,0,0,0,0,0,0,0,0,2074,"202410011509"
"9","LEG",0,0,0,0,0,0,0,0,0,0,0,0,0,0,2074,"202410011509"
"10","GKS",0,0,0,0,0,0,0,0,0,0,0,0,0,0,2074,"202410011509"
"11","PIA",0,0,0,0,0,0,0,0,0,0,0,0,0,0,2074,"202410011509"
"12","RCZ",0,0,0,0,0,0,0,0,0,0,0,0,0,0,2074,"202410011509"
"13","PUN",0,0,0,0,0,0,0,0,0,0,0,0,0,0,2074,"202410011509"
"14","MOT",0,0,0,0,0,0,0,0,0,0,0,0,0,0,2074,"202410011509"
"15","RAD",0,0,0,0,0,0,0,0,0,0,0,0,0,0,2074,"202410011509"
"16","LGD",0,0,0,0,0,0,0,0,0,0,0,0,0,0,2074,"202410011509"
"17","JAG",0,0,0,0,0,0,0,0,0,0,0,0,0,0,2074,"202410011509"
"18","KOR",0,0,0,0,0,0,0,0,0,0,0,0,0,0,2074,"202410011509"
"SUMA","EMPTY",0,0,0,0,0,0,0,0,0,0,0,0,0,0,2074,"202410011509"
"2023/24 - wiosna","EMPTY",0,0,0,0,0,0,0,0,0,0,0,0,0,0,2074,"202410011509"
"2023/24 - jesień","EMPTY",0,0,0,0,0,0,0,0,0,0,0,0,0,0,2074,"202410011509"
"2022/23 - wiosna","EMPTY",0,0,0,0,0,0,0,0,0,0,0,0,0,0,2074,"202410011509"
"1","LGD",0,0,0,0,0,0,0,0,0,0,0,0,0,0,2332,"202410011509"
"2","PIA",0,0,0,0,0,0,0,0,0,0,0,0,0,0,2332,"202410011509"
"4","WID",0,0,0,0,0,0,0,0,0,0,0,0,0,0,2332,"202410011509"
"5","KOR",0,0,0,0,0,0,0,0,0,0,0,0,0,0,2332,"202410011509"
"6","LEG",0,0,0,0,0,0,0,0,0,0,0,0,0,0,2332,"202410011509"
"7","POG",0,0,0,0,0,0,0,0,0,0,0,0,0,0,2332,"202410011509"
"8","STM",0,0,0,0,0,0,0,0,0,0,0,0,0,0,2332,"202410011509"
"9","LPO",0,0,0,0,0,0,0,0,0,0,0,0,0,0,2332,"202410011509"
"10","MOT",0,0,0,0,0,0,0,0,0,0,0,0,0,0,2332,"202410011509"
"11","CRA",0,0,0,0,0,0,0,0,0,0,0,0,0,0,2332,"202410011509"
"12","GKS",0,0,0,0,0,0,0,0,0,0,0,0,0,0,2332,"202410011509"
"13","RCZ",0,0,0,0,0,0,0,0,0,0,0,0,0,0,2332,"202410011509"
"14","ZAG",0,0,0,0,0,0,0,0,0,0,0,0,0,0,2332,"202410011509"
"15","GÓR",0,0,0,0,0,0,0,0,0,0,0,0,0,0,2332,"202410011509"
"16","JAG",0,0,0,0,0,0,0,0,0,0,0,0,0,0,2332,"202410011509"
"17","PUN",0,0,0,0,0,0,0,0,0,0,0,0,0,0,2332,"202410011509"
"18","RAD",0,0,0,0,0,0,0,0,0,0,0,0,0,0,2332,"202410011509"
"18","LGD",0,0,0,0,0,0,0,0,0,0,0,0,0,0,2332,"202410011509"
"SUMA","EMPTY",0,0,0,0,0,0,0,0,0,0,0,0,0,0,2332,"202410011509"
"2023/24 - wiosna","EMPTY",0,0,0,0,0,0,0,0,0,0,0,0,0,0,2332,"202410011509"
"1","LEG",0,0,0,0,0,0,0,0,0,0,0,0,0,0,1822,"202410011509"
"2","POG",0,0,0,0,0,0,0,0,0,0,0,0,0,0,1822,"202410011509"
"3","PUN",0,0,0,0,0,0,0,0,0,0,0,0,0,0,1822,"202410011509"
"4","LGD",0,0,0,0,0,0,0,0,0,0,0,0,0,0,1822,"202410011509"
"5","LPO",0,0,0,0,0,0,0,0,0,0,0,0,0,0,1822,"202410011509"
"6","PIA",0,0,0,0,0,0,0,0,0,0,0,0,0,0,1822,"202410011509"
"7","GKS",0,0,0,0,0,0,0,0,0,0,0,0,0,0,1822,"202410011509"
"8","KOR",0,0,0,0,0,0,0,0,0,0,0,0,0,0,1822,"202410011509"
"9","RCZ",0,0,0,0,0,0,0,0,0,0,0,0,0,0,1822,"202410011509"
"10","RAD",0,0,0,0,0,0,0,0,0,0,0,0,0,0,1822,"202410011509"
"11","GÓR",0,0,0,0,0,0,0,0,0,0,0,0,0,0,1822,"202410011509"
"12","JAG",0,0,0,0,0,0,0,0,0,0,0,0,0,0,1822,"202410011509"
"13","STM",0,0,0,0,0,0,0,0,0,0,0,0,0,0,1822,"202410011509"
"14","ŚLA",0,0,0,0,0,0,0,0,0,0,0,0,0,0,1822,"202410011509"
"15","WID",0,0,0,0,0,0,0,0,0,0,0,0,0,0,1822,"202410011509"
"16","MOT",0,0,0,0,0,0,0,0,0,0,0,0,0,0,1822,"202410011509"
"17","CRA",0,0,0,0,0,0,0,0,0,0,0,0,0,0,1822,"202410011509"
"18","LEG",0,0,0,0,0,0,0,0,0,0,0,0,0,0,1822,"202410011509"
"SUMA","EMPTY",0,0,0,0,0,0,0,0,0,0,0,0,0,0,1822,"202410011509"
"2023/24 - wiosna","EMPTY",0,0,0,0,0,0,0,0,0,0,0,0,0,0,1822,"202410011509"
"2023/24 - jesień","EMPTY",0,0,0,0,0,0,0,0,0,0,0,0,0,0,1822,"202410011509"
"2022/23 - wiosna","EMPTY",0,0,0,0,0,0,0,0,0,0,0,0,0,0,1822,"202410011509"
"2022/23 - jesień","EMPTY",0,0,0,0,0,0,0,0,0,0,0,0,0,0,1822,"202410011509"
"2021/22 - wiosna","EMPTY",0,0,0,0,0,0,0,0,0,0,0,0,0,0,1822,"202410011509"
"2021/22 - jesień","EMPTY",0,0,0,0,0,0,0,0,0,0,0,0,0,0,1822,"202410011509"
"1","STM",0,0,0,0,0,0,0,0,0,0,0,0,0,0,2334,"202410011509"
"2","LPO",0,0,0,0,0,0,0,0,0,0,0,0,0,0,2334,"202410011509"
"3","CRA",0,0,0,0,0,0,0,0,0,0,0,0,0,0,2334,"202410011509"
"4","ŚLA",0,0,0,0,0,0,0,0,0,0,0,0,0,0,2334,"202410011509"
"5","POG",0,0,0,0,0,0,0,0,0,0,0,0,0,0,2334,"202410011509"
"6","RAD",0,0,0,0,0,0,0,0,0,0,0,0,0,0,2334,"202410011509"
"7","JAG",0,0,0,0,0,0,0,0,0,0,0,0,0,0,2334,"202410011509"
"8","GKS",0,0,0,0,0,0,0,0,0,0,0,0,0,0,2334,"202410011509"
"9","PIA",0,0,0,0,0,0,0,0,0,0,0,0,0,0,2334,"202410011509"
"10","LGD",0,0,0,0,0,0,0,0,0,0,0,0,0,0,2334,"202410011509"
"11","KOR",0,0,0,0,0,0,0,0,0,0,0,0,0,0,2334,"202410011509"
"12","MOT",0,0,0,0,0,0,0,0,0,0,0,0,0,0,2334,"202410011509"
"13","GÓR",0,0,0,0,0,0,0,0,0,0,0,0,0,0,2334,"202410011509"
"14","LEG",0,0,0,0,0,0,0,0,0,0,0,0,0,0,2334,"202410011509"
"15","ZAG",0,0,0,0,0,0,0,0,0,0,0,0,0,0,2334,"202410011509"
"16","PUN",0,0,0,0,0,0,0,0,0,0,0,0,0,0,2334,"202410011509"
"17","RCZ",0,0,0,0,0,0,0,0,0,0,0,0,0,0,2334,"202410011509"
"18","STM",0,0,0,0,0,0,0,0,0,0,0,0,0,0,2334,"202410011509"
"SUMA","EMPTY",0,0,0,0,0,0,0,0,0,0,0,0,0,0,2334,"202410011509"
"2023/24 - wiosna","EMPTY",346,1,0,0,0,0,0,0,0,0,0,1,0,23,2334,"202410011509"
"1","PIA",0,0,0,0,0,0,0,0,0,0,0,0,0,0,1569,"202410011509"
"2","RCZ",0,0,0,0,0,0,0,0,0,0,0,0,0,0,1569,"202410011509"
"3","WID",0,0,0,0,0,0,0,0,0,0,0,0,0,0,1569,"202410011509"
"4","KOR",0,0,0,0,0,0,0,0,0,0,0,0,0,0,1569,"202410011509"
"5","JAG",0,0,0,0,0,0,0,0,0,0,0,0,0,0,1569,"202410011509"
"6","GÓR",0,0,0,0,0,0,0,0,0,0,0,0,0,0,1569,"202410011509"
"7","RAD",0,0,0,0,0,0,0,0,0,0,0,0,0,0,1569,"202410011509"
"8","POG",0,0,0,0,0,0,0,0,0,0,0,0,0,0,1569,"202410011509"
"9","PUN",0,0,0,0,0,0,0,0,0,0,0,0,0,0,1569,"202410011509"
"10","STM",0,0,0,0,0,0,0,0,0,0,0,0,0,0,1569,"202410011509"
"11","ŚLA",0,0,0,0,0,0,0,0,0,0,0,0,0,0,1569,"202410011509"
"12","LPO",0,0,0,0,0,0,0,0,0,0,0,0,0,0,1569,"202410011509"
"13","MOT",0,0,0,0,0,0,0,0,0,0,0,0,0,0,1569,"202410011509"
"14","LGD",0,0,0,0,0,0,0,0,0,0,0,0,0,0,1569,"202410011509"
"15","GKS",0,0,0,0,0,0,0,0,0,0,0,0,0,0,1569,"202410011509"
"16","LEG",0,0,0,0,0,0,0,0,0,0,0,0,0,0,1569,"202410011509"
"17","ZAG",0,0,0,0,0,0,0,0,0,0,0,0,0,0,1569,"202410011509"
"18","PIA",0,0,0,0,0,0,0,0,0,0,0,0,0,0,1569,"202410011509"
"SUMA","EMPTY",0,0,0,0,0,0,0,0,0,0,0,0,0,0,1569,"202410011509"
"2023/24 - wiosna","EMPTY",0,0,0,0,0,0,0,0,0,0,0,0,0,0,1569,"202410011509"
"2023/24 - jesień","EMPTY",0,0,0,0,0,0,0,0,0,0,0,0,0,0,1569,"202410011509"
"2022/23 - wiosna","EMPTY",0,0,0,0,0,0,0,0,0,0,0,0,0,0,1569,"202410011509"
"2022/23 - jesień","EMPTY",0,0,0,0,0,0,0,0,0,0,0,0,0,0,1569,"202410011509"
"2021/22 - wiosna","EMPTY",0,0,0,0,0,0,0,0,0,0,0,0,0,0,1569,"202410011509"
"2021/22 - jesień","EMPTY",0,0,0,0,0,0,0,0,0,0,0,0,0,0,1569,"202410011509"
"2020/21 - wiosna","EMPTY",0,0,0,0,0,0,0,0,0,0,0,0,0,0,1569,"202410011509"
"1","PUN",0,0,0,0,0,0,0,0,0,0,0,0,0,0,1316,"202410011509"
"2","RAD",0,0,0,0,0,0,0,0,0,0,0,0,0,0,1316,"202410011509"
"3","STM",0,0,0,0,0,0,0,0,0,0,0,0,0,0,1316,"202410011509"
"5","CRA",0,0,0,0,0,0,0,0,0,0,0,0,0,0,1316,"202410011509"
"6","GKS",0,0,0,0,0,0,0,0,0,0,0,0,0,0,1316,"202410011509"
"7","WID",0,0,0,0,0,0,0,0,0,0,0,0,0,0,1316,"202410011509"
"8","LPO",0,0,0,0,0,0,0,0,0,0,0,0,0,0,1316,"202410011509"
"9","MOT",0,0,0,0,0,0,0,0,0,0,0,0,0,0,1316,"202410011509"
"9","LGD",0,0,0,0,0,0,0,0,0,0,0,0,0,0,1316,"202410011509"
"10","PIA",0,0,0,0,0,0,0,0,0,0,0,0,0,0,1316,"202410011509"
"11","LEG",0,0,0,0,0,0,0,0,0,0,0,0,0,0,1316,"202410011509"
"12","ZAG",0,0,0,0,0,0,0,0,0,0,0,0,0,0,1316,"202410011509"
"13","KOR",0,0,0,0,0,0,0,0,0,0,0,0,0,0,1316,"202410011509"
"14","GÓR",0,0,0,0,0,0,0,0,0,0,0,0,0,0,1316,"202410011509"
"15","RCZ",0,0,0,0,0,0,0,0,0,0,0,0,0,0,1316,"202410011509"
"16","ŚLA",0,0,0,0,0,0,0,0,0,0,0,0,0,0,1316,"202410011509"
"17","POG",0,0,0,0,0,0,0,0,0,0,0,0,0,0,1316,"202410011509"
"18","PUN",0,0,0,0,0,0,0,0,0,0,0,0,0,0,1316,"202410011509"
"SUMA","EMPTY",0,0,0,0,0,0,0,0,0,0,0,0,0,0,1316,"202410011509"
"2023/24 - wiosna","EMPTY",0,0,0,0,0,0,0,0,0,0,0,0,0,0,1316,"202410011509"
"2023/24 - jesień","EMPTY",0,0,0,0,0,0,0,0,0,0,0,0,0,0,1316,"202410011509"
"2022/23 - wiosna","EMPTY",0,0,0,0,0,0,0,0,0,0,0,0,0,0,1316,"202410011509"
"2022/23 - jesień","EMPTY",0,0,0,0,0,0,0,0,0,0,0,0,0,0,1316,"202410011509"
"2021/22 - wiosna","EMPTY",0,0,0,0,0,0,0,0,0,0,0,0,0,0,1316,"202410011509"
"2021/22 - jesień","EMPTY",0,0,0,0,0,0,0,0,0,0,0,0,0,0,1316,"202410011509"
"2020/21 - wiosna","EMPTY",0,0,0,0,0,0,0,0,0,0,0,0,0,0,1316,"202410011509"
"2020/21 - jesień","EMPTY",0,0,0,0,0,0,0,0,0,0,0,0,0,0,1316,"202410011509"
"2019/20 - jesień","EMPTY",4,0,0,0,0,0,0,0,0,0,0,0,0,4,1316,"202410011509"
"1","POG",0,0,0,0,0,0,0,0,0,0,0,0,0,0,2085,"202410011509"
"2","LEG",0,0,0,0,0,0,0,0,0,0,0,0,0,0,2085,"202410011509"
"3","MOT",0,0,0,0,0,0,0,0,0,0,0,0,0,0,2085,"202410011509"
"4","CRA",0,0,0,0,0,0,0,0,0,0,0,0,0,0,2085,"202410011509"
"5","ŚLA",0,0,0,0,0,0,0,0,0,0,0,0,0,0,2085,"202410011509"
"6","STM",0,0,0,0,0,0,0,0,0,0,0,0,0,0,2085,"202410011509"
"7","PUN",0,0,0,0,0,0,0,0,0,0,0,0,0,0,2085,"202410011509"
"8","ZAG",0,0,0,0,0,0,0,0,0,0,0,0,0,0,2085,"202410011509"
"9","RAD",0,0,0,0,0,0,0,0,0,0,0,0,0,0,2085,"202410011509"
"10","LPO",0,0,0,0,0,0,0,0,0,0,0,0,0,0,2085,"202410011509"
"11","WID",0,0,0,0,0,0,0,0,0,0,0,0,0,0,2085,"202410011509"
"12","PIA",0,0,0,0,0,0,0,0,0,0,0,0,0,0,2085,"202410011509"
"13","JAG",0,0,0,0,0,0,0,0,0,0,0,0,0,0,2085,"202410011509"
"14","GKS",0,0,0,0,0,0,0,0,0,0,0,0,0,0,2085,"202410011509"
"15","LGD",0,0,0,0,0,0,0,0,0,0,0,0,0,0,2085,"202410011509"
"16","RCZ",0,0,0,0,0,0,0,0,0,0,0,0,0,0,2085,"202410011509"
"17","GÓR",0,0,0,0,0,0,0,0,0,0,0,0,0,0,2085,"202410011509"
"18","POG",0,0,0,0,0,0,0,0,0,0,0,0,0,0,2085,"202410011509"
"SUMA","EMPTY",0,0,0,0,0,0,0,0,0,0,0,0,0,0,2085,"202410011509"
"2023/24 - wiosna","EMPTY",265,0,0,0,0,0,0,0,0,0,0,2,0,7,2085,"202410011509"
"2023/24 - jesień","EMPTY",1368,0,2,0,0,0,0,0,0,0,0,3,0,42,2085,"202410011509"
"2022/23 - wiosna","EMPTY",598,1,0,0,0,0,0,0,0,0,0,3,0,37,2085,"202410011509"
"1","PUN",0,0,0,0,0,0,0,0,0,0,0,0,0,0,1830,"202410011509"
"2","RAD",0,0,0,0,0,0,0,0,0,0,0,0,0,0,1830,"202410011509"
"3","STM",0,0,0,0,0,0,0,0,0,0,0,0,0,0,1830,"202410011509"
"5","CRA",0,0,0,0,0,0,0,0,0,0,0,0,0,0,1830,"202410011509"
"6","GKS",0,0,0,0,0,0,0,0,0,0,0,0,0,0,1830,"202410011509"
"7","WID",0,0,0,0,0,0,0,0,0,0,0,0,0,0,1830,"202410011509"
"8","LPO",0,0,0,0,0,0,0,0,0,0,0,0,0,0,1830,"202410011509"
"9","MOT",0,0,0,0,0,0,0,0,0,0,0,0,0,0,1830,"202410011509"
"9","LGD",0,0,0,0,0,0,0,0,0,0,0,0,0,0,1830,"202410011509"
"10","PIA",0,0,0,0,0,0,0,0,0,0,0,0,0,0,1830,"202410011509"
"11","LEG",0,0,0,0,0,0,0,0,0,0,0,0,0,0,1830,"202410011509"
"12","ZAG",0,0,0,0,0,0,0,0,0,0,0,0,0,0,1830,"202410011509"
"13","KOR",0,0,0,0,0,0,0,0,0,0,0,0,0,0,1830,"202410011509"
"14","GÓR",0,0,0,0,0,0,0,0,0,0,0,0,0,0,1830,"202410011509"
"15","RCZ",0,0,0,0,0,0,0,0,0,0,0,0,0,0,1830,"202410011509"
"16","ŚLA",0,0,0,0,0,0,0,0,0,0,0,0,0,0,1830,"202410011509"
"17","POG",0,0,0,0,0,0,0,0,0,0,0,0,0,0,1830,"202410011509"
"18","PUN",0,0,0,0,0,0,0,0,0,0,0,0,0,0,1830,"202410011509"
"SUMA","EMPTY",0,0,0,0,0,0,0,0,0,0,0,0,0,0,1830,"202410011509"
"2023/24 - wiosna","EMPTY",0,0,0,0,0,0,0,0,0,0,0,0,0,0,1830,"202410011509"
"2023/24 - jesień","EMPTY",0,0,0,0,0,0,0,0,0,0,0,0,0,0,1830,"202410011509"
"2022/23 - wiosna","EMPTY",0,0,0,0,0,0,0,0,0,0,0,0,0,0,1830,"202410011509"
"2022/23 - jesień","EMPTY",0,0,0,0,0,0,0,0,0,0,0,0,0,0,1830,"202410011509"
"2021/22 - wiosna","EMPTY",0,0,0,0,0,0,0,0,0,0,0,0,0,0,1830,"202410011509"
"1","ZAG",0,0,0,0,0,0,0,0,0,0,0,0,0,0,2344,"202410011509"
"2","KOR",0,0,0,0,0,0,0,0,0,0,0,0,0,0,2344,"202410011509"
"3","PIA",0,0,0,0,0,0,0,0,0,0,0,0,0,0,2344,"202410011509"
"4","PUN",0,0,0,0,0,0,0,0,0,0,0,0,0,0,2344,"202410011509"
"5","RAD",0,0,0,0,0,0,0,0,0,0,0,0,0,0,2344,"202410011509"
"6","ŚLA",0,0,0,0,0,0,0,0,0,0,0,0,0,0,2344,"202410011509"
"7","MOT",0,0,0,0,0,0,0,0,0,0,0,0,0,0,2344,"202410011509"
"8","RCZ",0,0,0,0,0,0,0,0,0,0,0,0,0,0,2344,"202410011509"
"9","POG",0,0,0,0,0,0,0,0,0,0,0,0,0,0,2344,"202410011509"
"10","GÓR",0,0,0,0,0,0,0,0,0,0,0,0,0,0,2344,"202410011509"
"11","JAG",0,0,0,0,0,0,0,0,0,0,0,0,0,0,2344,"202410011509"
"12","LGD",0,0,0,0,0,0,0,0,0,0,0,0,0,0,2344,"202410011509"
"13","GKS",0,0,0,0,0,0,0,0,0,0,0,0,0,0,2344,"202410011509"
"14","WID",0,0,0,0,0,0,0,0,0,0,0,0,0,0,2344,"202410011509"
"15","LPO",0,0,0,0,0,0,0,0,0,0,0,0,0,0,2344,"202410011509"
"16","CRA",0,0,0,0,0,0,0,0,0,0,0,0,0,0,2344,"202410011509"
"17","STM",0,0,0,0,0,0,0,0,0,0,0,0,0,0,2344,"202410011509"
"18","ZAG",0,0,0,0,0,0,0,0,0,0,0,0,0,0,2344,"202410011509"
"SUMA","EMPTY",0,0,0,0,0,0,0,0,0,0,0,0,0,0,2344,"202410011509"
"2023/24 - wiosna","EMPTY",0,0,0,0,0,0,0,0,0,0,0,0,0,0,2344,"202410011509"
"1","ZAG",0,0,0,0,0,0,0,0,0,0,0,0,0,0,2346,"202410011509"
"2","KOR",0,0,0,0,0,0,0,0,0,0,0,0,0,0,2346,"202410011509"
"3","PIA",0,0,0,0,0,0,0,0,0,0,0,0,0,0,2346,"202410011509"
"4","PUN",0,0,0,0,0,0,0,0,0,0,0,0,0,0,2346,"202410011509"
"5","RAD",0,0,0,0,0,0,0,0,0,0,0,0,0,0,2346,"202410011509"
"6","ŚLA",0,0,0,0,0,0,0,0,0,0,0,0,0,0,2346,"202410011509"
"7","MOT",0,0,0,0,0,0,0,0,0,0,0,0,0,0,2346,"202410011509"
"8","RCZ",0,0,0,0,0,0,0,0,0,0,0,0,0,0,2346,"202410011509"
"9","POG",0,0,0,0,0,0,0,0,0,0,0,0,0,0,2346,"202410011509"
"10","GÓR",0,0,0,0,0,0,0,0,0,0,0,0,0,0,2346,"202410011509"
"11","JAG",0,0,0,0,0,0,0,0,0,0,0,0,0,0,2346,"202410011509"
"12","LGD",0,0,0,0,0,0,0,0,0,0,0,0,0,0,2346,"202410011509"
"13","GKS",0,0,0,0,0,0,0,0,0,0,0,0,0,0,2346,"202410011509"
"14","WID",0,0,0,0,0,0,0,0,0,0,0,0,0,0,2346,"202410011509"
"15","LPO",0,0,0,0,0,0,0,0,0,0,0,0,0,0,2346,"202410011509"
"16","CRA",0,0,0,0,0,0,0,0,0,0,0,0,0,0,2346,"202410011509"
"17","STM",0,0,0,0,0,0,0,0,0,0,0,0,0,0,2346,"202410011509"
"18","ZAG",0,0,0,0,0,0,0,0,0,0,0,0,0,0,2346,"202410011509"
"SUMA","EMPTY",0,0,0,0,0,0,0,0,0,0,0,0,0,0,2346,"202410011509"
"2023/24 - wiosna","EMPTY",0,0,0,0,0,0,0,0,0,0,0,0,0,0,2346,"202410011509"
"1","KOR",0,0,0,0,0,0,0,0,0,0,0,0,0,0,2347,"202410011509"
"2","ZAG",0,0,0,0,0,0,0,0,0,0,0,0,0,0,2347,"202410011509"
"3","GÓR",0,0,0,0,0,0,0,0,0,0,0,0,0,0,2347,"202410011509"
"4","STM",0,0,0,0,0,0,0,0,0,0,0,0,0,0,2347,"202410011509"
"5","WID",0,0,0,0,0,0,0,0,0,0,0,0,0,0,2347,"202410011509"
"6","LPO",0,0,0,0,0,0,0,0,0,0,0,0,0,0,2347,"202410011509"
"7","ŚLA",0,0,0,0,0,0,0,0,0,0,0,0,0,0,2347,"202410011509"
"8","CRA",0,0,0,0,0,0,0,0,0,0,0,0,0,0,2347,"202410011509"
"9","LEG",0,0,0,0,0,0,0,0,0,0,0,0,0,0,2347,"202410011509"
"10","GKS",0,0,0,0,0,0,0,0,0,0,0,0,0,0,2347,"202410011509"
"11","PIA",0,0,0,0,0,0,0,0,0,0,0,0,0,0,2347,"202410011509"
"12","RCZ",0,0,0,0,0,0,0,0,0,0,0,0,0,0,2347,"202410011509"
"13","PUN",0,0,0,0,0,0,0,0,0,0,0,0,0,0,2347,"202410011509"
"14","MOT",0,0,0,0,0,0,0,0,0,0,0,0,0,0,2347,"202410011509"
"15","RAD",0,0,0,0,0,0,0,0,0,0,0,0,0,0,2347,"202410011509"
"16","LGD",0,0,0,0,0,0,0,0,0,0,0,0,0,0,2347,"202410011509"
"17","JAG",0,0,0,0,0,0,0,0,0,0,0,0,0,0,2347,"202410011509"
"18","KOR",0,0,0,0,0,0,0,0,0,0,0,0,0,0,2347,"202410011509"
"SUMA","EMPTY",0,0,0,0,0,0,0,0,0,0,0,0,0,0,2347,"202410011509"
"2023/24 - wiosna","EMPTY",0,0,0,0,0,0,0,0,0,0,0,0,0,0,2347,"202410011509"
"1","ZAG",0,0,0,0,0,0,0,0,0,0,0,0,0,0,1580,"202410011509"
"2","KOR",0,0,0,0,0,0,0,0,0,0,0,0,0,0,1580,"202410011509"
"3","PIA",0,0,0,0,0,0,0,0,0,0,0,0,0,0,1580,"202410011509"
"4","PUN",0,0,0,0,0,0,0,0,0,0,0,0,0,0,1580,"202410011509"
"5","RAD",0,0,0,0,0,0,0,0,0,0,0,0,0,0,1580,"202410011509"
"6","ŚLA",0,0,0,0,0,0,0,0,0,0,0,0,0,0,1580,"202410011509"
"7","MOT",0,0,0,0,0,0,0,0,0,0,0,0,0,0,1580,"202410011509"
"8","RCZ",0,0,0,0,0,0,0,0,0,0,0,0,0,0,1580,"202410011509"
"9","POG",0,0,0,0,0,0,0,0,0,0,0,0,0,0,1580,"202410011509"
"10","GÓR",0,0,0,0,0,0,0,0,0,0,0,0,0,0,1580,"202410011509"
"11","JAG",0,0,0,0,0,0,0,0,0,0,0,0,0,0,1580,"202410011509"
"12","LGD",0,0,0,0,0,0,0,0,0,0,0,0,0,0,1580,"202410011509"
"13","GKS",0,0,0,0,0,0,0,0,0,0,0,0,0,0,1580,"202410011509"
"14","WID",0,0,0,0,0,0,0,0,0,0,0,0,0,0,1580,"202410011509"
"15","LPO",0,0,0,0,0,0,0,0,0,0,0,0,0,0,1580,"202410011509"
"16","CRA",0,0,0,0,0,0,0,0,0,0,0,0,0,0,1580,"202410011509"
"17","STM",0,0,0,0,0,0,0,0,0,0,0,0,0,0,1580,"202410011509"
"18","ZAG",0,0,0,0,0,0,0,0,0,0,0,0,0,0,1580,"202410011509"
"SUMA","EMPTY",0,0,0,0,0,0,0,0,0,0,0,0,0,0,1580,"202410011509"
"2023/24 - wiosna","EMPTY",0,0,0,0,0,0,0,0,0,0,0,0,0,0,1580,"202410011509"
"2023/24 - jesień","EMPTY",0,0,0,0,0,0,0,0,0,0,0,0,0,0,1580,"202410011509"
"2022/23 - wiosna","EMPTY",0,0,0,0,0,0,0,0,0,0,0,0,0,0,1580,"202410011509"
"2022/23 - jesień","EMPTY",0,0,0,0,0,0,0,0,0,0,0,0,0,0,1580,"202410011509"
"2021/22 - wiosna","EMPTY",0,0,0,0,0,0,0,0,0,0,0,0,0,0,1580,"202410011509"
"2021/22 - jesień","EMPTY",0,0,0,0,0,0,0,0,0,0,0,0,0,0,1580,"202410011509"
"2020/21 - wiosna","EMPTY",0,0,0,0,0,0,0,0,0,0,0,0,0,0,1580,"202410011509"
"1","KOR",0,0,0,0,0,0,0,0,0,0,0,0,0,0,2348,"202410011509"
"2","ZAG",0,0,0,0,0,0,0,0,0,0,0,0,0,0,2348,"202410011509"
"3","GÓR",0,0,0,0,0,0,0,0,0,0,0,0,0,0,2348,"202410011509"
"4","STM",0,0,0,0,0,0,0,0,0,0,0,0,0,0,2348,"202410011509"
"5","WID",0,0,0,0,0,0,0,0,0,0,0,0,0,0,2348,"202410011509"
"6","LPO",0,0,0,0,0,0,0,0,0,0,0,0,0,0,2348,"202410011509"
"7","ŚLA",0,0,0,0,0,0,0,0,0,0,0,0,0,0,2348,"202410011509"
"8","CRA",0,0,0,0,0,0,0,0,0,0,0,0,0,0,2348,"202410011509"
"9","LEG",0,0,0,0,0,0,0,0,0,0,0,0,0,0,2348,"202410011509"
"10","GKS",0,0,0,0,0,0,0,0,0,0,0,0,0,0,2348,"202410011509"
"11","PIA",0,0,0,0,0,0,0,0,0,0,0,0,0,0,2348,"202410011509"
"12","RCZ",0,0,0,0,0,0,0,0,0,0,0,0,0,0,2348,"202410011509"
"13","PUN",0,0,0,0,0,0,0,0,0,0,0,0,0,0,2348,"202410011509"
"14","MOT",0,0,0,0,0,0,0,0,0,0,0,0,0,0,2348,"202410011509"
"15","RAD",0,0,0,0,0,0,0,0,0,0,0,0,0,0,2348,"202410011509"
"16","LGD",0,0,0,0,0,0,0,0,0,0,0,0,0,0,2348,"202410011509"
"17","JAG",0,0,0,0,0,0,0,0,0,0,0,0,0,0,2348,"202410011509"
"18","KOR",0,0,0,0,0,0,0,0,0,0,0,0,0,0,2348,"202410011509"
"SUMA","EMPTY",0,0,0,0,0,0,0,0,0,0,0,0,0,0,2348,"202410011509"
"2023/24 - wiosna","EMPTY",0,0,0,0,0,0,0,0,0,0,0,0,0,0,2348,"202410011509"
"1","MOT",0,0,0,0,0,0,0,0,0,0,0,0,0,0,558,"202410011509"
"2","CRA",0,0,0,0,0,0,0,0,0,0,0,0,0,0,558,"202410011509"
"3","GKS",0,0,0,0,0,0,0,0,0,0,0,0,0,0,558,"202410011509"
"4","LPO",0,0,0,0,0,0,0,0,0,0,0,0,0,0,558,"202410011509"
"5","GÓR",0,0,0,0,0,0,0,0,0,0,0,0,0,0,558,"202410011509"
"6","LGD",0,0,0,0,0,0,0,0,0,0,0,0,0,0,558,"202410011509"
"7","PIA",0,0,0,0,0,0,0,0,0,0,0,0,0,0,558,"202410011509"
"8","LEG",0,0,0,0,0,0,0,0,0,0,0,1,0,0,558,"202410011509"
"9","ZAG",0,0,0,0,0,0,0,0,0,0,0,0,0,0,558,"202410011509"
"10","PUN",0,0,0,0,0,0,0,0,0,0,0,0,0,0,558,"202410011509"
"11","RAD",0,0,0,0,0,0,0,0,0,0,0,0,0,0,558,"202410011509"
"12","POG",0,0,0,0,0,0,0,0,0,0,0,0,0,0,558,"202410011509"
"13","ŚLA",0,0,0,0,0,0,0,0,0,0,0,0,0,0,558,"202410011509"
"14","STM",0,0,0,0,0,0,0,0,0,0,0,0,0,0,558,"202410011509"
"15","JAG",0,0,0,0,0,0,0,0,0,0,0,0,0,0,558,"202410011509"
"16","KOR",0,0,0,0,0,0,0,0,0,0,0,0,0,0,558,"202410011509"
"17","WID",0,0,0,0,0,0,0,0,0,0,0,0,0,0,558,"202410011509"
"18","MOT",0,0,0,0,0,0,0,0,0,0,0,0,0,0,558,"202410011509"
"SUMA","EMPTY",0,0,0,0,0,0,0,0,0,0,0,1,0,0,558,"202410011509"
"2023/24 - wiosna","EMPTY",90,0,0,0,0,0,0,0,0,0,0,0,0,2,558,"202410011509"
"2022/23 - wiosna","EMPTY",1417,0,0,0,0,0,0,0,0,1,0,0,0,64,558,"202410011509"
"2022/23 - jesień","EMPTY",1260,0,0,0,2,0,0,1,0,1,0,3,0,34,558,"202410011509"
"2021/22 - wiosna","EMPTY",1293,0,0,0,0,0,0,1,0,1,0,1,0,57,558,"202410011509"
"2021/22 - jesień","EMPTY",1245,0,0,0,0,0,0,1,0,0,0,1,0,36,558,"202410011509"
"2020/21 - wiosna","EMPTY",1550,0,0,0,0,0,0,1,0,1,0,0,0,61,558,"202410011509"
"2020/21 - jesień","EMPTY",1151,0,0,0,0,0,0,0,0,0,0,2,0,37,558,"202410011509"
"2019/20 - wiosna","EMPTY",1548,0,0,0,1,0,0,0,0,0,0,0,0,42,558,"202410011509"
"2019/20 - jesień","EMPTY",1260,0,0,0,0,0,0,0,0,0,0,0,0,46,558,"202410011509"
"2018/19 - wiosna","EMPTY",1350,0,0,0,0,0,0,0,0,1,0,1,0,65,558,"202410011509"
"2018/19 - jesień","EMPTY",1170,0,0,0,0,0,0,1,0,2,0,4,0,68,558,"202410011509"
"2017/18 - wiosna","EMPTY",1350,0,0,0,0,0,0,0,0,0,0,2,0,34,558,"202410011509"
"2017/18 - jesień","EMPTY",1890,0,0,0,0,0,0,0,0,2,0,2,0,67,558,"202410011509"
"2016/17 - wiosna","EMPTY",1523,0,0,0,0,0,0,0,0,0,0,1,0,80,558,"202410011509"
"1","ŚLA",0,0,0,0,0,0,0,0,0,0,0,0,0,0,1838,"202410011509"
"2","MOT",0,0,0,0,0,0,0,0,0,0,0,0,0,0,1838,"202410011509"
"3","LPO",0,0,0,0,0,0,0,0,0,0,0,0,0,0,1838,"202410011509"
"4","ZAG",0,0,0,0,0,0,0,0,0,0,0,0,0,0,1838,"202410011509"
"5","PUN",0,0,0,0,0,0,0,0,0,0,0,0,0,0,1838,"202410011509"
"6","RCZ",0,0,0,0,0,0,0,0,0,0,0,0,0,0,1838,"202410011509"
"7","GÓR",0,0,0,0,0,0,0,0,0,0,0,0,0,0,1838,"202410011509"
"8","RAD",0,0,0,0,0,0,0,0,0,0,0,0,0,0,1838,"202410011509"
"9","JAG",0,0,0,0,0,0,0,0,0,0,0,0,0,0,1838,"202410011509"
"10","WID",0,0,0,0,0,0,0,0,0,0,0,0,0,0,1838,"202410011509"
"11","STM",0,0,0,0,0,0,0,0,0,0,0,0,0,0,1838,"202410011509"
"12","LEG",0,0,0,0,0,0,0,0,0,0,0,0,0,0,1838,"202410011509"
"13","PIA",0,0,0,0,0,0,0,0,0,0,0,0,0,0,1838,"202410011509"
"14","CRA",0,0,0,0,0,0,0,0,0,0,0,0,0,0,1838,"202410011509"
"15","KOR",0,0,0,0,0,0,0,0,0,0,0,0,0,0,1838,"202410011509"
"16","POG",0,0,0,0,0,0,0,0,0,0,0,0,0,0,1838,"202410011509"
"17","GKS",0,0,0,0,0,0,0,0,0,0,0,0,0,0,1838,"202410011509"
"18","ŚLA",0,0,0,0,0,0,0,0,0,0,0,0,0,0,1838,"202410011509"
"SUMA","EMPTY",0,0,0,0,0,0,0,0,0,0,0,0,0,0,1838,"202410011509"
"2021/22 - wiosna","EMPTY",629,3,0,0,0,1,1,0,0,0,0,1,0,33,1838,"202410011509"
"1","PIA",0,0,0,0,0,0,0,0,0,0,0,0,0,0,2096,"202410011509"
"2","RCZ",0,0,0,0,0,0,0,0,0,0,0,0,0,0,2096,"202410011509"
"3","WID",0,0,0,0,0,0,0,0,0,0,0,0,0,0,2096,"202410011509"
"4","KOR",0,0,0,0,0,0,0,0,0,0,0,0,0,0,2096,"202410011509"
"5","JAG",0,0,0,0,0,0,0,0,0,0,0,0,0,0,2096,"202410011509"
"6","GÓR",0,0,0,0,0,0,0,0,0,0,0,0,0,0,2096,"202410011509"
"7","RAD",0,0,0,0,0,0,0,0,0,0,0,0,0,0,2096,"202410011509"
"8","POG",0,0,0,0,0,0,0,0,0,0,0,0,0,0,2096,"202410011509"
"9","PUN",0,0,0,0,0,0,0,0,0,0,0,0,0,0,2096,"202410011509"
"10","STM",0,0,0,0,0,0,0,0,0,0,0,0,0,0,2096,"202410011509"
"11","ŚLA",0,0,0,0,0,0,0,0,0,0,0,0,0,0,2096,"202410011509"
"12","LPO",0,0,0,0,0,0,0,0,0,0,0,0,0,0,2096,"202410011509"
"13","MOT",0,0,0,0,0,0,0,0,0,0,0,0,0,0,2096,"202410011509"
"14","LGD",0,0,0,0,0,0,0,0,0,0,0,0,0,0,2096,"202410011509"
"15","GKS",0,0,0,0,0,0,0,0,0,0,0,0,0,0,2096,"202410011509"
"16","LEG",0,0,0,0,0,0,0,0,0,0,0,0,0,0,2096,"202410011509"
"17","ZAG",0,0,0,0,0,0,0,0,0,0,0,0,0,0,2096,"202410011509"
"18","PIA",0,0,0,0,0,0,0,0,0,0,0,0,0,0,2096,"202410011509"
"SUMA","EMPTY",0,0,0,0,0,0,0,0,0,0,0,0,0,0,2096,"202410011509"
"2023/24 - wiosna","EMPTY",0,0,0,0,0,0,0,0,0,0,0,0,0,0,2096,"202410011509"
"2023/24 - jesień","EMPTY",294,0,1,0,0,0,1,1,0,0,0,3,0,18,2096,"202410011509"
"2022/23 - wiosna","EMPTY",14,0,0,0,0,0,0,0,0,0,0,0,0,4,2096,"202410011509"
"1","PIA",0,0,0,0,0,0,0,0,0,0,0,0,0,0,2352,"202410011509"
"2","RCZ",0,0,0,0,0,0,0,0,0,0,0,0,0,0,2352,"202410011509"
"3","WID",0,0,0,0,0,0,0,0,0,0,0,0,0,0,2352,"202410011509"
"4","KOR",0,0,0,0,0,0,0,0,0,0,0,0,0,0,2352,"202410011509"
"5","JAG",0,0,0,0,0,0,0,0,0,0,0,0,0,0,2352,"202410011509"
"6","GÓR",0,0,0,0,0,0,0,0,0,0,0,0,0,0,2352,"202410011509"
"7","RAD",0,0,0,0,0,0,0,0,0,0,0,0,0,0,2352,"202410011509"
"8","POG",0,0,0,0,0,0,0,0,0,0,0,0,0,0,2352,"202410011509"
"9","PUN",0,0,0,0,0,0,0,0,0,0,0,0,0,0,2352,"202410011509"
"10","STM",0,0,0,0,0,0,0,0,0,0,0,0,0,0,2352,"202410011509"
"11","ŚLA",0,0,0,0,0,0,0,0,0,0,0,0,0,0,2352,"202410011509"
"12","LPO",0,0,0,0,0,0,0,0,0,0,0,0,0,0,2352,"202410011509"
"13","MOT",0,0,0,0,0,0,0,0,0,0,0,0,0,0,2352,"202410011509"
"14","LGD",0,0,0,0,0,0,0,0,0,0,0,0,0,0,2352,"202410011509"
"15","GKS",0,0,0,0,0,0,0,0,0,0,0,0,0,0,2352,"202410011509"
"16","LEG",0,0,0,0,0,0,0,0,0,0,0,0,0,0,2352,"202410011509"
"17","ZAG",0,0,0,0,0,0,0,0,0,0,0,0,0,0,2352,"202410011509"
"18","PIA",0,0,0,0,0,0,0,0,0,0,0,0,0,0,2352,"202410011509"
"SUMA","EMPTY",0,0,0,0,0,0,0,0,0,0,0,0,0,0,2352,"202410011509"
"2023/24 - wiosna","EMPTY",5,0,0,0,0,0,0,0,0,0,0,0,0,2,2352,"202410011509"
"1","CRA",0,0,0,0,0,0,0,0,0,0,0,0,0,0,1843,"202410011509"
"2","ŚLA",0,0,0,0,0,0,0,0,0,0,0,0,0,0,1843,"202410011509"
"3","LEG",0,0,0,0,0,0,0,0,0,0,0,0,0,0,1843,"202410011509"
"4","GKS",0,0,0,0,0,0,0,0,0,0,0,0,0,0,1843,"202410011509"
"5","STM",0,0,0,0,0,0,0,0,0,0,0,0,0,0,1843,"202410011509"
"6","ZAG",0,0,0,0,0,0,0,0,0,0,0,0,0,0,1843,"202410011509"
"7","RCZ",0,0,0,0,0,0,0,0,0,0,0,0,0,0,1843,"202410011509"
"8","PUN",0,0,0,0,0,0,0,0,0,0,0,0,0,0,1843,"202410011509"
"9","WID",0,0,0,0,0,0,0,0,0,0,0,0,0,0,1843,"202410011509"
"10","JAG",0,0,0,0,0,0,0,0,0,0,0,0,0,0,1843,"202410011509"
"11","POG",0,0,0,0,0,0,0,0,0,0,0,0,0,0,1843,"202410011509"
"12","KOR",0,0,0,0,0,0,0,0,0,0,0,0,0,0,1843,"202410011509"
"13","LGD",0,0,0,0,0,0,0,0,0,0,0,0,0,0,1843,"202410011509"
"14","RAD",0,0,0,0,0,0,0,0,0,0,0,0,0,0,1843,"202410011509"
"15","MOT",0,0,0,0,0,0,0,0,0,0,0,0,0,0,1843,"202410011509"
"16","GÓR",0,0,0,0,0,0,0,0,0,0,0,0,0,0,1843,"202410011509"
"17","LPO",0,0,0,0,0,0,0,0,0,0,0,0,0,0,1843,"202410011509"
"18","CRA",0,0,0,0,0,0,0,0,0,0,0,0,0,0,1843,"202410011509"
"SUMA","EMPTY",0,0,0,0,0,0,0,0,0,0,0,0,0,0,1843,"202410011509"
"2023/24 - wiosna","EMPTY",0,0,0,0,0,0,0,0,0,0,0,0,0,0,1843,"202410011509"
"2023/24 - jesień","EMPTY",0,0,0,0,0,0,0,0,0,0,0,0,0,0,1843,"202410011509"
"2022/23 - wiosna","EMPTY",0,0,0,0,0,0,0,0,0,0,0,0,0,0,1843,"202410011509"
"2022/23 - jesień","EMPTY",940,2,0,0,0,0,0,0,0,0,0,4,0,38,1843,"202410011509"
"2021/22 - wiosna","EMPTY",327,0,0,0,0,0,0,0,0,0,0,1,0,15,1843,"202410011509"
"1","LPO",0,0,0,0,0,0,0,0,0,0,0,0,0,0,2103,"202410011509"
"2","PUN",0,0,0,0,0,0,0,0,0,0,0,0,0,0,2103,"202410011509"
"3","POG",0,0,0,0,0,0,0,0,0,0,0,0,0,0,2103,"202410011509"
"4","RAD",0,0,0,0,0,0,0,0,0,0,0,0,0,0,2103,"202410011509"
"5","RCZ",0,0,0,0,0,0,0,0,0,0,0,0,0,0,2103,"202410011509"
"6","CRA",0,0,0,0,0,0,0,0,0,0,0,0,0,0,2103,"202410011509"
"7","LGD",0,0,0,0,0,0,0,0,0,0,0,0,0,0,2103,"202410011509"
"8","MOT",0,0,0,0,0,0,0,0,0,0,0,0,0,0,2103,"202410011509"
"9","GKS",0,0,0,0,0,0,0,0,0,0,0,0,0,0,2103,"202410011509"
"10","LEG",0,0,0,0,0,0,0,0,0,0,0,0,0,0,2103,"202410011509"
"11","ZAG",0,0,0,0,0,0,0,0,0,0,0,0,0,0,2103,"202410011509"
"12","STM",0,0,0,0,0,0,0,0,0,0,0,0,0,0,2103,"202410011509"
"13","WID",0,0,0,0,0,0,0,0,0,0,0,0,0,0,2103,"202410011509"
"14","JAG",0,0,0,0,0,0,0,0,0,0,0,0,0,0,2103,"202410011509"
"15","ŚLA",0,0,0,0,0,0,0,0,0,0,0,0,0,0,2103,"202410011509"
"16","PIA",0,0,0,0,0,0,0,0,0,0,0,0,0,0,2103,"202410011509"
"17","KOR",0,0,0,0,0,0,0,0,0,0,0,0,0,0,2103,"202410011509"
"18","LPO",0,0,0,0,0,0,0,0,0,0,0,0,0,0,2103,"202410011509"
"SUMA","EMPTY",0,0,0,0,0,0,0,0,0,0,0,0,0,0,2103,"202410011509"
"2023/24 - wiosna","EMPTY",0,0,0,0,0,0,0,0,0,0,0,0,0,0,2103,"202410011509"
"2023/24 - jesień","EMPTY",0,0,0,0,0,0,0,0,0,0,0,0,0,0,2103,"202410011509"
"2022/23 - wiosna","EMPTY",0,0,0,0,0,0,0,0,0,0,0,0,0,0,2103,"202410011509"
"1","JAG",0,0,0,0,0,0,0,0,0,0,0,0,0,0,2361,"202410011509"
"2","GÓR",0,0,0,0,0,0,0,0,0,0,0,0,0,0,2361,"202410011509"
"3","ZAG",0,0,0,0,0,0,0,0,0,0,0,0,0,0,2361,"202410011509"
"4","LEG",0,0,0,0,0,0,0,0,0,0,0,0,0,0,2361,"202410011509"
"5","LGD",0,0,0,0,0,0,0,0,0,0,0,0,0,0,2361,"202410011509"
"6","MOT",0,0,0,0,0,0,0,0,0,0,0,0,0,0,2361,"202410011509"
"7","KOR",0,0,0,0,0,0,0,0,0,0,0,0,0,0,2361,"202410011509"
"8","PIA",0,0,0,0,0,0,0,0,0,0,0,0,0,0,2361,"202410011509"
"9","CRA",0,0,0,0,0,0,0,0,0,0,0,0,0,0,2361,"202410011509"
"10","RCZ",0,0,0,0,0,0,0,0,0,0,0,0,0,0,2361,"202410011509"
"11","GKS",0,0,0,0,0,0,0,0,0,0,0,0,0,0,2361,"202410011509"
"12","RAD",0,0,0,0,0,0,0,0,0,0,0,0,0,0,2361,"202410011509"
"13","POG",0,0,0,0,0,0,0,0,0,0,0,0,0,0,2361,"202410011509"
"14","LPO",0,0,0,0,0,0,0,0,0,0,0,0,0,0,2361,"202410011509"
"15","STM",0,0,0,0,0,0,0,0,0,0,0,0,0,0,2361,"202410011509"
"16","WID",0,0,0,0,0,0,0,0,0,0,0,0,0,0,2361,"202410011509"
"17","ŚLA",0,0,0,0,0,0,0,0,0,0,0,0,0,0,2361,"202410011509"
"18","JAG",0,0,0,0,0,0,0,0,0,0,0,0,0,0,2361,"202410011509"
"SUMA","EMPTY",0,0,0,0,0,0,0,0,0,0,0,0,0,0,2361,"202410011509"
"2023/24 - wiosna","EMPTY",0,0,0,0,0,0,0,0,0,0,0,0,0,0,2361,"202410011509"
"1","GÓR",0,0,0,0,0,0,0,0,0,0,0,0,0,0,1851,"202410011509"
"2","WID",0,0,0,0,0,0,0,0,0,0,0,0,0,0,1851,"202410011509"
"3","LGD",0,0,0,0,0,0,0,0,0,0,0,0,0,0,1851,"202410011509"
"4","RCZ",0,0,0,0,0,0,0,0,0,0,0,0,0,0,1851,"202410011509"
"5","ZAG",0,0,0,0,0,0,0,0,0,0,0,0,0,0,1851,"202410011509"
"6","POG",0,0,0,0,0,0,0,0,0,0,0,0,0,0,1851,"202410011509"
"7","STM",0,0,0,0,0,0,0,0,0,0,0,0,0,0,1851,"202410011509"
"8","JAG",0,0,0,0,0,0,0,0,0,0,0,0,0,0,1851,"202410011509"
"9","ŚLA",0,0,0,0,0,0,0,0,0,0,0,0,0,0,1851,"202410011509"
"10","KOR",0,0,0,0,0,0,0,0,0,0,0,0,0,0,1851,"202410011509"
"11","MOT",0,0,0,0,0,0,0,0,0,0,0,0,0,0,1851,"202410011509"
"12","CRA",0,0,0,0,0,0,0,0,0,0,0,0,0,0,1851,"202410011509"
"13","RAD",0,0,0,0,0,0,0,0,0,0,0,0,0,0,1851,"202410011509"
"14","PUN",0,0,0,0,0,0,0,0,0,0,0,0,0,0,1851,"202410011509"
"15","LEG",0,0,0,0,0,0,0,0,0,0,0,0,0,0,1851,"202410011509"
"16","GKS",0,0,0,0,0,0,0,0,0,0,0,0,0,0,1851,"202410011509"
"17","PIA",0,0,0,0,0,0,0,0,0,0,0,0,0,0,1851,"202410011509"
"18","GÓR",0,0,0,0,0,0,0,0,0,0,0,0,0,0,1851,"202410011509"
"SUMA","EMPTY",0,0,0,0,0,0,0,0,0,0,0,0,0,0,1851,"202410011509"
"2023/24 - wiosna","EMPTY",279,0,1,0,0,0,0,0,0,0,0,0,0,17,1851,"202410011509"
"2023/24 - jesień","EMPTY",78,0,0,0,0,0,0,0,0,0,0,0,0,11,1851,"202410011509"
"2022/23 - wiosna","EMPTY",23,0,0,0,0,0,1,0,0,0,0,0,0,8,1851,"202410011509"
"2022/23 - jesień","EMPTY",0,0,0,0,0,0,0,0,0,0,0,0,0,0,1851,"202410011509"
"2021/22 - wiosna","EMPTY",0,0,0,0,0,0,0,0,0,0,0,0,0,0,1851,"202410011509"
"1","PIA",0,0,0,0,0,0,0,0,0,0,0,0,0,0,2366,"202410011509"
"2","RCZ",0,0,0,0,0,0,0,0,0,0,0,0,0,0,2366,"202410011509"
"3","WID",0,0,0,0,0,0,0,0,0,0,0,0,0,0,2366,"202410011509"
"4","KOR",0,0,0,0,0,0,0,0,0,0,0,0,0,0,2366,"202410011509"
"5","JAG",0,0,0,0,0,0,0,0,0,0,0,0,0,0,2366,"202410011509"
"6","GÓR",0,0,0,0,0,0,0,0,0,0,0,0,0,0,2366,"202410011509"
"7","RAD",0,0,0,0,0,0,0,0,0,0,0,0,0,0,2366,"202410011509"
"8","POG",0,0,0,0,0,0,0,0,0,0,0,0,0,0,2366,"202410011509"
"9","PUN",0,0,0,0,0,0,0,0,0,0,0,0,0,0,2366,"202410011509"
"10","STM",0,0,0,0,0,0,0,0,0,0,0,0,0,0,2366,"202410011509"
"11","ŚLA",0,0,0,0,0,0,0,0,0,0,0,0,0,0,2366,"202410011509"
"12","LPO",0,0,0,0,0,0,0,0,0,0,0,0,0,0,2366,"202410011509"
"13","MOT",0,0,0,0,0,0,0,0,0,0,0,0,0,0,2366,"202410011509"
"14","LGD",0,0,0,0,0,0,0,0,0,0,0,0,0,0,2366,"202410011509"
"15","GKS",0,0,0,0,0,0,0,0,0,0,0,0,0,0,2366,"202410011509"
"16","LEG",0,0,0,0,0,0,0,0,0,0,0,0,0,0,2366,"202410011509"
"17","ZAG",0,0,0,0,0,0,0,0,0,0,0,0,0,0,2366,"202410011509"
"18","PIA",0,0,0,0,0,0,0,0,0,0,0,0,0,0,2366,"202410011509"
"SUMA","EMPTY",0,0,0,0,0,0,0,0,0,0,0,0,0,0,2366,"202410011509"
"2023/24 - wiosna","EMPTY",0,0,0,0,0,0,0,0,0,0,0,0,0,0,2366,"202410011509"
"1","WID",0,0,0,0,0,0,0,0,0,0,0,0,0,0,64,"202410011509"
"2","GKS",0,0,0,0,0,0,0,0,0,0,0,0,0,0,64,"202410011509"
"3","JAG",0,0,0,0,0,0,0,0,0,0,0,0,0,0,64,"202410011509"
"4","POG",0,0,0,0,0,0,0,0,0,0,0,0,0,0,64,"202410011509"
"5","PIA",0,0,0,0,0,0,0,0,0,0,0,0,0,0,64,"202410011509"
"6","KOR",0,0,0,0,0,0,0,0,0,0,0,0,0,0,64,"202410011509"
"7","LPO",0,0,0,0,0,0,0,0,0,0,0,0,0,0,64,"202410011509"
"8","ŚLA",0,0,0,0,0,0,0,0,0,0,0,0,0,0,64,"202410011509"
"9","MOT",0,0,0,0,0,0,0,0,0,0,0,0,0,0,64,"202410011509"
"10","CRA",0,0,0,0,0,0,0,0,0,0,0,0,0,0,64,"202410011509"
"11","LGD",0,0,0,0,0,0,0,0,0,0,0,0,0,0,64,"202410011509"
"12","GÓR",0,0,0,0,0,0,0,0,0,0,0,0,0,0,64,"202410011509"
"13","ZAG",0,0,0,0,0,0,0,0,0,0,0,0,0,0,64,"202410011509"
"14","RCZ",0,0,0,0,0,0,0,0,0,0,0,0,0,0,64,"202410011509"
"15","PUN",0,0,0,0,0,0,0,0,0,0,0,0,0,0,64,"202410011509"
"16","RAD",0,0,0,0,0,0,0,0,0,0,0,0,0,0,64,"202410011509"
"17","LEG",0,0,0,0,0,0,0,0,0,0,0,0,0,0,64,"202410011509"
"18","WID",0,0,0,0,0,0,0,0,0,0,0,0,0,0,64,"202410011509"
"SUMA","EMPTY",0,0,0,0,0,0,0,0,0,0,0,0,0,0,64,"202410011509"
"2023/24 - wiosna","EMPTY",67,0,0,0,0,0,0,0,0,0,0,0,0,5,64,"202410011509"
"2023/24 - jesień","EMPTY",466,0,0,0,0,0,0,1,0,0,0,2,0,8,64,"202410011509"
"2021/22 - wiosna","EMPTY",0,0,0,0,0,0,0,0,0,0,0,0,0,0,64,"202410011509"
"2021/22 - jesień","EMPTY",965,0,0,0,0,0,0,0,0,0,0,2,0,12,64,"202410011509"
"2020/21 - wiosna","EMPTY",0,0,0,0,0,0,0,0,0,0,0,0,0,0,64,"202410011509"
"2020/21 - jesień","EMPTY",0,0,0,0,0,0,0,0,0,0,0,0,0,0,64,"202410011509"
"2019/20 - jesień","EMPTY",0,0,0,0,0,0,0,0,0,0,0,0,0,0,64,"202410011509"
"2018/19 - wiosna","EMPTY",0,0,0,0,0,0,0,0,0,0,0,0,0,0,64,"202410011509"
"2017/18 - wiosna","EMPTY",0,0,0,0,0,0,0,0,0,0,0,0,0,0,64,"202410011509"
"2017/18 - jesień","EMPTY",0,0,0,0,0,0,0,0,0,0,0,0,0,0,64,"202410011509"
"2016/17 - wiosna","EMPTY",0,0,0,0,0,0,0,0,0,0,0,0,0,0,64,"202410011509"
"2016/17 - jesień","EMPTY",0,0,0,0,0,0,0,0,0,0,0,0,0,0,64,"202410011509"
"1","POG",0,0,0,0,0,0,0,0,0,0,0,0,0,0,2112,"202410011509"
"2","LEG",0,0,0,0,0,0,0,0,0,0,0,0,0,0,2112,"202410011509"
"3","MOT",0,0,0,0,0,0,0,0,0,0,0,0,0,0,2112,"202410011509"
"4","CRA",0,0,0,0,0,0,0,0,0,0,0,0,0,0,2112,"202410011509"
"5","ŚLA",0,0,0,0,0,0,0,0,0,0,0,0,0,0,2112,"202410011509"
"6","STM",0,0,0,0,0,0,0,0,0,0,0,0,0,0,2112,"202410011509"
"7","PUN",0,0,0,0,0,0,0,0,0,0,0,0,0,0,2112,"202410011509"
"8","ZAG",0,0,0,0,0,0,0,0,0,0,0,0,0,0,2112,"202410011509"
"9","RAD",0,0,0,0,0,0,0,0,0,0,0,0,0,0,2112,"202410011509"
"10","LPO",0,0,0,0,0,0,0,0,0,0,0,0,0,0,2112,"202410011509"
"11","WID",0,0,0,0,0,0,0,0,0,0,0,0,0,0,2112,"202410011509"
"12","PIA",0,0,0,0,0,0,0,0,0,0,0,0,0,0,2112,"202410011509"
"13","JAG",0,0,0,0,0,0,0,0,0,0,0,0,0,0,2112,"202410011509"
"14","GKS",0,0,0,0,0,0,0,0,0,0,0,0,0,0,2112,"202410011509"
"15","LGD",0,0,0,0,0,0,0,0,0,0,0,0,0,0,2112,"202410011509"
"16","RCZ",0,0,0,0,0,0,0,0,0,0,0,0,0,0,2112,"202410011509"
"17","GÓR",0,0,0,0,0,0,0,0,0,0,0,0,0,0,2112,"202410011509"
"18","POG",0,0,0,0,0,0,0,0,0,0,0,0,0,0,2112,"202410011509"
"SUMA","EMPTY",0,0,0,0,0,0,0,0,0,0,0,0,0,0,2112,"202410011509"
"2023/24 - wiosna","EMPTY",268,0,1,0,0,0,0,0,0,0,0,0,0,18,2112,"202410011509"
"2023/24 - jesień","EMPTY",233,1,0,0,0,0,0,0,0,0,0,0,0,20,2112,"202410011509"
"2022/23 - wiosna","EMPTY",13,0,0,0,0,0,0,0,0,0,0,0,0,1,2112,"202410011509"
"1","POG",0,0,0,0,0,0,0,0,0,0,0,0,0,0,1089,"202410011509"
"2","LEG",0,0,0,0,0,0,0,0,0,0,0,0,0,0,1089,"202410011509"
"3","MOT",0,0,0,0,0,0,0,0,0,0,0,0,0,0,1089,"202410011509"
"4","CRA",0,0,0,0,0,0,0,0,0,0,0,0,0,0,1089,"202410011509"
"5","ŚLA",0,0,0,0,0,0,0,0,0,0,0,0,0,0,1089,"202410011509"
"6","STM",0,0,0,0,0,0,0,0,0,0,0,0,0,0,1089,"202410011509"
"7","PUN",0,0,0,0,0,0,0,0,0,0,0,0,0,0,1089,"202410011509"
"8","ZAG",0,0,0,0,0,0,0,0,0,0,0,0,0,0,1089,"202410011509"
"9","RAD",0,0,0,0,0,0,0,0,0,0,0,0,0,0,1089,"202410011509"
"10","LPO",0,0,0,0,0,0,0,0,0,0,0,0,0,0,1089,"202410011509"
"11","WID",0,0,0,0,0,0,0,0,0,0,0,0,0,0,1089,"202410011509"
"12","PIA",0,0,0,0,0,0,0,0,0,0,0,0,0,0,1089,"202410011509"
"13","JAG",0,0,0,0,0,0,0,0,0,0,0,0,0,0,1089,"202410011509"
"14","GKS",0,0,0,0,0,0,0,0,0,0,0,0,0,0,1089,"202410011509"
"15","LGD",0,0,0,0,0,0,0,0,0,0,0,0,0,0,1089,"202410011509"
"16","RCZ",0,0,0,0,0,0,0,0,0,0,0,0,0,0,1089,"202410011509"
"17","GÓR",0,0,0,0,0,0,0,0,0,0,0,0,0,0,1089,"202410011509"
"18","POG",0,0,0,0,0,0,0,0,0,0,0,0,0,0,1089,"202410011509"
"SUMA","EMPTY",0,0,0,0,0,0,0,0,0,0,0,0,0,0,1089,"202410011509"
"2023/24 - wiosna","EMPTY",0,0,0,0,0,0,0,0,0,0,0,0,0,0,1089,"202410011509"
"2023/24 - jesień","EMPTY",0,0,0,0,0,0,0,0,0,0,0,0,0,0,1089,"202410011509"
"2022/23 - wiosna","EMPTY",900,0,0,0,0,0,0,0,0,0,0,3,0,24,1089,"202410011509"
"2022/23 - jesień","EMPTY",360,0,0,0,0,0,0,0,0,0,0,0,0,10,1089,"202410011509"
"2021/22 - wiosna","EMPTY",0,0,0,0,0,0,0,0,0,0,0,0,0,0,1089,"202410011509"
"2021/22 - jesień","EMPTY",0,0,0,0,0,0,0,0,0,0,0,0,0,0,1089,"202410011509"
"2020/21 - wiosna","EMPTY",0,0,0,0,0,0,0,0,0,0,0,0,0,0,1089,"202410011509"
"2020/21 - jesień","EMPTY",0,0,0,0,0,0,0,0,0,0,0,0,0,0,1089,"202410011509"
"2019/20 - jesień","EMPTY",0,0,0,0,0,0,0,0,0,0,0,0,0,0,1089,"202410011509"
"2018/19 - wiosna","EMPTY",0,0,0,0,0,0,0,0,0,0,0,0,0,0,1089,"202410011509"
"2018/19 - jesień","EMPTY",101,0,0,0,0,0,0,0,0,0,0,0,0,2,1089,"202410011509"
"1","WID",0,0,0,0,0,0,0,0,0,0,0,0,0,0,2369,"202410011509"
"2","GKS",0,0,0,0,0,0,0,0,0,0,0,0,0,0,2369,"202410011509"
"3","JAG",0,0,0,0,0,0,0,0,0,0,0,0,0,0,2369,"202410011509"
"4","POG",0,0,0,0,0,0,0,0,0,0,0,0,0,0,2369,"202410011509"
"5","PIA",0,0,0,0,0,0,0,0,0,0,0,0,0,0,2369,"202410011509"
"6","KOR",0,0,0,0,0,0,0,0,0,0,0,0,0,0,2369,"202410011509"
"7","LPO",0,0,0,0,0,0,0,0,0,0,0,0,0,0,2369,"202410011509"
"8","ŚLA",0,0,0,0,0,0,0,0,0,0,0,0,0,0,2369,"202410011509"
"9","MOT",0,0,0,0,0,0,0,0,0,0,0,0,0,0,2369,"202410011509"
"10","CRA",0,0,0,0,0,0,0,0,0,0,0,0,0,0,2369,"202410011509"
"11","LGD",0,0,0,0,0,0,0,0,0,0,0,0,0,0,2369,"202410011509"
"12","GÓR",0,0,0,0,0,0,0,0,0,0,0,0,0,0,2369,"202410011509"
"13","ZAG",0,0,0,0,0,0,0,0,0,0,0,0,0,0,2369,"202410011509"
"14","RCZ",0,0,0,0,0,0,0,0,0,0,0,0,0,0,2369,"202410011509"
"15","PUN",0,0,0,0,0,0,0,0,0,0,0,0,0,0,2369,"202410011509"
"16","RAD",0,0,0,0,0,0,0,0,0,0,0,0,0,0,2369,"202410011509"
"17","LEG",0,0,0,0,0,0,0,0,0,0,0,0,0,0,2369,"202410011509"
"18","WID",0,0,0,0,0,0,0,0,0,0,0,0,0,0,2369,"202410011509"
"SUMA","EMPTY",0,0,0,0,0,0,0,0,0,0,0,0,0,0,2369,"202410011509"
"2023/24 - wiosna","EMPTY",1,0,0,0,0,0,0,0,0,0,0,0,0,1,2369,"202410011509"
"1","PIA",0,0,0,0,0,0,0,0,0,0,0,0,0,0,2114,"202410011509"
"2","RCZ",0,0,0,0,0,0,0,0,0,0,0,0,0,0,2114,"202410011509"
"3","WID",0,0,0,0,0,0,0,0,0,0,0,0,0,0,2114,"202410011509"
"4","KOR",0,0,0,0,0,0,0,0,0,0,0,0,0,0,2114,"202410011509"
"5","JAG",0,0,0,0,0,0,0,0,0,0,0,0,0,0,2114,"202410011509"
"6","GÓR",0,0,0,0,0,0,0,0,0,0,0,0,0,0,2114,"202410011509"
"7","RAD",0,0,0,0,0,0,0,0,0,0,0,0,0,0,2114,"202410011509"
"8","POG",0,0,0,0,0,0,0,0,0,0,0,0,0,0,2114,"202410011509"
"9","PUN",0,0,0,0,0,0,0,0,0,0,0,0,0,0,2114,"202410011509"
"10","STM",0,0,0,0,0,0,0,0,0,0,0,0,0,0,2114,"202410011509"
"11","ŚLA",0,0,0,0,0,0,0,0,0,0,0,0,0,0,2114,"202410011509"
"12","LPO",0,0,0,0,0,0,0,0,0,0,0,0,0,0,2114,"202410011509"
"13","MOT",0,0,0,0,0,0,0,0,0,0,0,0,0,0,2114,"202410011509"
"14","LGD",0,0,0,0,0,0,0,0,0,0,0,0,0,0,2114,"202410011509"
"15","GKS",0,0,0,0,0,0,0,0,0,0,0,0,0,0,2114,"202410011509"
"16","LEG",0,0,0,0,0,0,0,0,0,0,0,0,0,0,2114,"202410011509"
"17","ZAG",0,0,0,0,0,0,0,0,0,0,0,0,0,0,2114,"202410011509"
"18","PIA",0,0,0,0,0,0,0,0,0,0,0,0,0,0,2114,"202410011509"
"SUMA","EMPTY",0,0,0,0,0,0,0,0,0,0,0,0,0,0,2114,"202410011509"
"2022/23 - wiosna","EMPTY",0,0,0,0,0,0,0,0,0,0,0,0,0,0,2114,"202410011509"
"1","RAD",0,0,0,0,0,0,0,0,0,0,0,0,0,0,2373,"202410011509"
"2","STM",0,0,0,0,0,0,0,0,0,0,0,0,0,0,2373,"202410011509"
"3","RCZ",0,0,0,0,0,0,0,0,0,0,0,0,0,0,2373,"202410011509"
"4","PIA",0,0,0,0,0,0,0,0,0,0,0,0,0,0,2373,"202410011509"
"5","MOT",0,0,0,0,0,0,0,0,0,0,0,0,0,0,2373,"202410011509"
"6","JAG",0,0,0,0,0,0,0,0,0,0,0,0,0,0,2373,"202410011509"
"7","ZAG",0,0,0,0,0,0,0,0,0,0,0,0,0,0,2373,"202410011509"
"8","WID",0,0,0,0,0,0,0,0,0,0,0,0,0,0,2373,"202410011509"
"9","GÓR",0,0,0,0,0,0,0,0,0,0,0,0,0,0,2373,"202410011509"
"10","POG",0,0,0,0,0,0,0,0,0,0,0,0,0,0,2373,"202410011509"
"11","PUN",0,0,0,0,0,0,0,0,0,0,0,0,0,0,2373,"202410011509"
"12","ŚLA",0,0,0,0,0,0,0,0,0,0,0,0,0,0,2373,"202410011509"
"13","LEG",0,0,0,0,0,0,0,0,0,0,0,0,0,0,2373,"202410011509"
"14","KOR",0,0,0,0,0,0,0,0,0,0,0,0,0,0,2373,"202410011509"
"15","CRA",0,0,0,0,0,0,0,0,0,0,0,0,0,0,2373,"202410011509"
"16","LPO",0,0,0,0,0,0,0,0,0,0,0,0,0,0,2373,"202410011509"
"17","LGD",0,0,0,0,0,0,0,0,0,0,0,0,0,0,2373,"202410011509"
"18","RAD",0,0,0,0,0,0,0,0,0,0,0,0,0,0,2373,"202410011509"
"SUMA","EMPTY",0,0,0,0,0,0,0,0,0,0,0,0,0,0,2373,"202410011509"
"1","RAD",0,0,0,0,0,0,0,0,0,0,0,0,0,0,2374,"202410011509"
"2","STM",0,0,0,0,0,0,0,0,0,0,0,0,0,0,2374,"202410011509"
"3","RCZ",0,0,0,0,0,0,0,0,0,0,0,0,0,0,2374,"202410011509"
"4","PIA",0,0,0,0,0,0,0,0,0,0,0,0,0,0,2374,"202410011509"
"5","MOT",0,0,0,0,0,0,0,0,0,0,0,0,0,0,2374,"202410011509"
"6","JAG",0,0,0,0,0,0,0,0,0,0,0,0,0,0,2374,"202410011509"
"7","ZAG",0,0,0,0,0,0,0,0,0,0,0,0,0,0,2374,"202410011509"
"8","WID",0,0,0,0,0,0,0,0,0,0,0,0,0,0,2374,"202410011509"
"9","GÓR",0,0,0,0,0,0,0,0,0,0,0,0,0,0,2374,"202410011509"
"10","POG",0,0,0,0,0,0,0,0,0,0,0,0,0,0,2374,"202410011509"
"11","PUN",0,0,0,0,0,0,0,0,0,0,0,0,0,0,2374,"202410011509"
"12","ŚLA",0,0,0,0,0,0,0,0,0,0,0,0,0,0,2374,"202410011509"
"13","LEG",0,0,0,0,0,0,0,0,0,0,0,0,0,0,2374,"202410011509"
"14","KOR",0,0,0,0,0,0,0,0,0,0,0,0,0,0,2374,"202410011509"
"15","CRA",0,0,0,0,0,0,0,0,0,0,0,0,0,0,2374,"202410011509"
"16","LPO",0,0,0,0,0,0,0,0,0,0,0,0,0,0,2374,"202410011509"
"17","LGD",0,0,0,0,0,0,0,0,0,0,0,0,0,0,2374,"202410011509"
"18","RAD",0,0,0,0,0,0,0,0,0,0,0,0,0,0,2374,"202410011509"
"SUMA","EMPTY",0,0,0,0,0,0,0,0,0,0,0,0,0,0,2374,"202410011509"
"1","RAD",0,0,0,0,0,0,0,0,0,0,0,0,0,0,2376,"202410011509"
"2","STM",0,0,0,0,0,0,0,0,0,0,0,0,0,0,2376,"202410011509"
"3","RCZ",0,0,0,0,0,0,0,0,0,0,0,0,0,0,2376,"202410011509"
"4","PIA",0,0,0,0,0,0,0,0,0,0,0,0,0,0,2376,"202410011509"
"5","MOT",0,0,0,0,0,0,0,0,0,0,0,0,0,0,2376,"202410011509"
"6","JAG",0,0,0,0,0,0,0,0,0,0,0,0,0,0,2376,"202410011509"
"7","ZAG",0,0,0,0,0,0,0,0,0,0,0,0,0,0,2376,"202410011509"
"8","WID",0,0,0,0,0,0,0,0,0,0,0,0,0,0,2376,"202410011509"
"9","GÓR",0,0,0,0,0,0,0,0,0,0,0,0,0,0,2376,"202410011509"
"10","POG",0,0,0,0,0,0,0,0,0,0,0,0,0,0,2376,"202410011509"
"11","PUN",0,0,0,0,0,0,0,0,0,0,0,0,0,0,2376,"202410011509"
"12","ŚLA",0,0,0,0,0,0,0,0,0,0,0,0,0,0,2376,"202410011509"
"13","LEG",0,0,0,0,0,0,0,0,0,0,0,0,0,0,2376,"202410011509"
"14","KOR",0,0,0,0,0,0,0,0,0,0,0,0,0,0,2376,"202410011509"
"15","CRA",0,0,0,0,0,0,0,0,0,0,0,0,0,0,2376,"202410011509"
"16","LPO",0,0,0,0,0,0,0,0,0,0,0,0,0,0,2376,"202410011509"
"17","LGD",0,0,0,0,0,0,0,0,0,0,0,0,0,0,2376,"202410011509"
"18","RAD",0,0,0,0,0,0,0,0,0,0,0,0,0,0,2376,"202410011509"
"SUMA","EMPTY",0,0,0,0,0,0,0,0,0,0,0,0,0,0,2376,"202410011509"
"1","LGD",0,0,0,0,0,0,0,0,0,0,0,0,0,0,2124,"202410011509"
"2","PIA",0,0,0,0,0,0,0,0,0,0,0,0,0,0,2124,"202410011509"
"4","WID",0,0,0,0,0,0,0,0,0,0,0,0,0,0,2124,"202410011509"
"5","KOR",0,0,0,0,0,0,0,0,0,0,0,0,0,0,2124,"202410011509"
"6","LEG",0,0,0,0,0,0,0,0,0,0,0,0,0,0,2124,"202410011509"
"7","POG",0,0,0,0,0,0,0,0,0,0,0,0,0,0,2124,"202410011509"
"8","STM",0,0,0,0,0,0,0,0,0,0,0,0,0,0,2124,"202410011509"
"9","LPO",0,0,0,0,0,0,0,0,0,0,0,0,0,0,2124,"202410011509"
"10","MOT",0,0,0,0,0,0,0,0,0,0,0,0,0,0,2124,"202410011509"
"11","CRA",0,0,0,0,0,0,0,0,0,0,0,0,0,0,2124,"202410011509"
"12","GKS",0,0,0,0,0,0,0,0,0,0,0,0,0,0,2124,"202410011509"
"13","RCZ",0,0,0,0,0,0,0,0,0,0,0,0,0,0,2124,"202410011509"
"14","ZAG",0,0,0,0,0,0,0,0,0,0,0,0,0,0,2124,"202410011509"
"15","GÓR",0,0,0,0,0,0,0,0,0,0,0,0,0,0,2124,"202410011509"
"16","JAG",0,0,0,0,0,0,0,0,0,0,0,0,0,0,2124,"202410011509"
"17","PUN",0,0,0,0,0,0,0,0,0,0,0,0,0,0,2124,"202410011509"
"18","RAD",0,0,0,0,0,0,0,0,0,0,0,0,0,0,2124,"202410011509"
"18","LGD",0,0,0,0,0,0,0,0,0,0,0,0,0,0,2124,"202410011509"
"SUMA","EMPTY",0,0,0,0,0,0,0,0,0,0,0,0,0,0,2124,"202410011509"
"2023/24 - wiosna","EMPTY",0,0,0,0,0,0,0,0,0,0,0,0,0,0,2124,"202410011509"
"2023/24 - jesień","EMPTY",0,0,0,0,0,0,0,0,0,0,0,0,0,0,2124,"202410011509"
"2022/23 - wiosna","EMPTY",0,0,0,0,0,0,0,0,0,0,0,0,0,0,2124,"202410011509"
"1","KOR",0,0,0,0,0,0,0,0,0,0,0,0,0,0,1358,"202410011509"
"2","ZAG",0,0,0,0,0,0,0,0,0,0,0,0,0,0,1358,"202410011509"
"3","GÓR",0,0,0,0,0,0,0,0,0,0,0,0,0,0,1358,"202410011509"
"4","STM",0,0,0,0,0,0,0,0,0,0,0,0,0,0,1358,"202410011509"
"5","WID",0,0,0,0,0,0,0,0,0,0,0,0,0,0,1358,"202410011509"
"6","LPO",0,0,0,0,0,0,0,0,0,0,0,0,0,0,1358,"202410011509"
"7","ŚLA",0,0,0,0,0,0,0,0,0,0,0,0,0,0,1358,"202410011509"
"8","CRA",0,0,0,0,0,0,0,0,0,0,0,0,0,0,1358,"202410011509"
"9","LEG",0,0,0,0,0,0,0,0,0,0,0,0,0,0,1358,"202410011509"
"10","GKS",0,0,0,0,0,0,0,0,0,0,0,0,0,0,1358,"202410011509"
"11","PIA",0,0,0,0,0,0,0,0,0,0,0,0,0,0,1358,"202410011509"
"12","RCZ",0,0,0,0,0,0,0,0,0,0,0,0,0,0,1358,"202410011509"
"13","PUN",0,0,0,0,0,0,0,0,0,0,0,0,0,0,1358,"202410011509"
"14","MOT",0,0,0,0,0,0,0,0,0,0,0,0,0,0,1358,"202410011509"
"15","RAD",0,0,0,0,0,0,0,0,0,0,0,0,0,0,1358,"202410011509"
"16","LGD",0,0,0,0,0,0,0,0,0,0,0,0,0,0,1358,"202410011509"
"17","JAG",0,0,0,0,0,0,0,0,0,0,0,0,0,0,1358,"202410011509"
"18","KOR",0,0,0,0,0,0,0,0,0,0,0,0,0,0,1358,"202410011509"
"SUMA","EMPTY",0,0,0,0,0,0,0,0,0,0,0,0,0,0,1358,"202410011509"
"2023/24 - wiosna","EMPTY",0,0,0,0,0,0,0,0,0,0,0,0,0,0,1358,"202410011509"
"2023/24 - jesień","EMPTY",720,0,0,0,0,0,0,0,0,0,0,0,0,20,1358,"202410011509"
"2022/23 - wiosna","EMPTY",1080,0,0,0,0,0,0,1,0,0,0,0,0,31,1358,"202410011509"
"2022/23 - jesień","EMPTY",720,0,0,0,0,0,0,0,0,0,0,0,0,22,1358,"202410011509"
"2021/22 - wiosna","EMPTY",1204,0,0,0,0,0,0,0,0,2,0,0,0,49,1358,"202410011509"
"2021/22 - jesień","EMPTY",1569,0,0,0,0,0,0,0,0,0,0,2,0,54,1358,"202410011509"
"2020/21 - wiosna","EMPTY",1442,0,0,0,0,0,0,1,0,0,0,0,0,37,1358,"202410011509"
"2020/21 - jesień","EMPTY",1327,0,0,0,0,0,0,0,0,0,0,0,0,37,1358,"202410011509"
"2019/20 - wiosna","EMPTY",867,0,0,0,0,0,0,0,0,0,0,1,0,31,1358,"202410011509"
"1","GKS",0,0,0,0,0,0,0,0,0,0,0,0,0,0,1870,"202410011509"
"2","JAG",0,0,0,0,0,0,0,0,0,0,0,0,0,0,1870,"202410011509"
"4","GÓR",0,0,0,0,0,0,0,0,0,0,0,0,0,0,1870,"202410011509"
"5","LEG",0,0,0,0,0,0,0,0,0,0,0,0,0,0,1870,"202410011509"
"6","WID",0,0,0,0,0,0,0,0,0,0,0,0,0,0,1870,"202410011509"
"7","CRA",0,0,0,0,0,0,0,0,0,0,0,0,0,0,1870,"202410011509"
"8","LGD",0,0,0,0,0,0,0,0,0,0,0,0,0,0,1870,"202410011509"
"9","KOR",0,0,0,0,0,0,0,0,0,0,0,0,0,0,1870,"202410011509"
"10","ZAG",0,0,0,0,0,0,0,0,0,0,0,0,0,0,1870,"202410011509"
"11","RCZ",0,0,0,0,0,0,0,0,0,0,0,0,0,0,1870,"202410011509"
"12","PUN",0,0,0,0,0,0,0,0,0,0,0,0,0,0,1870,"202410011509"
"13","LPO",0,0,0,0,0,0,0,0,0,0,0,0,0,0,1870,"202410011509"
"14","PIA",0,0,0,0,0,0,0,0,0,0,0,0,0,0,1870,"202410011509"
"15","POG",0,0,0,0,0,0,0,0,0,0,0,0,0,0,1870,"202410011509"
"16","STM",0,0,0,0,0,0,0,0,0,0,0,0,0,0,1870,"202410011509"
"17","MOT",0,0,0,0,0,0,0,0,0,0,0,0,0,0,1870,"202410011509"
"18","ŚLA",0,0,0,0,0,0,0,0,0,0,0,0,0,0,1870,"202410011509"
"18","GKS",0,0,0,0,0,0,0,0,0,0,0,0,0,0,1870,"202410011509"
"SUMA","EMPTY",0,0,0,0,0,0,0,0,0,0,0,0,0,0,1870,"202410011509"
"2023/24 - wiosna","EMPTY",16,0,0,0,0,0,0,0,0,0,0,0,0,1,1870,"202410011509"
"2023/24 - jesień","EMPTY",4,0,0,0,0,0,0,0,0,0,0,0,0,2,1870,"202410011509"
"2022/23 - wiosna","EMPTY",0,0,0,0,0,0,0,0,0,0,0,0,0,0,1870,"202410011509"
"2022/23 - jesień","EMPTY",0,0,0,0,0,0,0,0,0,0,0,0,0,0,1870,"202410011509"
"2021/22 - wiosna","EMPTY",1,0,0,0,0,0,0,0,0,0,0,0,0,2,1870,"202410011509"
"1","PUN",0,0,0,0,0,0,0,0,0,0,0,0,0,0,1622,"202410011509"
"2","RAD",0,0,0,0,0,0,0,0,0,0,0,0,0,0,1622,"202410011509"
"3","STM",0,0,0,0,0,0,0,0,0,0,0,0,0,0,1622,"202410011509"
"5","CRA",0,0,0,0,0,0,0,0,0,0,0,0,0,0,1622,"202410011509"
"6","GKS",0,0,0,0,0,0,0,0,0,0,0,0,0,0,1622,"202410011509"
"7","WID",0,0,0,0,0,0,0,0,0,0,0,0,0,0,1622,"202410011509"
"8","LPO",0,0,0,0,0,0,0,0,0,0,0,0,0,0,1622,"202410011509"
"9","MOT",0,0,0,0,0,0,0,0,0,0,0,0,0,0,1622,"202410011509"
"9","LGD",0,0,0,0,0,0,0,0,0,0,0,0,0,0,1622,"202410011509"
"10","PIA",0,0,0,0,0,0,0,0,0,0,0,0,0,0,1622,"202410011509"
"11","LEG",0,0,0,0,0,0,0,0,0,0,0,0,0,0,1622,"202410011509"
"12","ZAG",0,0,0,0,0,0,0,0,0,0,0,0,0,0,1622,"202410011509"
"13","KOR",0,0,0,0,0,0,0,0,0,0,0,0,0,0,1622,"202410011509"
"14","GÓR",0,0,0,0,0,0,0,0,0,0,0,0,0,0,1622,"202410011509"
"15","RCZ",0,0,0,0,0,0,0,0,0,0,0,0,0,0,1622,"202410011509"
"16","ŚLA",0,0,0,0,0,0,0,0,0,0,0,0,0,0,1622,"202410011509"
"17","POG",0,0,0,0,0,0,0,0,0,0,0,0,0,0,1622,"202410011509"
"18","PUN",0,0,0,0,0,0,0,0,0,0,0,0,0,0,1622,"202410011509"
"SUMA","EMPTY",0,0,0,0,0,0,0,0,0,0,0,0,0,0,1622,"202410011509"
"2023/24 - wiosna","EMPTY",0,0,0,0,0,0,0,0,0,0,0,0,0,0,1622,"202410011509"
"2023/24 - jesień","EMPTY",0,0,0,0,0,0,0,0,0,0,0,0,0,0,1622,"202410011509"
"2022/23 - wiosna","EMPTY",0,0,0,0,0,0,0,0,0,0,0,0,0,0,1622,"202410011509"
"2022/23 - jesień","EMPTY",0,0,0,0,0,0,0,0,0,0,0,0,0,0,1622,"202410011509"
"2021/22 - wiosna","EMPTY",15,0,0,0,0,0,0,0,0,0,0,0,0,1,1622,"202410011509"
"2021/22 - jesień","EMPTY",0,0,0,0,0,0,0,0,0,0,0,0,0,0,1622,"202410011509"
"2020/21 - wiosna","EMPTY",63,0,0,0,0,0,0,0,0,0,0,1,0,2,1622,"202410011509"
"1","GÓR",0,0,0,0,0,0,0,0,0,0,0,0,0,0,2134,"202410011509"
"2","WID",0,0,0,0,0,0,0,0,0,0,0,0,0,0,2134,"202410011509"
"3","LGD",0,0,0,0,0,0,0,0,0,0,0,0,0,0,2134,"202410011509"
"4","RCZ",0,0,0,0,0,0,0,0,0,0,0,0,0,0,2134,"202410011509"
"5","ZAG",0,0,0,0,0,0,0,0,0,0,0,0,0,0,2134,"202410011509"
"6","POG",0,0,0,0,0,0,0,0,0,0,0,0,0,0,2134,"202410011509"
"7","STM",0,0,0,0,0,0,0,0,0,0,0,0,0,0,2134,"202410011509"
"8","JAG",0,0,0,0,0,0,0,0,0,0,0,0,0,0,2134,"202410011509"
"9","ŚLA",0,0,0,0,0,0,0,0,0,0,0,0,0,0,2134,"202410011509"
"10","KOR",0,0,0,0,0,0,0,0,0,0,0,0,0,0,2134,"202410011509"
"11","MOT",0,0,0,0,0,0,0,0,0,0,0,0,0,0,2134,"202410011509"
"12","CRA",0,0,0,0,0,0,0,0,0,0,0,0,0,0,2134,"202410011509"
"13","RAD",0,0,0,0,0,0,0,0,0,0,0,0,0,0,2134,"202410011509"
"14","PUN",0,0,0,0,0,0,0,0,0,0,0,0,0,0,2134,"202410011509"
"15","LEG",0,0,0,0,0,0,0,0,0,0,0,0,0,0,2134,"202410011509"
"16","GKS",0,0,0,0,0,0,0,0,0,0,0,0,0,0,2134,"202410011509"
"17","PIA",0,0,0,0,0,0,0,0,0,0,0,0,0,0,2134,"202410011509"
"18","GÓR",0,0,0,0,0,0,0,0,0,0,0,0,0,0,2134,"202410011509"
"SUMA","EMPTY",0,0,0,0,0,0,0,0,0,0,0,0,0,0,2134,"202410011509"
"2023/24 - wiosna","EMPTY",0,0,0,0,0,0,0,0,0,0,0,0,0,0,2134,"202410011509"
"2023/24 - jesień","EMPTY",0,0,0,0,0,0,0,0,0,0,0,0,0,0,2134,"202410011509"
"2022/23 - wiosna","EMPTY",0,0,0,0,0,0,0,0,0,0,0,0,0,0,2134,"202410011509"
"1","PUN",0,0,0,0,0,0,0,0,0,0,0,0,0,0,2392,"202410011509"
"2","RAD",0,0,0,0,0,0,0,0,0,0,0,0,0,0,2392,"202410011509"
"3","STM",0,0,0,0,0,0,0,0,0,0,0,0,0,0,2392,"202410011509"
"5","CRA",0,0,0,0,0,0,0,0,0,0,0,0,0,0,2392,"202410011509"
"6","GKS",0,0,0,0,0,0,0,0,0,0,0,0,0,0,2392,"202410011509"
"7","WID",0,0,0,0,0,0,0,0,0,0,0,0,0,0,2392,"202410011509"
"8","LPO",0,0,0,0,0,0,0,0,0,0,0,0,0,0,2392,"202410011509"
"9","MOT",0,0,0,0,0,0,0,0,0,0,0,0,0,0,2392,"202410011509"
"9","LGD",0,0,0,0,0,0,0,0,0,0,0,0,0,0,2392,"202410011509"
"10","PIA",0,0,0,0,0,0,0,0,0,0,0,0,0,0,2392,"202410011509"
"11","LEG",0,0,0,0,0,0,0,0,0,0,0,0,0,0,2392,"202410011509"
"12","ZAG",0,0,0,0,0,0,0,0,0,0,0,0,0,0,2392,"202410011509"
"13","KOR",0,0,0,0,0,0,0,0,0,0,0,0,0,0,2392,"202410011509"
"14","GÓR",0,0,0,0,0,0,0,0,0,0,0,0,0,0,2392,"202410011509"
"15","RCZ",0,0,0,0,0,0,0,0,0,0,0,0,0,0,2392,"202410011509"
"16","ŚLA",0,0,0,0,0,0,0,0,0,0,0,0,0,0,2392,"202410011509"
"17","POG",0,0,0,0,0,0,0,0,0,0,0,0,0,0,2392,"202410011509"
"18","PUN",0,0,0,0,0,0,0,0,0,0,0,0,0,0,2392,"202410011509"
"SUMA","EMPTY",0,0,0,0,0,0,0,0,0,0,0,0,0,0,2392,"202410011509"
"1","GÓR",0,0,0,0,0,0,0,0,0,0,0,0,0,0,2395,"202410011509"
"2","WID",0,0,0,0,0,0,0,0,0,0,0,0,0,0,2395,"202410011509"
"3","LGD",0,0,0,0,0,0,0,0,0,0,0,0,0,0,2395,"202410011509"
"4","RCZ",0,0,0,0,0,0,0,0,0,0,0,0,0,0,2395,"202410011509"
"5","ZAG",0,0,0,0,0,0,0,0,0,0,0,0,0,0,2395,"202410011509"
"6","POG",0,0,0,0,0,0,0,0,0,0,0,0,0,0,2395,"202410011509"
"7","STM",0,0,0,0,0,0,0,0,0,0,0,0,0,0,2395,"202410011509"
"8","JAG",0,0,0,0,0,0,0,0,0,0,0,0,0,0,2395,"202410011509"
"9","ŚLA",0,0,0,0,0,0,0,0,0,0,0,0,0,0,2395,"202410011509"
"10","KOR",0,0,0,0,0,0,0,0,0,0,0,0,0,0,2395,"202410011509"
"11","MOT",0,0,0,0,0,0,0,0,0,0,0,0,0,0,2395,"202410011509"
"12","CRA",0,0,0,0,0,0,0,0,0,0,0,0,0,0,2395,"202410011509"
"13","RAD",0,0,0,0,0,0,0,0,0,0,0,0,0,0,2395,"202410011509"
"14","PUN",0,0,0,0,0,0,0,0,0,0,0,0,0,0,2395,"202410011509"
"15","LEG",0,0,0,0,0,0,0,0,0,0,0,0,0,0,2395,"202410011509"
"16","GKS",0,0,0,0,0,0,0,0,0,0,0,0,0,0,2395,"202410011509"
"17","PIA",0,0,0,0,0,0,0,0,0,0,0,0,0,0,2395,"202410011509"
"18","GÓR",0,0,0,0,0,0,0,0,0,0,0,0,0,0,2395,"202410011509"
"SUMA","EMPTY",0,0,0,0,0,0,0,0,0,0,0,0,0,0,2395,"202410011509"
"1","GÓR",0,0,0,0,0,0,0,0,0,0,0,0,0,0,2396,"202410011509"
"2","WID",0,0,0,0,0,0,0,0,0,0,0,0,0,0,2396,"202410011509"
"3","LGD",0,0,0,0,0,0,0,0,0,0,0,0,0,0,2396,"202410011509"
"4","RCZ",0,0,0,0,0,0,0,0,0,0,0,0,0,0,2396,"202410011509"
"5","ZAG",0,0,0,0,0,0,0,0,0,0,0,0,0,0,2396,"202410011509"
"6","POG",0,0,0,0,0,0,0,0,0,0,0,0,0,0,2396,"202410011509"
"7","STM",0,0,0,0,0,0,0,0,0,0,0,0,0,0,2396,"202410011509"
"8","JAG",0,0,0,0,0,0,0,0,0,0,0,0,0,0,2396,"202410011509"
"9","ŚLA",0,0,0,0,0,0,0,0,0,0,0,0,0,0,2396,"202410011509"
"10","KOR",0,0,0,0,0,0,0,0,0,0,0,0,0,0,2396,"202410011509"
"11","MOT",0,0,0,0,0,0,0,0,0,0,0,0,0,0,2396,"202410011509"
"12","CRA",0,0,0,0,0,0,0,0,0,0,0,0,0,0,2396,"202410011509"
"13","RAD",0,0,0,0,0,0,0,0,0,0,0,0,0,0,2396,"202410011509"
"14","PUN",0,0,0,0,0,0,0,0,0,0,0,0,0,0,2396,"202410011509"
"15","LEG",0,0,0,0,0,0,0,0,0,0,0,0,0,0,2396,"202410011509"
"16","GKS",0,0,0,0,0,0,0,0,0,0,0,0,0,0,2396,"202410011509"
"17","PIA",0,0,0,0,0,0,0,0,0,0,0,0,0,0,2396,"202410011509"
"18","GÓR",0,0,0,0,0,0,0,0,0,0,0,0,0,0,2396,"202410011509"
"SUMA","EMPTY",0,0,0,0,0,0,0,0,0,0,0,0,0,0,2396,"202410011509"
"1","ŚLA",0,0,0,0,0,0,0,0,0,0,0,0,0,0,2397,"202410011509"
"2","MOT",0,0,0,0,0,0,0,0,0,0,0,0,0,0,2397,"202410011509"
"3","LPO",0,0,0,0,0,0,0,0,0,0,0,0,0,0,2397,"202410011509"
"4","ZAG",0,0,0,0,0,0,0,0,0,0,0,0,0,0,2397,"202410011509"
"5","PUN",0,0,0,0,0,0,0,0,0,0,0,0,0,0,2397,"202410011509"
"6","RCZ",0,0,0,0,0,0,0,0,0,0,0,0,0,0,2397,"202410011509"
"7","GÓR",0,0,0,0,0,0,0,0,0,0,0,0,0,0,2397,"202410011509"
"8","RAD",0,0,0,0,0,0,0,0,0,0,0,0,0,0,2397,"202410011509"
"9","JAG",0,0,0,0,0,0,0,0,0,0,0,0,0,0,2397,"202410011509"
"10","WID",0,0,0,0,0,0,0,0,0,0,0,0,0,0,2397,"202410011509"
"11","STM",0,0,0,0,0,0,0,0,0,0,0,0,0,0,2397,"202410011509"
"12","LEG",0,0,0,0,0,0,0,0,0,0,0,0,0,0,2397,"202410011509"
"13","PIA",0,0,0,0,0,0,0,0,0,0,0,0,0,0,2397,"202410011509"
"14","CRA",0,0,0,0,0,0,0,0,0,0,0,0,0,0,2397,"202410011509"
"15","KOR",0,0,0,0,0,0,0,0,0,0,0,0,0,0,2397,"202410011509"
"16","POG",0,0,0,0,0,0,0,0,0,0,0,0,0,0,2397,"202410011509"
"17","GKS",0,0,0,0,0,0,0,0,0,0,0,0,0,0,2397,"202410011509"
"18","ŚLA",0,0,0,0,0,0,0,0,0,0,0,0,0,0,2397,"202410011509"
"SUMA","EMPTY",0,0,0,0,0,0,0,0,0,0,0,0,0,0,2397,"202410011509"
"1","ŚLA",0,0,0,0,0,0,0,0,0,0,0,0,0,0,2400,"202410011509"
"2","MOT",0,0,0,0,0,0,0,0,0,0,0,0,0,0,2400,"202410011509"
"3","LPO",0,0,0,0,0,0,0,0,0,0,0,0,0,0,2400,"202410011509"
"4","ZAG",0,0,0,0,0,0,0,0,0,0,0,0,0,0,2400,"202410011509"
"5","PUN",0,0,0,0,0,0,0,0,0,0,0,0,0,0,2400,"202410011509"
"6","RCZ",0,0,0,0,0,0,0,0,0,0,0,0,0,0,2400,"202410011509"
"7","GÓR",0,0,0,0,0,0,0,0,0,0,0,0,0,0,2400,"202410011509"
"8","RAD",0,0,0,0,0,0,0,0,0,0,0,0,0,0,2400,"202410011509"
"9","JAG",0,0,0,0,0,0,0,0,0,0,0,0,0,0,2400,"202410011509"
"10","WID",0,0,0,0,0,0,0,0,0,0,0,0,0,0,2400,"202410011509"
"11","STM",0,0,0,0,0,0,0,0,0,0,0,0,0,0,2400,"202410011509"
"12","LEG",0,0,0,0,0,0,0,0,0,0,0,0,0,0,2400,"202410011509"
"13","PIA",0,0,0,0,0,0,0,0,0,0,0,0,0,0,2400,"202410011509"
"14","CRA",0,0,0,0,0,0,0,0,0,0,0,0,0,0,2400,"202410011509"
"15","KOR",0,0,0,0,0,0,0,0,0,0,0,0,0,0,2400,"202410011509"
"16","POG",0,0,0,0,0,0,0,0,0,0,0,0,0,0,2400,"202410011509"
"17","GKS",0,0,0,0,0,0,0,0,0,0,0,0,0,0,2400,"202410011509"
"18","ŚLA",0,0,0,0,0,0,0,0,0,0,0,0,0,0,2400,"202410011509"
"SUMA","EMPTY",0,0,0,0,0,0,0,0,0,0,0,0,0,0,2400,"202410011509"
"1","ŚLA",0,0,0,0,0,0,0,0,0,0,0,0,0,0,2401,"202410011509"
"2","MOT",0,0,0,0,0,0,0,0,0,0,0,0,0,0,2401,"202410011509"
"3","LPO",0,0,0,0,0,0,0,0,0,0,0,0,0,0,2401,"202410011509"
"4","ZAG",0,0,0,0,0,0,0,0,0,0,0,0,0,0,2401,"202410011509"
"5","PUN",0,0,0,0,0,0,0,0,0,0,0,0,0,0,2401,"202410011509"
"6","RCZ",0,0,0,0,0,0,0,0,0,0,0,0,0,0,2401,"202410011509"
"7","GÓR",0,0,0,0,0,0,0,0,0,0,0,0,0,0,2401,"202410011509"
"8","RAD",0,0,0,0,0,0,0,0,0,0,0,0,0,0,2401,"202410011509"
"9","JAG",0,0,0,0,0,0,0,0,0,0,0,0,0,0,2401,"202410011509"
"10","WID",0,0,0,0,0,0,0,0,0,0,0,0,0,0,2401,"202410011509"
"11","STM",0,0,0,0,0,0,0,0,0,0,0,0,0,0,2401,"202410011509"
"12","LEG",0,0,0,0,0,0,0,0,0,0,0,0,0,0,2401,"202410011509"
"13","PIA",0,0,0,0,0,0,0,0,0,0,0,0,0,0,2401,"202410011509"
"14","CRA",0,0,0,0,0,0,0,0,0,0,0,0,0,0,2401,"202410011509"
"15","KOR",0,0,0,0,0,0,0,0,0,0,0,0,0,0,2401,"202410011509"
"16","POG",0,0,0,0,0,0,0,0,0,0,0,0,0,0,2401,"202410011509"
"17","GKS",0,0,0,0,0,0,0,0,0,0,0,0,0,0,2401,"202410011509"
"18","ŚLA",0,0,0,0,0,0,0,0,0,0,0,0,0,0,2401,"202410011509"
"SUMA","EMPTY",0,0,0,0,0,0,0,0,0,0,0,0,0,0,2401,"202410011509"
"1","RAD",0,0,0,0,0,0,0,0,0,0,0,0,0,0,610,"202410011509"
"2","STM",0,0,0,0,0,0,0,0,0,0,0,0,0,0,610,"202410011509"
"3","RCZ",0,0,0,0,0,0,0,0,0,0,0,0,0,0,610,"202410011509"
"4","PIA",0,0,0,0,0,0,0,0,0,0,0,0,0,0,610,"202410011509"
"5","MOT",0,0,0,0,0,0,0,0,0,0,0,0,0,0,610,"202410011509"
"6","JAG",0,0,0,0,0,0,0,0,0,0,0,0,0,0,610,"202410011509"
"7","ZAG",0,0,0,0,0,0,0,0,0,0,0,0,0,0,610,"202410011509"
"8","WID",0,0,0,0,0,0,0,0,0,0,0,0,0,0,610,"202410011509"
"9","GÓR",0,0,0,0,0,0,0,0,0,0,0,0,0,0,610,"202410011509"
"10","POG",0,0,0,0,0,0,0,0,0,0,0,0,0,0,610,"202410011509"
"11","PUN",0,0,0,0,0,0,0,0,0,0,0,0,0,0,610,"202410011509"
"12","ŚLA",0,0,0,0,0,0,0,0,0,0,0,0,0,0,610,"202410011509"
"13","LEG",0,0,0,0,0,0,0,0,0,0,0,0,0,0,610,"202410011509"
"14","KOR",0,0,0,0,0,0,0,0,0,0,0,0,0,0,610,"202410011509"
"15","CRA",0,0,0,0,0,0,0,0,0,0,0,0,0,0,610,"202410011509"
"16","LPO",0,0,0,0,0,0,0,0,0,0,0,0,0,0,610,"202410011509"
"17","LGD",0,0,0,0,0,0,0,0,0,0,0,0,0,0,610,"202410011509"
"18","RAD",0,0,0,0,0,0,0,0,0,0,0,0,0,0,610,"202410011509"
"SUMA","EMPTY",0,0,0,0,0,0,0,0,0,0,0,0,0,0,610,"202410011509"
"2023/24 - wiosna","EMPTY",0,0,0,0,0,0,0,0,0,0,0,0,0,0,610,"202410011509"
"2023/24 - jesień","EMPTY",0,0,0,0,0,0,0,0,0,0,0,0,0,0,610,"202410011509"
"2022/23 - wiosna","EMPTY",7,0,1,0,0,0,0,0,0,0,0,0,0,7,610,"202410011509"
"2022/23 - jesień","EMPTY",1188,0,1,0,0,0,0,1,0,0,0,4,0,28,610,"202410011509"
"2021/22 - wiosna","EMPTY",0,0,0,0,0,0,0,0,0,0,0,0,0,0,610,"202410011509"
"2021/22 - jesień","EMPTY",0,0,0,0,0,0,0,0,0,0,0,0,0,0,610,"202410011509"
"2020/21 - wiosna","EMPTY",0,0,0,0,0,0,0,0,0,0,0,0,0,0,610,"202410011509"
"2020/21 - jesień","EMPTY",0,0,0,0,0,0,0,0,0,0,0,0,0,0,610,"202410011509"
"2019/20 - jesień","EMPTY",0,0,0,0,0,0,0,0,0,0,0,0,0,0,610,"202410011509"
"2018/19 - wiosna","EMPTY",0,0,0,0,0,0,0,0,0,0,0,0,0,0,610,"202410011509"
"2018/19 - jesień","EMPTY",66,0,0,0,0,0,0,0,0,0,0,0,0,2,610,"202410011509"
"2017/18 - wiosna","EMPTY",556,1,1,0,0,0,0,0,0,0,0,0,0,34,610,"202410011509"
"2017/18 - jesień","EMPTY",917,2,3,0,0,0,0,0,0,0,0,2,0,67,610,"202410011509"
"1","GÓR",0,0,0,0,0,0,0,0,0,0,0,0,0,0,1638,"202410011509"
"2","WID",0,0,0,0,0,0,0,0,0,0,0,0,0,0,1638,"202410011509"
"3","LGD",0,0,0,0,0,0,0,0,0,0,0,0,0,0,1638,"202410011509"
"4","RCZ",0,0,0,0,0,0,0,0,0,0,0,0,0,0,1638,"202410011509"
"5","ZAG",0,0,0,0,0,0,0,0,0,0,0,0,0,0,1638,"202410011509"
"6","POG",0,0,0,0,0,0,0,0,0,0,0,0,0,0,1638,"202410011509"
"7","STM",0,0,0,0,0,0,0,0,0,0,0,0,0,0,1638,"202410011509"
"8","JAG",0,0,0,0,0,0,0,0,0,0,0,0,0,0,1638,"202410011509"
"9","ŚLA",0,0,0,0,0,0,0,0,0,0,0,0,0,0,1638,"202410011509"
"10","KOR",0,0,0,0,0,0,0,0,0,0,0,0,0,0,1638,"202410011509"
"11","MOT",0,0,0,0,0,0,0,0,0,0,0,0,0,0,1638,"202410011509"
"12","CRA",0,0,0,0,0,0,0,0,0,0,0,0,0,0,1638,"202410011509"
"13","RAD",0,0,0,0,0,0,0,0,0,0,0,0,0,0,1638,"202410011509"
"14","PUN",0,0,0,0,0,0,0,0,0,0,0,0,0,0,1638,"202410011509"
"15","LEG",0,0,0,0,0,0,0,0,0,0,0,0,0,0,1638,"202410011509"
"16","GKS",0,0,0,0,0,0,0,0,0,0,0,0,0,0,1638,"202410011509"
"17","PIA",0,0,0,0,0,0,0,0,0,0,0,0,0,0,1638,"202410011509"
"18","GÓR",0,0,0,0,0,0,0,0,0,0,0,0,0,0,1638,"202410011509"
"SUMA","EMPTY",0,0,0,0,0,0,0,0,0,0,0,0,0,0,1638,"202410011509"
"2023/24 - wiosna","EMPTY",0,0,0,0,0,0,0,0,0,0,0,0,0,0,1638,"202410011509"
"2023/24 - jesień","EMPTY",0,0,0,0,0,0,0,0,0,0,0,0,0,0,1638,"202410011509"
"2022/23 - wiosna","EMPTY",0,0,0,0,0,0,0,0,0,0,0,0,0,0,1638,"202410011509"
"2022/23 - jesień","EMPTY",0,0,0,0,0,0,0,0,0,0,0,0,0,0,1638,"202410011509"
"2021/22 - wiosna","EMPTY",0,0,0,0,0,0,0,0,0,0,0,0,0,0,1638,"202410011509"
"2021/22 - jesień","EMPTY",0,0,0,0,0,0,0,0,0,0,0,0,0,0,1638,"202410011509"
"2020/21 - wiosna","EMPTY",10,0,0,0,0,0,0,0,0,0,0,0,0,3,1638,"202410011509"
"1","ŚLA",0,0,0,0,0,0,0,0,0,0,0,0,0,0,2409,"202410011509"
"2","MOT",0,0,0,0,0,0,0,0,0,0,0,0,0,0,2409,"202410011509"
"3","LPO",0,0,0,0,0,0,0,0,0,0,0,0,0,0,2409,"202410011509"
"4","ZAG",0,0,0,0,0,0,0,0,0,0,0,0,0,0,2409,"202410011509"
"5","PUN",0,0,0,0,0,0,0,0,0,0,0,0,0,0,2409,"202410011509"
"6","RCZ",0,0,0,0,0,0,0,0,0,0,0,0,0,0,2409,"202410011509"
"7","GÓR",0,0,0,0,0,0,0,0,0,0,0,0,0,0,2409,"202410011509"
"8","RAD",0,0,0,0,0,0,0,0,0,0,0,0,0,0,2409,"202410011509"
"9","JAG",0,0,0,0,0,0,0,0,0,0,0,0,0,0,2409,"202410011509"
"10","WID",0,0,0,0,0,0,0,0,0,0,0,0,0,0,2409,"202410011509"
"11","STM",0,0,0,0,0,0,0,0,0,0,0,0,0,0,2409,"202410011509"
"12","LEG",0,0,0,0,0,0,0,0,0,0,0,0,0,0,2409,"202410011509"
"13","PIA",0,0,0,0,0,0,0,0,0,0,0,0,0,0,2409,"202410011509"
"14","CRA",0,0,0,0,0,0,0,0,0,0,0,0,0,0,2409,"202410011509"
"15","KOR",0,0,0,0,0,0,0,0,0,0,0,0,0,0,2409,"202410011509"
"16","POG",0,0,0,0,0,0,0,0,0,0,0,0,0,0,2409,"202410011509"
"17","GKS",0,0,0,0,0,0,0,0,0,0,0,0,0,0,2409,"202410011509"
"18","ŚLA",0,0,0,0,0,0,0,0,0,0,0,0,0,0,2409,"202410011509"
"SUMA","EMPTY",0,0,0,0,0,0,0,0,0,0,0,0,0,0,2409,"202410011509"
"1","GÓR",0,0,0,0,0,0,0,0,0,0,0,0,0,0,1389,"202410011509"
"2","WID",0,0,0,0,0,0,0,0,0,0,0,0,0,0,1389,"202410011509"
"3","LGD",0,0,0,0,0,0,0,0,0,0,0,0,0,0,1389,"202410011509"
"4","RCZ",0,0,0,0,0,0,0,0,0,0,0,0,0,0,1389,"202410011509"
"5","ZAG",0,0,0,0,0,0,0,0,0,0,0,0,0,0,1389,"202410011509"
"6","POG",0,0,0,0,0,0,0,0,0,0,0,0,0,0,1389,"202410011509"
"7","STM",0,0,0,0,0,0,0,0,0,0,0,0,0,0,1389,"202410011509"
"8","JAG",0,0,0,0,0,0,0,0,0,0,0,0,0,0,1389,"202410011509"
"9","ŚLA",0,0,0,0,0,0,0,0,0,0,0,0,0,0,1389,"202410011509"
"10","KOR",0,0,0,0,0,0,0,0,0,0,0,0,0,0,1389,"202410011509"
"11","MOT",0,0,0,0,0,0,0,0,0,0,0,0,0,0,1389,"202410011509"
"12","CRA",0,0,0,0,0,0,0,0,0,0,0,0,0,0,1389,"202410011509"
"13","RAD",0,0,0,0,0,0,0,0,0,0,0,0,0,0,1389,"202410011509"
"14","PUN",0,0,0,0,0,0,0,0,0,0,0,0,0,0,1389,"202410011509"
"15","LEG",0,0,0,0,0,0,0,0,0,0,0,0,0,0,1389,"202410011509"
"16","GKS",0,0,0,0,0,0,0,0,0,0,0,0,0,0,1389,"202410011509"
"17","PIA",0,0,0,0,0,0,0,0,0,0,0,0,0,0,1389,"202410011509"
"18","GÓR",0,0,0,0,0,0,0,0,0,0,0,0,0,0,1389,"202410011509"
"SUMA","EMPTY",0,0,0,0,0,0,0,0,0,0,0,0,0,0,1389,"202410011509"
"2023/24 - wiosna","EMPTY",0,0,0,0,0,0,0,0,0,0,0,0,0,0,1389,"202410011509"
"2023/24 - jesień","EMPTY",270,0,0,0,0,0,0,1,0,0,0,1,0,12,1389,"202410011509"
"2022/23 - wiosna","EMPTY",1530,0,0,0,0,0,0,0,0,2,0,0,0,85,1389,"202410011509"
"2022/23 - jesień","EMPTY",1350,0,0,0,0,0,0,0,0,0,0,2,0,56,1389,"202410011509"
"2021/22 - wiosna","EMPTY",685,0,0,0,0,0,0,0,0,0,0,0,0,26,1389,"202410011509"
"2021/22 - jesień","EMPTY",1137,0,0,0,0,0,0,0,0,0,0,0,0,49,1389,"202410011509"
"2020/21 - wiosna","EMPTY",100,0,0,0,0,0,0,0,0,0,0,0,0,1,1389,"202410011509"
"2020/21 - jesień","EMPTY",1354,0,0,0,0,0,0,0,0,0,0,0,0,36,1389,"202410011509"
"2019/20 - wiosna","EMPTY",0,0,0,0,0,0,0,0,0,0,0,0,0,0,1389,"202410011509"
"1","JAG",0,0,0,0,0,0,0,0,0,0,0,0,0,0,2158,"202410011509"
"2","GÓR",0,0,0,0,0,0,0,0,0,0,0,0,0,0,2158,"202410011509"
"3","ZAG",0,0,0,0,0,0,0,0,0,0,0,0,0,0,2158,"202410011509"
"4","LEG",0,0,0,0,0,0,0,0,0,0,0,0,0,0,2158,"202410011509"
"5","LGD",0,0,0,0,0,0,0,0,0,0,0,0,0,0,2158,"202410011509"
"6","MOT",0,0,0,0,0,0,0,0,0,0,0,0,0,0,2158,"202410011509"
"7","KOR",0,0,0,0,0,0,0,0,0,0,0,0,0,0,2158,"202410011509"
"8","PIA",0,0,0,0,0,0,0,0,0,0,0,0,0,0,2158,"202410011509"
"9","CRA",0,0,0,0,0,0,0,0,0,0,0,0,0,0,2158,"202410011509"
"10","RCZ",0,0,0,0,0,0,0,0,0,0,0,0,0,0,2158,"202410011509"
"11","GKS",0,0,0,0,0,0,0,0,0,0,0,0,0,0,2158,"202410011509"
"12","RAD",0,0,0,0,0,0,0,0,0,0,0,0,0,0,2158,"202410011509"
"13","POG",0,0,0,0,0,0,0,0,0,0,0,0,0,0,2158,"202410011509"
"14","LPO",0,0,0,0,0,0,0,0,0,0,0,0,0,0,2158,"202410011509"
"15","STM",0,0,0,0,0,0,0,0,0,0,0,0,0,0,2158,"202410011509"
"16","WID",0,0,0,0,0,0,0,0,0,0,0,0,0,0,2158,"202410011509"
"17","ŚLA",0,0,0,0,0,0,0,0,0,0,0,0,0,0,2158,"202410011509"
"18","JAG",0,0,0,0,0,0,0,0,0,0,0,0,0,0,2158,"202410011509"
"SUMA","EMPTY",0,0,0,0,0,0,0,0,0,0,0,0,0,0,2158,"202410011509"
"2023/24 - wiosna","EMPTY",12,0,0,0,0,0,0,0,0,0,0,0,0,1,2158,"202410011509"
"2023/24 - jesień","EMPTY",0,0,0,0,0,0,0,0,0,0,0,0,0,0,2158,"202410011509"
"1","GÓR",0,0,0,0,0,0,0,0,0,0,0,0,0,0,1911,"202410011509"
"2","WID",0,0,0,0,0,0,0,0,0,0,0,0,0,0,1911,"202410011509"
"3","LGD",0,0,0,0,0,0,0,0,0,0,0,0,0,0,1911,"202410011509"
"4","RCZ",0,0,0,0,0,0,0,0,0,0,0,0,0,0,1911,"202410011509"
"5","ZAG",0,0,0,0,0,0,0,0,0,0,0,0,0,0,1911,"202410011509"
"6","POG",0,0,0,0,0,0,0,0,0,0,0,0,0,0,1911,"202410011509"
"7","STM",0,0,0,0,0,0,0,0,0,0,0,0,0,0,1911,"202410011509"
"8","JAG",0,0,0,0,0,0,0,0,0,0,0,0,0,0,1911,"202410011509"
"9","ŚLA",0,0,0,0,0,0,0,0,0,0,0,0,0,0,1911,"202410011509"
"10","KOR",0,0,0,0,0,0,0,0,0,0,0,0,0,0,1911,"202410011509"
"11","MOT",0,0,0,0,0,0,0,0,0,0,0,0,0,0,1911,"202410011509"
"12","CRA",0,0,0,0,0,0,0,0,0,0,0,0,0,0,1911,"202410011509"
"13","RAD",0,0,0,0,0,0,0,0,0,0,0,0,0,0,1911,"202410011509"
"14","PUN",0,0,0,0,0,0,0,0,0,0,0,0,0,0,1911,"202410011509"
"15","LEG",0,0,0,0,0,0,0,0,0,0,0,0,0,0,1911,"202410011509"
"16","GKS",0,0,0,0,0,0,0,0,0,0,0,0,0,0,1911,"202410011509"
"17","PIA",0,0,0,0,0,0,0,0,0,0,0,0,0,0,1911,"202410011509"
"18","GÓR",0,0,0,0,0,0,0,0,0,0,0,0,0,0,1911,"202410011509"
"SUMA","EMPTY",0,0,0,0,0,0,0,0,0,0,0,0,0,0,1911,"202410011509"
"2023/24 - wiosna","EMPTY",0,0,0,0,0,0,0,0,0,0,0,0,0,0,1911,"202410011509"
"2023/24 - jesień","EMPTY",0,0,0,0,0,0,0,0,0,0,0,0,0,0,1911,"202410011509"
"2022/23 - wiosna","EMPTY",0,0,0,0,0,0,0,0,0,0,0,0,0,0,1911,"202410011509"
"2022/23 - jesień","EMPTY",0,0,0,0,0,0,0,0,0,0,0,0,0,0,1911,"202410011509"
"2021/22 - wiosna","EMPTY",0,0,0,0,0,0,0,0,0,0,0,0,0,0,1911,"202410011509"
"1","JAG",0,0,0,0,0,0,0,0,0,0,0,0,0,0,2167,"202410011509"
"2","GÓR",0,0,0,0,0,0,0,0,0,0,0,0,0,0,2167,"202410011509"
"3","ZAG",0,0,0,0,0,0,0,0,0,0,0,0,0,0,2167,"202410011509"
"4","LEG",0,0,0,0,0,0,0,0,0,0,0,0,0,0,2167,"202410011509"
"5","LGD",0,0,0,0,0,0,0,0,0,0,0,0,0,0,2167,"202410011509"
"6","MOT",0,0,0,0,0,0,0,0,0,0,0,0,0,0,2167,"202410011509"
"7","KOR",0,0,0,0,0,0,0,0,0,0,0,0,0,0,2167,"202410011509"
"8","PIA",0,0,0,0,0,0,0,0,0,0,0,0,0,0,2167,"202410011509"
"9","CRA",0,0,0,0,0,0,0,0,0,0,0,0,0,0,2167,"202410011509"
"10","RCZ",0,0,0,0,0,0,0,0,0,0,0,0,0,0,2167,"202410011509"
"11","GKS",0,0,0,0,0,0,0,0,0,0,0,0,0,0,2167,"202410011509"
"12","RAD",0,0,0,0,0,0,0,0,0,0,0,0,0,0,2167,"202410011509"
"13","POG",0,0,0,0,0,0,0,0,0,0,0,0,0,0,2167,"202410011509"
"14","LPO",0,0,0,0,0,0,0,0,0,0,0,0,0,0,2167,"202410011509"
"15","STM",0,0,0,0,0,0,0,0,0,0,0,0,0,0,2167,"202410011509"
"16","WID",0,0,0,0,0,0,0,0,0,0,0,0,0,0,2167,"202410011509"
"17","ŚLA",0,0,0,0,0,0,0,0,0,0,0,0,0,0,2167,"202410011509"
"18","JAG",0,0,0,0,0,0,0,0,0,0,0,0,0,0,2167,"202410011509"
"SUMA","EMPTY",0,0,0,0,0,0,0,0,0,0,0,0,0,0,2167,"202410011509"
"2023/24 - wiosna","EMPTY",0,0,0,0,0,0,0,0,0,0,0,0,0,0,2167,"202410011509"
"2023/24 - jesień","EMPTY",261,1,1,0,0,0,0,0,0,0,0,1,0,15,2167,"202410011509"
"1","RCZ",0,0,0,0,0,0,0,0,0,0,0,0,0,0,1660,"202410011509"
"2","LGD",0,0,0,0,0,0,0,0,0,0,0,0,0,0,1660,"202410011509"
"3","KOR",0,0,0,0,0,0,0,0,0,0,0,0,0,0,1660,"202410011509"
"5","GKS",0,0,0,0,0,0,0,0,0,0,0,0,0,0,1660,"202410011509"
"6","PUN",0,0,0,0,0,0,0,0,0,0,0,0,0,0,1660,"202410011509"
"7","LEG",0,0,0,0,0,0,0,0,0,0,0,0,0,0,1660,"202410011509"
"8","GÓR",0,0,0,0,0,0,0,0,0,0,0,0,0,0,1660,"202410011509"
"9","JAG",0,0,0,0,0,0,0,0,0,0,0,0,0,0,1660,"202410011509"
"9","STM",0,0,0,0,0,0,0,0,0,0,0,0,0,0,1660,"202410011509"
"10","ŚLA",0,0,0,0,0,0,0,0,0,0,0,0,0,0,1660,"202410011509"
"11","LPO",0,0,0,0,0,0,0,0,0,0,0,0,0,0,1660,"202410011509"
"12","WID",0,0,0,0,0,0,0,0,0,0,0,0,0,0,1660,"202410011509"
"13","CRA",0,0,0,0,0,0,0,0,0,0,0,0,0,0,1660,"202410011509"
"14","POG",0,0,0,0,0,0,0,0,0,0,0,0,0,0,1660,"202410011509"
"15","PIA",0,0,0,0,0,0,0,0,0,0,0,0,0,0,1660,"202410011509"
"16","ZAG",0,0,0,0,0,0,0,0,0,0,0,0,0,0,1660,"202410011509"
"17","RAD",0,0,0,0,0,0,0,0,0,0,0,0,0,0,1660,"202410011509"
"18","RCZ",0,0,0,0,0,0,0,0,0,0,0,0,0,0,1660,"202410011509"
"SUMA","EMPTY",0,0,0,0,0,0,0,0,0,0,0,0,0,0,1660,"202410011509"
"2021/22 - wiosna","EMPTY",524,0,0,0,0,0,0,0,0,0,0,1,0,20,1660,"202410011509"
"2021/22 - jesień","EMPTY",923,2,0,0,0,0,0,0,0,0,0,1,0,32,1660,"202410011509"
"1","ZAG",0,0,0,0,0,0,0,0,0,0,0,0,0,0,2429,"202410011509"
"2","KOR",0,0,0,0,0,0,0,0,0,0,0,0,0,0,2429,"202410011509"
"3","PIA",0,0,0,0,0,0,0,0,0,0,0,0,0,0,2429,"202410011509"
"4","PUN",0,0,0,0,0,0,0,0,0,0,0,0,0,0,2429,"202410011509"
"5","RAD",0,0,0,0,0,0,0,0,0,0,0,0,0,0,2429,"202410011509"
"6","ŚLA",0,0,0,0,0,0,0,0,0,0,0,0,0,0,2429,"202410011509"
"7","MOT",0,0,0,0,0,0,0,0,0,0,0,0,0,0,2429,"202410011509"
"8","RCZ",0,0,0,0,0,0,0,0,0,0,0,0,0,0,2429,"202410011509"
"9","POG",0,0,0,0,0,0,0,0,0,0,0,0,0,0,2429,"202410011509"
"10","GÓR",0,0,0,0,0,0,0,0,0,0,0,0,0,0,2429,"202410011509"
"11","JAG",0,0,0,0,0,0,0,0,0,0,0,0,0,0,2429,"202410011509"
"12","LGD",0,0,0,0,0,0,0,0,0,0,0,0,0,0,2429,"202410011509"
"13","GKS",0,0,0,0,0,0,0,0,0,0,0,0,0,0,2429,"202410011509"
"14","WID",0,0,0,0,0,0,0,0,0,0,0,0,0,0,2429,"202410011509"
"15","LPO",0,0,0,0,0,0,0,0,0,0,0,0,0,0,2429,"202410011509"
"16","CRA",0,0,0,0,0,0,0,0,0,0,0,0,0,0,2429,"202410011509"
"17","STM",0,0,0,0,0,0,0,0,0,0,0,0,0,0,2429,"202410011509"
"18","ZAG",0,0,0,0,0,0,0,0,0,0,0,0,0,0,2429,"202410011509"
"SUMA","EMPTY",0,0,0,0,0,0,0,0,0,0,0,0,0,0,2429,"202410011509"
"1","LGD",0,0,0,0,0,0,0,0,0,0,0,0,0,0,2441,"202410011509"
"2","PIA",0,0,0,0,0,0,0,0,0,0,0,0,0,0,2441,"202410011509"
"4","WID",0,0,0,0,0,0,0,0,0,0,0,0,0,0,2441,"202410011509"
"5","KOR",0,0,0,0,0,0,0,0,0,0,0,0,0,0,2441,"202410011509"
"6","LEG",0,0,0,0,0,0,0,0,0,0,0,0,0,0,2441,"202410011509"
"7","POG",0,0,0,0,0,0,0,0,0,0,0,0,0,0,2441,"202410011509"
"8","STM",0,0,0,0,0,0,0,0,0,0,0,0,0,0,2441,"202410011509"
"9","LPO",0,0,0,0,0,0,0,0,0,0,0,0,0,0,2441,"202410011509"
"10","MOT",0,0,0,0,0,0,0,0,0,0,0,0,0,0,2441,"202410011509"
"11","CRA",0,0,0,0,0,0,0,0,0,0,0,0,0,0,2441,"202410011509"
"12","GKS",0,0,0,0,0,0,0,0,0,0,0,0,0,0,2441,"202410011509"
"13","RCZ",0,0,0,0,0,0,0,0,0,0,0,0,0,0,2441,"202410011509"
"14","ZAG",0,0,0,0,0,0,0,0,0,0,0,0,0,0,2441,"202410011509"
"15","GÓR",0,0,0,0,0,0,0,0,0,0,0,0,0,0,2441,"202410011509"
"16","JAG",0,0,0,0,0,0,0,0,0,0,0,0,0,0,2441,"202410011509"
"17","PUN",0,0,0,0,0,0,0,0,0,0,0,0,0,0,2441,"202410011509"
"18","RAD",0,0,0,0,0,0,0,0,0,0,0,0,0,0,2441,"202410011509"
"18","LGD",0,0,0,0,0,0,0,0,0,0,0,0,0,0,2441,"202410011509"
"SUMA","EMPTY",0,0,0,0,0,0,0,0,0,0,0,0,0,0,2441,"202410011509"
"1","LPO",0,0,0,0,0,0,0,0,0,0,0,0,0,0,1675,"202410011509"
"2","PUN",0,0,0,0,0,0,0,0,0,0,0,0,0,0,1675,"202410011509"
"3","POG",0,0,0,0,0,0,0,0,0,0,0,0,0,0,1675,"202410011509"
"4","RAD",0,0,0,0,0,0,0,0,0,0,0,0,0,0,1675,"202410011509"
"5","RCZ",0,0,0,0,0,0,0,0,0,0,0,0,0,0,1675,"202410011509"
"6","CRA",0,0,0,0,0,0,0,0,0,0,0,0,0,0,1675,"202410011509"
"7","LGD",0,0,0,0,0,0,0,0,0,0,0,0,0,0,1675,"202410011509"
"8","MOT",0,0,0,0,0,0,0,0,0,0,0,0,0,0,1675,"202410011509"
"9","GKS",0,0,0,0,0,0,0,0,0,0,0,0,0,0,1675,"202410011509"
"10","LEG",0,0,0,0,0,0,0,0,0,0,0,0,0,0,1675,"202410011509"
"11","ZAG",0,0,0,0,0,0,0,0,0,0,0,0,0,0,1675,"202410011509"
"12","STM",0,0,0,0,0,0,0,0,0,0,0,0,0,0,1675,"202410011509"
"13","WID",0,0,0,0,0,0,0,0,0,0,0,0,0,0,1675,"202410011509"
"14","JAG",0,0,0,0,0,0,0,0,0,0,0,0,0,0,1675,"202410011509"
"15","ŚLA",0,0,0,0,0,0,0,0,0,0,0,0,0,0,1675,"202410011509"
"16","PIA",0,0,0,0,0,0,0,0,0,0,0,0,0,0,1675,"202410011509"
"17","KOR",0,0,0,0,0,0,0,0,0,0,0,0,0,0,1675,"202410011509"
"18","LPO",0,0,0,0,0,0,0,0,0,0,0,0,0,0,1675,"202410011509"
"SUMA","EMPTY",0,0,0,0,0,0,0,0,0,0,0,0,0,0,1675,"202410011509"
"2023/24 - wiosna","EMPTY",416,0,0,0,0,0,0,0,0,0,0,0,0,14,1675,"202410011509"
"2023/24 - jesień","EMPTY",270,0,0,0,0,0,0,0,0,0,0,0,0,11,1675,"202410011509"
"2022/23 - wiosna","EMPTY",0,0,0,0,0,0,0,0,0,0,0,0,0,0,1675,"202410011509"
"2022/23 - jesień","EMPTY",270,0,0,0,0,0,0,0,0,0,0,0,0,11,1675,"202410011509"
"2021/22 - wiosna","EMPTY",1290,0,0,0,0,0,0,0,0,0,0,0,0,32,1675,"202410011509"
"2021/22 - jesień","EMPTY",1854,0,0,0,0,0,0,1,0,1,0,0,0,73,1675,"202410011509"
"1","POG",0,0,0,0,0,0,0,0,0,0,0,0,0,0,1936,"202410011509"
"2","LEG",0,0,0,0,0,0,0,0,0,0,0,0,0,0,1936,"202410011509"
"3","MOT",0,0,0,0,0,0,0,0,0,0,0,0,0,0,1936,"202410011509"
"4","CRA",0,0,0,0,0,0,0,0,0,0,0,0,0,0,1936,"202410011509"
"5","ŚLA",0,0,0,0,0,0,0,0,0,0,0,0,0,0,1936,"202410011509"
"6","STM",0,0,0,0,0,0,0,0,0,0,0,0,0,0,1936,"202410011509"
"7","PUN",0,0,0,0,0,0,0,0,0,0,0,0,0,0,1936,"202410011509"
"8","ZAG",0,0,0,0,0,0,0,0,0,0,0,0,0,0,1936,"202410011509"
"9","RAD",0,0,0,0,0,0,0,0,0,0,0,0,0,0,1936,"202410011509"
"10","LPO",0,0,0,0,0,0,0,0,0,0,0,0,0,0,1936,"202410011509"
"11","WID",0,0,0,0,0,0,0,0,0,0,0,0,0,0,1936,"202410011509"
"12","PIA",0,0,0,0,0,0,0,0,0,0,0,0,0,0,1936,"202410011509"
"13","JAG",0,0,0,0,0,0,0,0,0,0,0,0,0,0,1936,"202410011509"
"14","GKS",0,0,0,0,0,0,0,0,0,0,0,0,0,0,1936,"202410011509"
"15","LGD",0,0,0,0,0,0,0,0,0,0,0,0,0,0,1936,"202410011509"
"16","RCZ",0,0,0,0,0,0,0,0,0,0,0,0,0,0,1936,"202410011509"
"17","GÓR",0,0,0,0,0,0,0,0,0,0,0,0,0,0,1936,"202410011509"
"18","POG",0,0,0,0,0,0,0,0,0,0,0,0,0,0,1936,"202410011509"
"SUMA","EMPTY",0,0,0,0,0,0,0,0,0,0,0,0,0,0,1936,"202410011509"
"2023/24 - wiosna","EMPTY",0,0,0,0,0,0,0,0,0,0,0,0,0,0,1936,"202410011509"
"2023/24 - jesień","EMPTY",0,0,0,0,0,0,0,0,0,0,0,0,0,0,1936,"202410011509"
"2022/23 - wiosna","EMPTY",4,0,0,0,0,0,0,0,0,0,0,0,0,2,1936,"202410011509"
"2022/23 - jesień","EMPTY",0,0,0,0,0,0,0,0,0,0,0,0,0,0,1936,"202410011509"
"1","STM",0,0,0,0,0,0,0,0,0,0,0,0,0,0,1942,"202410011509"
"2","LPO",0,0,0,0,0,0,0,0,0,0,0,0,0,0,1942,"202410011509"
"3","CRA",0,0,0,0,0,0,0,0,0,0,0,0,0,0,1942,"202410011509"
"4","ŚLA",0,0,0,0,0,0,0,0,0,0,0,0,0,0,1942,"202410011509"
"5","POG",0,0,0,0,0,0,0,0,0,0,0,0,0,0,1942,"202410011509"
"6","RAD",0,0,0,0,0,0,0,0,0,0,0,0,0,0,1942,"202410011509"
"7","JAG",0,0,0,0,0,0,0,0,0,0,0,0,0,0,1942,"202410011509"
"8","GKS",0,0,0,0,0,0,0,0,0,0,0,0,0,0,1942,"202410011509"
"9","PIA",0,0,0,0,0,0,0,0,0,0,0,0,0,0,1942,"202410011509"
"10","LGD",0,0,0,0,0,0,0,0,0,0,0,0,0,0,1942,"202410011509"
"11","KOR",0,0,0,0,0,0,0,0,0,0,0,0,0,0,1942,"202410011509"
"12","MOT",0,0,0,0,0,0,0,0,0,0,0,0,0,0,1942,"202410011509"
"13","GÓR",0,0,0,0,0,0,0,0,0,0,0,0,0,0,1942,"202410011509"
"14","LEG",0,0,0,0,0,0,0,0,0,0,0,0,0,0,1942,"202410011509"
"15","ZAG",0,0,0,0,0,0,0,0,0,0,0,0,0,0,1942,"202410011509"
"16","PUN",0,0,0,0,0,0,0,0,0,0,0,0,0,0,1942,"202410011509"
"17","RCZ",0,0,0,0,0,0,0,0,0,0,0,0,0,0,1942,"202410011509"
"18","STM",0,0,0,0,0,0,0,0,0,0,0,0,0,0,1942,"202410011509"
"SUMA","EMPTY",0,0,0,0,0,0,0,0,0,0,0,0,0,0,1942,"202410011509"
"2023/24 - wiosna","EMPTY",0,0,0,0,0,0,0,0,0,0,0,0,0,0,1942,"202410011509"
"2023/24 - jesień","EMPTY",0,0,0,0,0,0,0,0,0,0,0,0,0,0,1942,"202410011509"
"2022/23 - wiosna","EMPTY",60,0,0,0,0,0,0,0,0,0,0,0,0,4,1942,"202410011509"
"2022/23 - jesień","EMPTY",0,0,0,0,0,0,0,0,0,0,0,0,0,0,1942,"202410011509"
"1","STM",0,0,0,0,0,0,0,0,0,0,0,0,0,0,2198,"202410011509"
"2","LPO",0,0,0,0,0,0,0,0,0,0,0,0,0,0,2198,"202410011509"
"3","CRA",0,0,0,0,0,0,0,0,0,0,0,0,0,0,2198,"202410011509"
"4","ŚLA",0,0,0,0,0,0,0,0,0,0,0,0,0,0,2198,"202410011509"
"5","POG",0,0,0,0,0,0,0,0,0,0,0,0,0,0,2198,"202410011509"
"6","RAD",0,0,0,0,0,0,0,0,0,0,0,0,0,0,2198,"202410011509"
"7","JAG",0,0,0,0,0,0,0,0,0,0,0,0,0,0,2198,"202410011509"
"8","GKS",0,0,0,0,0,0,0,0,0,0,0,0,0,0,2198,"202410011509"
"9","PIA",0,0,0,0,0,0,0,0,0,0,0,0,0,0,2198,"202410011509"
"10","LGD",0,0,0,0,0,0,0,0,0,0,0,0,0,0,2198,"202410011509"
"11","KOR",0,0,0,0,0,0,0,0,0,0,0,0,0,0,2198,"202410011509"
"12","MOT",0,0,0,0,0,0,0,0,0,0,0,0,0,0,2198,"202410011509"
"13","GÓR",0,0,0,0,0,0,0,0,0,0,0,0,0,0,2198,"202410011509"
"14","LEG",0,0,0,0,0,0,0,0,0,0,0,0,0,0,2198,"202410011509"
"15","ZAG",0,0,0,0,0,0,0,0,0,0,0,0,0,0,2198,"202410011509"
"16","PUN",0,0,0,0,0,0,0,0,0,0,0,0,0,0,2198,"202410011509"
"17","RCZ",0,0,0,0,0,0,0,0,0,0,0,0,0,0,2198,"202410011509"
"18","STM",0,0,0,0,0,0,0,0,0,0,0,0,0,0,2198,"202410011509"
"SUMA","EMPTY",0,0,0,0,0,0,0,0,0,0,0,0,0,0,2198,"202410011509"
"2023/24 - wiosna","EMPTY",90,0,0,0,0,0,0,0,0,0,0,0,0,1,2198,"202410011509"
"2023/24 - jesień","EMPTY",90,0,0,0,0,0,0,0,0,0,0,0,0,3,2198,"202410011509"
"1","PIA",0,0,0,0,0,0,0,0,0,0,0,0,0,0,2455,"202410011509"
"2","RCZ",0,0,0,0,0,0,0,0,0,0,0,0,0,0,2455,"202410011509"
"3","WID",0,0,0,0,0,0,0,0,0,0,0,0,0,0,2455,"202410011509"
"4","KOR",0,0,0,0,0,0,0,0,0,0,0,0,0,0,2455,"202410011509"
"5","JAG",0,0,0,0,0,0,0,0,0,0,0,0,0,0,2455,"202410011509"
"6","GÓR",0,0,0,0,0,0,0,0,0,0,0,0,0,0,2455,"202410011509"
"7","RAD",0,0,0,0,0,0,0,0,0,0,0,0,0,0,2455,"202410011509"
"8","POG",0,0,0,0,0,0,0,0,0,0,0,0,0,0,2455,"202410011509"
"9","PUN",0,0,0,0,0,0,0,0,0,0,0,0,0,0,2455,"202410011509"
"10","STM",0,0,0,0,0,0,0,0,0,0,0,0,0,0,2455,"202410011509"
"11","ŚLA",0,0,0,0,0,0,0,0,0,0,0,0,0,0,2455,"202410011509"
"12","LPO",0,0,0,0,0,0,0,0,0,0,0,0,0,0,2455,"202410011509"
"13","MOT",0,0,0,0,0,0,0,0,0,0,0,0,0,0,2455,"202410011509"
"14","LGD",0,0,0,0,0,0,0,0,0,0,0,0,0,0,2455,"202410011509"
"15","GKS",0,0,0,0,0,0,0,0,0,0,0,0,0,0,2455,"202410011509"
"16","LEG",0,0,0,0,0,0,0,0,0,0,0,0,0,0,2455,"202410011509"
"17","ZAG",0,0,0,0,0,0,0,0,0,0,0,0,0,0,2455,"202410011509"
"18","PIA",0,0,0,0,0,0,0,0,0,0,0,0,0,0,2455,"202410011509"
"SUMA","EMPTY",0,0,0,0,0,0,0,0,0,0,0,0,0,0,2455,"202410011509"
"1","JAG",0,0,0,0,0,0,0,0,0,0,0,0,0,0,408,"202410011509"
"2","GÓR",0,0,0,0,0,0,0,0,0,0,0,0,0,0,408,"202410011509"
"3","ZAG",0,0,0,0,0,0,0,0,0,0,0,0,0,0,408,"202410011509"
"4","LEG",0,0,0,0,0,0,0,0,0,0,0,0,0,0,408,"202410011509"
"5","LGD",0,0,0,0,0,0,0,0,0,0,0,0,0,0,408,"202410011509"
"6","MOT",0,0,0,0,0,0,0,0,0,0,0,0,0,0,408,"202410011509"
"7","KOR",0,0,0,0,0,0,0,0,0,0,0,0,0,0,408,"202410011509"
"8","PIA",0,0,0,0,0,0,0,0,0,0,0,0,0,0,408,"202410011509"
"9","CRA",0,0,0,0,0,0,0,0,0,0,0,0,0,0,408,"202410011509"
"10","RCZ",0,0,0,0,0,0,0,0,0,0,0,0,0,0,408,"202410011509"
"11","GKS",0,0,0,0,0,0,0,0,0,0,0,0,0,0,408,"202410011509"
"12","RAD",0,0,0,0,0,0,0,0,0,0,0,0,0,0,408,"202410011509"
"13","POG",0,0,0,0,0,0,0,0,0,0,0,0,0,0,408,"202410011509"
"14","LPO",0,0,0,0,0,0,0,0,0,0,0,0,0,0,408,"202410011509"
"15","STM",0,0,0,0,0,0,0,0,0,0,0,0,0,0,408,"202410011509"
"16","WID",0,0,0,0,0,0,0,0,0,0,0,0,0,0,408,"202410011509"
"17","ŚLA",0,0,0,0,0,0,0,0,0,0,0,0,0,0,408,"202410011509"
"18","JAG",0,0,0,0,0,0,0,0,0,0,0,0,0,0,408,"202410011509"
"SUMA","EMPTY",0,0,0,0,0,0,0,0,0,0,0,0,0,0,408,"202410011509"
"2023/24 - wiosna","EMPTY",507,0,1,0,0,0,0,0,0,0,0,1,0,19,408,"202410011509"
"2023/24 - jesień","EMPTY",914,5,0,0,0,0,0,0,0,0,0,3,0,48,408,"202410011509"
"2022/23 - wiosna","EMPTY",0,0,0,0,0,0,0,0,0,0,0,0,0,0,408,"202410011509"
"2022/23 - jesień","EMPTY",0,0,0,0,0,0,0,0,0,0,0,0,0,0,408,"202410011509"
"2021/22 - wiosna","EMPTY",0,0,0,0,0,0,0,0,0,0,0,0,0,0,408,"202410011509"
"2021/22 - jesień","EMPTY",0,0,0,0,0,0,0,0,0,0,0,0,0,0,408,"202410011509"
"2020/21 - wiosna","EMPTY",0,0,0,0,0,0,0,0,0,0,0,0,0,0,408,"202410011509"
"2020/21 - jesień","EMPTY",0,0,0,0,0,0,0,0,0,0,0,0,0,0,408,"202410011509"
"2019/20 - jesień","EMPTY",0,0,0,0,0,0,0,0,0,0,0,0,0,0,408,"202410011509"
"2018/19 - wiosna","EMPTY",0,0,0,0,0,0,0,0,0,0,0,0,0,0,408,"202410011509"
"2018/19 - jesień","EMPTY",0,0,0,0,0,0,0,0,0,0,0,0,0,0,408,"202410011509"
"2017/18 - wiosna","EMPTY",0,0,0,0,0,0,0,0,0,0,0,0,0,0,408,"202410011509"
"2017/18 - jesień","EMPTY",0,0,0,0,0,0,0,0,0,0,0,0,0,0,408,"202410011509"
"2016/17 - wiosna","EMPTY",31,0,0,0,0,0,0,0,0,0,0,0,0,4,408,"202410011509"
"2016/17 - jesień","EMPTY",20,0,0,0,0,0,0,0,0,0,0,0,0,2,408,"202410011509"
"1","WID",0,0,0,0,0,0,0,0,0,0,0,0,0,0,409,"202410011509"
"2","GKS",0,0,0,0,0,0,0,0,0,0,0,0,0,0,409,"202410011509"
"3","JAG",0,0,0,0,0,0,0,0,0,0,0,0,0,0,409,"202410011509"
"4","POG",0,0,0,0,0,0,0,0,0,0,0,0,0,0,409,"202410011509"
"5","PIA",0,0,0,0,0,0,0,0,0,0,0,0,0,0,409,"202410011509"
"6","KOR",0,0,0,0,0,0,0,0,0,0,0,0,0,0,409,"202410011509"
"7","LPO",0,0,0,0,0,0,0,0,0,0,0,0,0,0,409,"202410011509"
"8","ŚLA",0,0,0,0,0,0,0,0,0,0,0,0,0,0,409,"202410011509"
"9","MOT",0,0,0,0,0,0,0,0,0,0,0,0,0,0,409,"202410011509"
"10","CRA",0,0,0,0,0,0,0,0,0,0,0,0,0,0,409,"202410011509"
"11","LGD",0,0,0,0,0,0,0,0,0,0,0,0,0,0,409,"202410011509"
"12","GÓR",0,0,0,0,0,0,0,0,0,0,0,0,0,0,409,"202410011509"
"13","ZAG",0,0,0,0,0,0,0,0,0,0,0,0,0,0,409,"202410011509"
"14","RCZ",0,0,0,0,0,0,0,0,0,0,0,0,0,0,409,"202410011509"
"15","PUN",0,0,0,0,0,0,0,0,0,0,0,0,0,0,409,"202410011509"
"16","RAD",0,0,0,0,0,0,0,0,0,0,0,0,0,0,409,"202410011509"
"17","LEG",0,0,0,0,0,0,0,0,0,0,0,0,0,0,409,"202410011509"
"18","WID",0,0,0,0,0,0,0,0,0,0,0,0,0,0,409,"202410011509"
"SUMA","EMPTY",0,0,0,0,0,0,0,0,0,0,0,0,0,0,409,"202410011509"
"2023/24 - wiosna","EMPTY",90,0,0,0,0,0,0,0,0,0,0,0,0,0,409,"202410011509"
"2023/24 - jesień","EMPTY",0,0,0,0,0,0,0,0,0,0,0,0,0,0,409,"202410011509"
"2022/23 - wiosna","EMPTY",0,0,0,0,0,0,0,0,0,0,0,0,0,0,409,"202410011509"
"2022/23 - jesień","EMPTY",0,0,0,0,0,0,0,0,0,0,0,0,0,0,409,"202410011509"
"2021/22 - wiosna","EMPTY",0,0,0,0,0,0,0,0,0,0,0,0,0,0,409,"202410011509"
"2021/22 - jesień","EMPTY",0,0,0,0,0,0,0,0,0,0,0,0,0,0,409,"202410011509"
"2020/21 - wiosna","EMPTY",0,0,0,0,0,0,0,0,0,0,0,0,0,0,409,"202410011509"
"2020/21 - jesień","EMPTY",0,0,0,0,0,0,0,0,0,0,0,0,0,0,409,"202410011509"
"2019/20 - jesień","EMPTY",0,0,0,0,0,0,0,0,0,0,0,0,0,0,409,"202410011509"
"2018/19 - wiosna","EMPTY",0,0,0,0,0,0,0,0,0,0,0,0,0,0,409,"202410011509"
"2017/18 - wiosna","EMPTY",0,0,0,0,0,0,0,0,0,0,0,0,0,0,409,"202410011509"
"2017/18 - jesień","EMPTY",0,0,0,0,0,0,0,0,0,0,0,0,0,0,409,"202410011509"
"2016/17 - wiosna","EMPTY",900,0,0,0,0,0,0,0,0,0,0,0,0,11,409,"202410011509"
"2016/17 - jesień","EMPTY",1620,0,0,0,0,0,0,0,0,0,0,0,0,67,409,"202410011509"
"1","WID",0,0,0,0,0,0,0,0,0,0,0,0,0,0,1433,"202410011509"
"2","GKS",0,0,0,0,0,0,0,0,0,0,0,0,0,0,1433,"202410011509"
"3","JAG",0,0,0,0,0,0,0,0,0,0,0,0,0,0,1433,"202410011509"
"4","POG",0,0,0,0,0,0,0,0,0,0,0,0,0,0,1433,"202410011509"
"5","PIA",0,0,0,0,0,0,0,0,0,0,0,0,0,0,1433,"202410011509"
"6","KOR",0,0,0,0,0,0,0,0,0,0,0,0,0,0,1433,"202410011509"
"7","LPO",0,0,0,0,0,0,0,0,0,0,0,0,0,0,1433,"202410011509"
"8","ŚLA",0,0,0,0,0,0,0,0,0,0,0,0,0,0,1433,"202410011509"
"9","MOT",0,0,0,0,0,0,0,0,0,0,0,0,0,0,1433,"202410011509"
"10","CRA",0,0,0,0,0,0,0,0,0,0,0,0,0,0,1433,"202410011509"
"11","LGD",0,0,0,0,0,0,0,0,0,0,0,0,0,0,1433,"202410011509"
"12","GÓR",0,0,0,0,0,0,0,0,0,0,0,0,0,0,1433,"202410011509"
"13","ZAG",0,0,0,0,0,0,0,0,0,0,0,0,0,0,1433,"202410011509"
"14","RCZ",0,0,0,0,0,0,0,0,0,0,0,0,0,0,1433,"202410011509"
"15","PUN",0,0,0,0,0,0,0,0,0,0,0,0,0,0,1433,"202410011509"
"16","RAD",0,0,0,0,0,0,0,0,0,0,0,0,0,0,1433,"202410011509"
"17","LEG",0,0,0,0,0,0,0,0,0,0,0,0,0,0,1433,"202410011509"
"18","WID",0,0,0,0,0,0,0,0,0,0,0,0,0,0,1433,"202410011509"
"SUMA","EMPTY",0,0,0,0,0,0,0,0,0,0,0,0,0,0,1433,"202410011509"
"2023/24 - wiosna","EMPTY",0,0,0,0,0,0,0,0,0,0,0,0,0,0,1433,"202410011509"
"2023/24 - jesień","EMPTY",0,0,0,0,0,0,0,0,0,0,0,0,0,0,1433,"202410011509"
"2022/23 - wiosna","EMPTY",0,0,0,0,0,0,0,0,0,0,0,0,0,0,1433,"202410011509"
"2022/23 - jesień","EMPTY",0,0,0,0,0,0,0,0,0,0,0,0,0,0,1433,"202410011509"
"2021/22 - wiosna","EMPTY",0,0,0,0,0,0,0,0,0,0,0,0,0,0,1433,"202410011509"
"2021/22 - jesień","EMPTY",0,0,0,0,0,0,0,0,0,0,0,0,0,0,1433,"202410011509"
"2020/21 - wiosna","EMPTY",0,0,0,0,0,0,0,0,0,0,0,0,0,0,1433,"202410011509"
"2020/21 - jesień","EMPTY",0,0,0,0,0,0,0,0,0,0,0,0,0,0,1433,"202410011509"
"1","STM",0,0,0,0,0,0,0,0,0,0,0,0,0,0,1946,"202410011509"
"2","LPO",0,0,0,0,0,0,0,0,0,0,0,0,0,0,1946,"202410011509"
"3","CRA",0,0,0,0,0,0,0,0,0,0,0,0,0,0,1946,"202410011509"
"4","ŚLA",0,0,0,0,0,0,0,0,0,0,0,0,0,0,1946,"202410011509"
"5","POG",0,0,0,0,0,0,0,0,0,0,0,0,0,0,1946,"202410011509"
"6","RAD",0,0,0,0,0,0,0,0,0,0,0,0,0,0,1946,"202410011509"
"7","JAG",0,0,0,0,0,0,0,0,0,0,0,0,0,0,1946,"202410011509"
"8","GKS",0,0,0,0,0,0,0,0,0,0,0,0,0,0,1946,"202410011509"
"9","PIA",0,0,0,0,0,0,0,0,0,0,0,0,0,0,1946,"202410011509"
"10","LGD",0,0,0,0,0,0,0,0,0,0,0,0,0,0,1946,"202410011509"
"11","KOR",0,0,0,0,0,0,0,0,0,0,0,0,0,0,1946,"202410011509"
"12","MOT",0,0,0,0,0,0,0,0,0,0,0,0,0,0,1946,"202410011509"
"13","GÓR",0,0,0,0,0,0,0,0,0,0,0,0,0,0,1946,"202410011509"
"14","LEG",0,0,0,0,0,0,0,0,0,0,0,0,0,0,1946,"202410011509"
"15","ZAG",0,0,0,0,0,0,0,0,0,0,0,0,0,0,1946,"202410011509"
"16","PUN",0,0,0,0,0,0,0,0,0,0,0,0,0,0,1946,"202410011509"
"17","RCZ",0,0,0,0,0,0,0,0,0,0,0,0,0,0,1946,"202410011509"
"18","STM",0,0,0,0,0,0,0,0,0,0,0,0,0,0,1946,"202410011509"
"SUMA","EMPTY",0,0,0,0,0,0,0,0,0,0,0,0,0,0,1946,"202410011509"
"2023/24 - wiosna","EMPTY",979,1,2,0,0,0,0,0,0,0,0,3,0,53,1946,"202410011509"
"2023/24 - jesień","EMPTY",1296,1,1,0,0,0,1,0,0,0,0,4,0,45,1946,"202410011509"
"2022/23 - wiosna","EMPTY",270,0,1,0,0,0,0,0,0,0,0,1,0,8,1946,"202410011509"
"2022/23 - jesień","EMPTY",727,0,1,0,0,0,0,0,0,0,0,0,0,31,1946,"202410011509"
"1","WID (STM)",0,0,0,0,0,0,0,0,0,0,0,0,0,0,1435,"202410011509"
"2","STM",0,0,0,0,0,0,0,0,0,0,0,0,0,0,1435,"202410011509"
"3","RCZ",0,0,0,0,0,0,0,0,0,0,0,0,0,0,1435,"202410011509"
"4","PIA",0,0,0,0,0,0,0,0,0,0,0,0,0,0,1435,"202410011509"
"5","MOT",0,0,0,0,0,0,0,0,0,0,0,0,0,0,1435,"202410011509"
"6","JAG",0,0,0,0,0,0,0,0,0,0,0,0,0,0,1435,"202410011509"
"7","ZAG",0,0,0,0,0,0,0,0,0,0,0,0,0,0,1435,"202410011509"
"8","WID",0,0,0,0,0,0,0,0,0,0,0,0,0,0,1435,"202410011509"
"9","GÓR",0,0,0,0,0,0,0,0,0,0,0,0,0,0,1435,"202410011509"
"10","POG",0,0,0,0,0,0,0,0,0,0,0,0,0,0,1435,"202410011509"
"11","PUN",0,0,0,0,0,0,0,0,0,0,0,0,0,0,1435,"202410011509"
"12","ŚLA",0,0,0,0,0,0,0,0,0,0,0,0,0,0,1435,"202410011509"
"13","LEG",0,0,0,0,0,0,0,0,0,0,0,0,0,0,1435,"202410011509"
"14","KOR",0,0,0,0,0,0,0,0,0,0,0,0,0,0,1435,"202410011509"
"15","CRA",0,0,0,0,0,0,0,0,0,0,0,0,0,0,1435,"202410011509"
"16","LPO",0,0,0,0,0,0,0,0,0,0,0,0,0,0,1435,"202410011509"
"17","LGD",0,0,0,0,0,0,0,0,0,0,0,0,0,0,1435,"202410011509"
"18","RAD",0,0,0,0,0,0,0,0,0,0,0,0,0,0,1435,"202410011509"
"SUMA","EMPTY",0,0,0,0,0,0,0,0,0,0,0,0,0,0,1435,"202410011509"
"2023/24 - wiosna","EMPTY",0,0,0,0,0,0,0,0,0,0,0,0,0,0,1435,"202410011509"
"2023/24 - jesień","EMPTY",0,0,0,0,0,0,0,0,0,0,0,0,0,0,1435,"202410011509"
"2022/23 - wiosna","EMPTY",0,0,0,0,0,0,0,0,0,0,0,0,0,0,1435,"202410011509"
"2022/23 - jesień","EMPTY",0,0,0,0,0,0,0,0,0,0,0,0,0,0,1435,"202410011509"
"2021/22 - wiosna","EMPTY",923,0,0,0,1,0,0,0,0,0,0,0,0,19,1435,"202410011509"
"2021/22 - jesień","EMPTY",1553,0,0,0,0,0,0,0,0,2,0,3,0,61,1435,"202410011509"
"2020/21 - wiosna","EMPTY",1355,0,0,0,0,0,0,0,0,0,0,1,0,42,1435,"202410011509"
"2020/21 - jesień","EMPTY",1056,0,0,0,0,0,0,0,0,0,0,0,0,18,1435,"202410011509"
"1","PIA",0,0,0,0,0,0,0,0,0,0,0,0,0,0,2459,"202410011509"
"2","RCZ",0,0,0,0,0,0,0,0,0,0,0,0,0,0,2459,"202410011509"
"3","WID",0,0,0,0,0,0,0,0,0,0,0,0,0,0,2459,"202410011509"
"4","KOR",0,0,0,0,0,0,0,0,0,0,0,0,0,0,2459,"202410011509"
"5","JAG",0,0,0,0,0,0,0,0,0,0,0,0,0,0,2459,"202410011509"
"6","GÓR",0,0,0,0,0,0,0,0,0,0,0,0,0,0,2459,"202410011509"
"7","RAD",0,0,0,0,0,0,0,0,0,0,0,0,0,0,2459,"202410011509"
"8","POG",0,0,0,0,0,0,0,0,0,0,0,0,0,0,2459,"202410011509"
"9","PUN",0,0,0,0,0,0,0,0,0,0,0,0,0,0,2459,"202410011509"
"10","STM",0,0,0,0,0,0,0,0,0,0,0,0,0,0,2459,"202410011509"
"11","ŚLA",0,0,0,0,0,0,0,0,0,0,0,0,0,0,2459,"202410011509"
"12","LPO",0,0,0,0,0,0,0,0,0,0,0,0,0,0,2459,"202410011509"
"13","MOT",0,0,0,0,0,0,0,0,0,0,0,0,0,0,2459,"202410011509"
"14","LGD",0,0,0,0,0,0,0,0,0,0,0,0,0,0,2459,"202410011509"
"15","GKS",0,0,0,0,0,0,0,0,0,0,0,0,0,0,2459,"202410011509"
"16","LEG",0,0,0,0,0,0,0,0,0,0,0,0,0,0,2459,"202410011509"
"17","ZAG",0,0,0,0,0,0,0,0,0,0,0,0,0,0,2459,"202410011509"
"18","PIA",0,0,0,0,0,0,0,0,0,0,0,0,0,0,2459,"202410011509"
"SUMA","EMPTY",0,0,0,0,0,0,0,0,0,0,0,0,0,0,2459,"202410011509"
"1","PUN",0,0,0,0,0,0,0,0,0,0,0,0,0,0,2460,"202410011509"
"2","RAD",0,0,0,0,0,0,0,0,0,0,0,0,0,0,2460,"202410011509"
"3","STM",0,0,0,0,0,0,0,0,0,0,0,0,0,0,2460,"202410011509"
"5","CRA",0,0,0,0,0,0,0,0,0,0,0,0,0,0,2460,"202410011509"
"6","GKS",0,0,0,0,0,0,0,0,0,0,0,0,0,0,2460,"202410011509"
"7","WID",0,0,0,0,0,0,0,0,0,0,0,0,0,0,2460,"202410011509"
"8","LPO",0,0,0,0,0,0,0,0,0,0,0,0,0,0,2460,"202410011509"
"9","MOT",0,0,0,0,0,0,0,0,0,0,0,0,0,0,2460,"202410011509"
"9","LGD",0,0,0,0,0,0,0,0,0,0,0,0,0,0,2460,"202410011509"
"10","PIA",0,0,0,0,0,0,0,0,0,0,0,0,0,0,2460,"202410011509"
"11","LEG",0,0,0,0,0,0,0,0,0,0,0,0,0,0,2460,"202410011509"
"12","ZAG",0,0,0,0,0,0,0,0,0,0,0,0,0,0,2460,"202410011509"
"13","KOR",0,0,0,0,0,0,0,0,0,0,0,0,0,0,2460,"202410011509"
"14","GÓR",0,0,0,0,0,0,0,0,0,0,0,0,0,0,2460,"202410011509"
"15","RCZ",0,0,0,0,0,0,0,0,0,0,0,0,0,0,2460,"202410011509"
"16","ŚLA",0,0,0,0,0,0,0,0,0,0,0,0,0,0,2460,"202410011509"
"17","POG",0,0,0,0,0,0,0,0,0,0,0,0,0,0,2460,"202410011509"
"18","PUN",0,0,0,0,0,0,0,0,0,0,0,0,0,0,2460,"202410011509"
"SUMA","EMPTY",0,0,0,0,0,0,0,0,0,0,0,0,0,0,2460,"202410011509"
"1","RCZ",0,0,0,0,0,0,0,0,0,0,0,0,0,0,159,"202410011509"
"2","LGD",0,0,0,0,0,0,0,0,0,0,0,0,0,0,159,"202410011509"
"3","KOR",0,0,0,0,0,0,0,0,0,0,0,0,0,0,159,"202410011509"
"5","GKS",0,0,0,0,0,0,0,0,0,0,0,0,0,0,159,"202410011509"
"6","PUN",0,0,0,0,0,0,0,0,0,0,0,0,0,0,159,"202410011509"
"7","LEG",0,0,0,0,0,0,0,0,0,0,0,0,0,0,159,"202410011509"
"8","GÓR",0,0,0,0,0,0,0,0,0,0,0,0,0,0,159,"202410011509"
"9","JAG",0,0,0,0,0,0,0,0,0,0,0,0,0,0,159,"202410011509"
"9","STM",0,0,0,0,0,0,0,0,0,0,0,0,0,0,159,"202410011509"
"10","ŚLA",0,0,0,0,0,0,0,0,0,0,0,0,0,0,159,"202410011509"
"11","LPO",0,0,0,0,0,0,0,0,0,0,0,0,0,0,159,"202410011509"
"12","WID",0,0,0,0,0,0,0,0,0,0,0,0,0,0,159,"202410011509"
"13","CRA",0,0,0,0,0,0,0,0,0,0,0,0,0,0,159,"202410011509"
"14","POG",0,0,0,0,0,0,0,0,0,0,0,0,0,0,159,"202410011509"
"15","PIA",0,0,0,0,0,0,0,0,0,0,0,0,0,0,159,"202410011509"
"16","ZAG",0,0,0,0,0,0,0,0,0,0,0,0,0,0,159,"202410011509"
"17","RAD",0,0,0,0,0,0,0,0,0,0,0,0,0,0,159,"202410011509"
"18","RCZ",0,0,0,0,0,0,0,0,0,0,0,0,0,0,159,"202410011509"
"SUMA","EMPTY",0,0,0,0,0,0,0,0,0,0,0,0,0,0,159,"202410011509"
"2021/22 - wiosna","EMPTY",0,0,0,0,0,0,0,0,0,0,0,0,0,0,159,"202410011509"
"2021/22 - jesień","EMPTY",298,0,0,0,0,0,0,0,0,0,0,0,0,8,159,"202410011509"
"2020/21 - wiosna","EMPTY",0,0,0,0,0,0,0,0,0,0,0,0,0,0,159,"202410011509"
"2020/21 - jesień","EMPTY",0,0,0,0,0,0,0,0,0,0,0,0,0,0,159,"202410011509"
"2019/20 - jesień","EMPTY",0,0,0,0,0,0,0,0,0,0,0,0,0,0,159,"202410011509"
"2018/19 - wiosna","EMPTY",0,0,0,0,0,0,0,0,0,0,0,0,0,0,159,"202410011509"
"2018/19 - jesień","EMPTY",90,0,0,0,0,0,0,0,0,0,0,0,0,0,159,"202410011509"
"2017/18 - wiosna","EMPTY",12,0,0,0,0,0,0,0,0,0,0,0,1,-2,159,"202410011509"
"2017/18 - jesień","EMPTY",0,0,0,0,0,0,0,0,0,0,0,0,0,0,159,"202410011509"
"2016/17 - wiosna","EMPTY",0,0,0,0,0,0,0,0,0,0,0,0,0,0,159,"202410011509"
"2016/17 - jesień","EMPTY",0,0,0,0,0,0,0,0,0,0,0,0,0,0,159,"202410011509"
"1","POG",0,0,0,0,0,0,0,0,0,0,0,0,0,0,2207,"202410011509"
"2","LEG",0,0,0,0,0,0,0,0,0,0,0,0,0,0,2207,"202410011509"
"3","MOT",0,0,0,0,0,0,0,0,0,0,0,0,0,0,2207,"202410011509"
"4","CRA",0,0,0,0,0,0,0,0,0,0,0,0,0,0,2207,"202410011509"
"5","ŚLA",0,0,0,0,0,0,0,0,0,0,0,0,0,0,2207,"202410011509"
"6","STM",0,0,0,0,0,0,0,0,0,0,0,0,0,0,2207,"202410011509"
"7","PUN",0,0,0,0,0,0,0,0,0,0,0,0,0,0,2207,"202410011509"
"8","ZAG",0,0,0,0,0,0,0,0,0,0,0,0,0,0,2207,"202410011509"
"9","RAD",0,0,0,0,0,0,0,0,0,0,0,0,0,0,2207,"202410011509"
"10","LPO",0,0,0,0,0,0,0,0,0,0,0,0,0,0,2207,"202410011509"
"11","WID",0,0,0,0,0,0,0,0,0,0,0,0,0,0,2207,"202410011509"
"12","PIA",0,0,0,0,0,0,0,0,0,0,0,0,0,0,2207,"202410011509"
"13","JAG",0,0,0,0,0,0,0,0,0,0,0,0,0,0,2207,"202410011509"
"14","GKS",0,0,0,0,0,0,0,0,0,0,0,0,0,0,2207,"202410011509"
"15","LGD",0,0,0,0,0,0,0,0,0,0,0,0,0,0,2207,"202410011509"
"16","RCZ",0,0,0,0,0,0,0,0,0,0,0,0,0,0,2207,"202410011509"
"17","GÓR",0,0,0,0,0,0,0,0,0,0,0,0,0,0,2207,"202410011509"
"18","POG",0,0,0,0,0,0,0,0,0,0,0,0,0,0,2207,"202410011509"
"SUMA","EMPTY",0,0,0,0,0,0,0,0,0,0,0,0,0,0,2207,"202410011509"
"2023/24 - wiosna","EMPTY",0,0,0,0,0,0,0,0,0,0,0,0,0,0,2207,"202410011509"
"2023/24 - jesień","EMPTY",0,0,0,0,0,0,0,0,0,0,0,0,0,0,2207,"202410011509"
"1","LGD",0,0,0,0,0,0,0,0,0,0,0,0,0,0,672,"202410011509"
"2","PIA",0,0,0,0,0,0,0,0,0,0,0,0,0,0,672,"202410011509"
"4","WID",0,0,0,0,0,0,0,0,0,0,0,0,0,0,672,"202410011509"
"5","KOR",0,0,0,0,0,0,0,0,0,0,0,0,0,0,672,"202410011509"
"6","LEG",0,0,0,0,0,0,0,0,0,0,0,0,0,0,672,"202410011509"
"7","POG",0,0,0,0,0,0,0,0,0,0,0,0,0,0,672,"202410011509"
"8","STM",0,0,0,0,0,0,0,0,0,0,0,0,0,0,672,"202410011509"
"9","LPO",0,0,0,0,0,0,0,0,0,0,0,0,0,0,672,"202410011509"
"10","MOT",0,0,0,0,0,0,0,0,0,0,0,0,0,0,672,"202410011509"
"11","CRA",0,0,0,0,0,0,0,0,0,0,0,0,0,0,672,"202410011509"
"12","GKS",0,0,0,0,0,0,0,0,0,0,0,0,0,0,672,"202410011509"
"13","RCZ",0,0,0,0,0,0,0,0,0,0,0,0,0,0,672,"202410011509"
"14","ZAG",0,0,0,0,0,0,0,0,0,0,0,0,0,0,672,"202410011509"
"15","GÓR",0,0,0,0,0,0,0,0,0,0,0,0,0,0,672,"202410011509"
"16","JAG",0,0,0,0,0,0,0,0,0,0,0,0,0,0,672,"202410011509"
"17","PUN",0,0,0,0,0,0,0,0,0,0,0,0,0,0,672,"202410011509"
"18","RAD",0,0,0,0,0,0,0,0,0,0,0,0,0,0,672,"202410011509"
"18","LGD",0,0,0,0,0,0,0,0,0,0,0,0,0,0,672,"202410011509"
"SUMA","EMPTY",0,0,0,0,0,0,0,0,0,0,0,0,0,0,672,"202410011509"
"2021/22 - wiosna","EMPTY",645,0,0,0,0,0,0,0,0,0,0,1,0,20,672,"202410011509"
"2021/22 - jesień","EMPTY",1463,0,0,0,0,0,0,0,0,1,0,0,0,32,672,"202410011509"
"2020/21 - wiosna","EMPTY",0,0,0,0,0,0,0,0,0,0,0,0,0,0,672,"202410011509"
"2020/21 - jesień","EMPTY",0,0,0,0,0,0,0,0,0,0,0,0,0,0,672,"202410011509"
"2019/20 - wiosna","EMPTY",0,0,0,0,0,0,0,0,0,0,0,0,0,0,672,"202410011509"
"2019/20 - jesień","EMPTY",0,0,0,0,0,0,0,0,0,0,0,0,0,0,672,"202410011509"
"2018/19 - wiosna","EMPTY",0,0,0,0,0,0,0,0,0,0,0,0,0,0,672,"202410011509"
"2018/19 - jesień","EMPTY",1710,0,0,0,1,0,0,0,0,0,0,0,0,36,672,"202410011509"
"2017/18 - wiosna","EMPTY",1261,0,0,0,0,0,0,0,0,0,0,0,0,49,672,"202410011509"
"2017/18 - jesień","EMPTY",1890,0,0,0,0,0,0,0,0,1,0,1,0,67,672,"202410011509"
"1","RCZ",0,0,0,0,0,0,0,0,0,0,0,0,0,0,2464,"202410011509"
"2","LGD",0,0,0,0,0,0,0,0,0,0,0,0,0,0,2464,"202410011509"
"3","KOR",0,0,0,0,0,0,0,0,0,0,0,0,0,0,2464,"202410011509"
"5","GKS",0,0,0,0,0,0,0,0,0,0,0,0,0,0,2464,"202410011509"
"6","PUN",0,0,0,0,0,0,0,0,0,0,0,0,0,0,2464,"202410011509"
"7","LEG",0,0,0,0,0,0,0,0,0,0,0,0,0,0,2464,"202410011509"
"8","GÓR",0,0,0,0,0,0,0,0,0,0,0,0,0,0,2464,"202410011509"
"9","JAG",0,0,0,0,0,0,0,0,0,0,0,0,0,0,2464,"202410011509"
"9","STM",0,0,0,0,0,0,0,0,0,0,0,0,0,0,2464,"202410011509"
"10","ŚLA",0,0,0,0,0,0,0,0,0,0,0,0,0,0,2464,"202410011509"
"11","LPO",0,0,0,0,0,0,0,0,0,0,0,0,0,0,2464,"202410011509"
"12","WID",0,0,0,0,0,0,0,0,0,0,0,0,0,0,2464,"202410011509"
"13","CRA",0,0,0,0,0,0,0,0,0,0,0,0,0,0,2464,"202410011509"
"14","POG",0,0,0,0,0,0,0,0,0,0,0,0,0,0,2464,"202410011509"
"15","PIA",0,0,0,0,0,0,0,0,0,0,0,0,0,0,2464,"202410011509"
"16","ZAG",0,0,0,0,0,0,0,0,0,0,0,0,0,0,2464,"202410011509"
"17","RAD",0,0,0,0,0,0,0,0,0,0,0,0,0,0,2464,"202410011509"
"18","RCZ",0,0,0,0,0,0,0,0,0,0,0,0,0,0,2464,"202410011509"
"SUMA","EMPTY",0,0,0,0,0,0,0,0,0,0,0,0,0,0,2464,"202410011509"
"1","ZAG",0,0,0,0,0,0,0,0,0,0,0,0,0,0,2211,"202410011509"
"2","KOR",0,0,0,0,0,0,0,0,0,0,0,0,0,0,2211,"202410011509"
"3","PIA",0,0,0,0,0,0,0,0,0,0,0,0,0,0,2211,"202410011509"
"4","PUN",0,0,0,0,0,0,0,0,0,0,0,0,0,0,2211,"202410011509"
"5","RAD",0,0,0,0,0,0,0,0,0,0,0,0,0,0,2211,"202410011509"
"6","ŚLA",0,0,0,0,0,0,0,0,0,0,0,0,0,0,2211,"202410011509"
"7","MOT",0,0,0,0,0,0,0,0,0,0,0,0,0,0,2211,"202410011509"
"8","RCZ",0,0,0,0,0,0,0,0,0,0,0,0,0,0,2211,"202410011509"
"9","POG",0,0,0,0,0,0,0,0,0,0,0,0,0,0,2211,"202410011509"
"10","GÓR",0,0,0,0,0,0,0,0,0,0,0,0,0,0,2211,"202410011509"
"11","JAG",0,0,0,0,0,0,0,0,0,0,0,0,0,0,2211,"202410011509"
"12","LGD",0,0,0,0,0,0,0,0,0,0,0,0,0,0,2211,"202410011509"
"13","GKS",0,0,0,0,0,0,0,0,0,0,0,0,0,0,2211,"202410011509"
"14","WID",0,0,0,0,0,0,0,0,0,0,0,0,0,0,2211,"202410011509"
"15","LPO",0,0,0,0,0,0,0,0,0,0,0,0,0,0,2211,"202410011509"
"16","CRA",0,0,0,0,0,0,0,0,0,0,0,0,0,0,2211,"202410011509"
"17","STM",0,0,0,0,0,0,0,0,0,0,0,0,0,0,2211,"202410011509"
"18","ZAG",0,0,0,0,0,0,0,0,0,0,0,0,0,0,2211,"202410011509"
"SUMA","EMPTY",0,0,0,0,0,0,0,0,0,0,0,0,0,0,2211,"202410011509"
"2023/24 - wiosna","EMPTY",1349,0,2,0,0,0,0,0,0,0,0,3,0,44,2211,"202410011509"
"2023/24 - jesień","EMPTY",1158,1,1,0,0,0,0,0,0,0,0,4,0,47,2211,"202410011509"
"1","ZAG",0,0,0,0,0,0,0,0,0,0,0,0,0,0,2467,"202410011509"
"2","KOR",0,0,0,0,0,0,0,0,0,0,0,0,0,0,2467,"202410011509"
"3","PIA",0,0,0,0,0,0,0,0,0,0,0,0,0,0,2467,"202410011509"
"4","PUN",0,0,0,0,0,0,0,0,0,0,0,0,0,0,2467,"202410011509"
"5","RAD",0,0,0,0,0,0,0,0,0,0,0,0,0,0,2467,"202410011509"
"6","ŚLA",0,0,0,0,0,0,0,0,0,0,0,0,0,0,2467,"202410011509"
"7","MOT",0,0,0,0,0,0,0,0,0,0,0,0,0,0,2467,"202410011509"
"8","RCZ",0,0,0,0,0,0,0,0,0,0,0,0,0,0,2467,"202410011509"
"9","POG",0,0,0,0,0,0,0,0,0,0,0,0,0,0,2467,"202410011509"
"10","GÓR",0,0,0,0,0,0,0,0,0,0,0,0,0,0,2467,"202410011509"
"11","JAG",0,0,0,0,0,0,0,0,0,0,0,0,0,0,2467,"202410011509"
"12","LGD",0,0,0,0,0,0,0,0,0,0,0,0,0,0,2467,"202410011509"
"13","GKS",0,0,0,0,0,0,0,0,0,0,0,0,0,0,2467,"202410011509"
"14","WID",0,0,0,0,0,0,0,0,0,0,0,0,0,0,2467,"202410011509"
"15","LPO",0,0,0,0,0,0,0,0,0,0,0,0,0,0,2467,"202410011509"
"16","CRA",0,0,0,0,0,0,0,0,0,0,0,0,0,0,2467,"202410011509"
"17","STM",0,0,0,0,0,0,0,0,0,0,0,0,0,0,2467,"202410011509"
"18","ZAG",0,0,0,0,0,0,0,0,0,0,0,0,0,0,2467,"202410011509"
"SUMA","EMPTY",0,0,0,0,0,0,0,0,0,0,0,0,0,0,2467,"202410011509"
"1","GKS",0,0,0,0,0,0,0,0,0,0,0,0,0,0,2468,"202410011509"
"2","JAG",0,0,0,0,0,0,0,0,0,0,0,0,0,0,2468,"202410011509"
"4","GÓR",0,0,0,0,0,0,0,0,0,0,0,0,0,0,2468,"202410011509"
"5","LEG",0,0,0,0,0,0,0,0,0,0,0,0,0,0,2468,"202410011509"
"6","WID",0,0,0,0,0,0,0,0,0,0,0,0,0,0,2468,"202410011509"
"7","CRA",0,0,0,0,0,0,0,0,0,0,0,0,0,0,2468,"202410011509"
"8","LGD",0,0,0,0,0,0,0,0,0,0,0,0,0,0,2468,"202410011509"
"9","KOR",0,0,0,0,0,0,0,0,0,0,0,0,0,0,2468,"202410011509"
"10","ZAG",0,0,0,0,0,0,0,0,0,0,0,0,0,0,2468,"202410011509"
"11","RCZ",0,0,0,0,0,0,0,0,0,0,0,0,0,0,2468,"202410011509"
"12","PUN",0,0,0,0,0,0,0,0,0,0,0,0,0,0,2468,"202410011509"
"13","LPO",0,0,0,0,0,0,0,0,0,0,0,0,0,0,2468,"202410011509"
"14","PIA",0,0,0,0,0,0,0,0,0,0,0,0,0,0,2468,"202410011509"
"15","POG",0,0,0,0,0,0,0,0,0,0,0,0,0,0,2468,"202410011509"
"16","STM",0,0,0,0,0,0,0,0,0,0,0,0,0,0,2468,"202410011509"
"17","MOT",0,0,0,0,0,0,0,0,0,0,0,0,0,0,2468,"202410011509"
"18","ŚLA",0,0,0,0,0,0,0,0,0,0,0,0,0,0,2468,"202410011509"
"18","GKS",0,0,0,0,0,0,0,0,0,0,0,0,0,0,2468,"202410011509"
"SUMA","EMPTY",0,0,0,0,0,0,0,0,0,0,0,0,0,0,2468,"202410011509"
"1","GÓR",0,0,0,0,0,0,0,0,0,0,0,0,0,0,2469,"202410011509"
"2","WID",0,0,0,0,0,0,0,0,0,0,0,0,0,0,2469,"202410011509"
"3","LGD",0,0,0,0,0,0,0,0,0,0,0,0,0,0,2469,"202410011509"
"4","RCZ",0,0,0,0,0,0,0,0,0,0,0,0,0,0,2469,"202410011509"
"5","ZAG",0,0,0,0,0,0,0,0,0,0,0,0,0,0,2469,"202410011509"
"6","POG",0,0,0,0,0,0,0,0,0,0,0,0,0,0,2469,"202410011509"
"7","STM",0,0,0,0,0,0,0,0,0,0,0,0,0,0,2469,"202410011509"
"8","JAG",0,0,0,0,0,0,0,0,0,0,0,0,0,0,2469,"202410011509"
"9","ŚLA",0,0,0,0,0,0,0,0,0,0,0,0,0,0,2469,"202410011509"
"10","KOR",0,0,0,0,0,0,0,0,0,0,0,0,0,0,2469,"202410011509"
"11","MOT",0,0,0,0,0,0,0,0,0,0,0,0,0,0,2469,"202410011509"
"12","CRA",0,0,0,0,0,0,0,0,0,0,0,0,0,0,2469,"202410011509"
"13","RAD",0,0,0,0,0,0,0,0,0,0,0,0,0,0,2469,"202410011509"
"14","PUN",0,0,0,0,0,0,0,0,0,0,0,0,0,0,2469,"202410011509"
"15","LEG",0,0,0,0,0,0,0,0,0,0,0,0,0,0,2469,"202410011509"
"16","GKS",0,0,0,0,0,0,0,0,0,0,0,0,0,0,2469,"202410011509"
"17","PIA",0,0,0,0,0,0,0,0,0,0,0,0,0,0,2469,"202410011509"
"18","GÓR",0,0,0,0,0,0,0,0,0,0,0,0,0,0,2469,"202410011509"
"SUMA","EMPTY",0,0,0,0,0,0,0,0,0,0,0,0,0,0,2469,"202410011509"
"1","GÓR",0,0,0,0,0,0,0,0,0,0,0,0,0,0,2470,"202410011509"
"2","WID",0,0,0,0,0,0,0,0,0,0,0,0,0,0,2470,"202410011509"
"3","LGD",0,0,0,0,0,0,0,0,0,0,0,0,0,0,2470,"202410011509"
"4","RCZ",0,0,0,0,0,0,0,0,0,0,0,0,0,0,2470,"202410011509"
"5","ZAG",0,0,0,0,0,0,0,0,0,0,0,0,0,0,2470,"202410011509"
"6","POG",0,0,0,0,0,0,0,0,0,0,0,0,0,0,2470,"202410011509"
"7","STM",0,0,0,0,0,0,0,0,0,0,0,0,0,0,2470,"202410011509"
"8","JAG",0,0,0,0,0,0,0,0,0,0,0,0,0,0,2470,"202410011509"
"9","ŚLA",0,0,0,0,0,0,0,0,0,0,0,0,0,0,2470,"202410011509"
"10","KOR",0,0,0,0,0,0,0,0,0,0,0,0,0,0,2470,"202410011509"
"11","MOT",0,0,0,0,0,0,0,0,0,0,0,0,0,0,2470,"202410011509"
"12","CRA",0,0,0,0,0,0,0,0,0,0,0,0,0,0,2470,"202410011509"
"13","RAD",0,0,0,0,0,0,0,0,0,0,0,0,0,0,2470,"202410011509"
"14","PUN",0,0,0,0,0,0,0,0,0,0,0,0,0,0,2470,"202410011509"
"15","LEG",0,0,0,0,0,0,0,0,0,0,0,0,0,0,2470,"202410011509"
"16","GKS",0,0,0,0,0,0,0,0,0,0,0,0,0,0,2470,"202410011509"
"17","PIA",0,0,0,0,0,0,0,0,0,0,0,0,0,0,2470,"202410011509"
"18","GÓR",0,0,0,0,0,0,0,0,0,0,0,0,0,0,2470,"202410011509"
"SUMA","EMPTY",0,0,0,0,0,0,0,0,0,0,0,0,0,0,2470,"202410011509"
"2","LEG",0,0,0,0,0,0,0,0,0,0,0,0,0,0,2472,"202410011509"
"3","MOT",0,0,0,0,0,0,0,0,0,0,0,0,0,0,2472,"202410011509"
"4","CRA",0,0,0,0,0,0,0,0,0,0,0,0,0,0,2472,"202410011509"
"5","ŚLA",0,0,0,0,0,0,0,0,0,0,0,0,0,0,2472,"202410011509"
"6","STM",0,0,0,0,0,0,0,0,0,0,0,0,0,0,2472,"202410011509"
"7","PUN",0,0,0,0,0,0,0,0,0,0,0,0,0,0,2472,"202410011509"
"8","ZAG",0,0,0,0,0,0,0,0,0,0,0,0,0,0,2472,"202410011509"
"9","RAD",0,0,0,0,0,0,0,0,0,0,0,0,0,0,2472,"202410011509"
"10","LPO",0,0,0,0,0,0,0,0,0,0,0,0,0,0,2472,"202410011509"
"11","WID",0,0,0,0,0,0,0,0,0,0,0,0,0,0,2472,"202410011509"
"12","PIA",0,0,0,0,0,0,0,0,0,0,0,0,0,0,2472,"202410011509"
"13","JAG",0,0,0,0,0,0,0,0,0,0,0,0,0,0,2472,"202410011509"
"14","GKS",0,0,0,0,0,0,0,0,0,0,0,0,0,0,2472,"202410011509"
"15","LGD",0,0,0,0,0,0,0,0,0,0,0,0,0,0,2472,"202410011509"
"16","RCZ",0,0,0,0,0,0,0,0,0,0,0,0,0,0,2472,"202410011509"
"17","GÓR",0,0,0,0,0,0,0,0,0,0,0,0,0,0,2472,"202410011509"
"18","POG",0,0,0,0,0,0,0,0,0,0,0,0,0,0,2472,"202410011509"
"SUMA","EMPTY",0,0,0,0,0,0,0,0,0,0,0,0,0,0,2472,"202410011509"
"2","LPO",0,0,0,0,0,0,0,0,0,0,0,0,0,0,2475,"202410011509"
"3","CRA",0,0,0,0,0,0,0,0,0,0,0,0,0,0,2475,"202410011509"
"4","ŚLA",0,0,0,0,0,0,0,0,0,0,0,0,0,0,2475,"202410011509"
"5","POG",0,0,0,0,0,0,0,0,0,0,0,0,0,0,2475,"202410011509"
"6","RAD",0,0,0,0,0,0,0,0,0,0,0,0,0,0,2475,"202410011509"
"7","JAG",0,0,0,0,0,0,0,0,0,0,0,0,0,0,2475,"202410011509"
"8","GKS",0,0,0,0,0,0,0,0,0,0,0,0,0,0,2475,"202410011509"
"9","PIA",0,0,0,0,0,0,0,0,0,0,0,0,0,0,2475,"202410011509"
"10","LGD",0,0,0,0,0,0,0,0,0,0,0,0,0,0,2475,"202410011509"
"11","KOR",0,0,0,0,0,0,0,0,0,0,0,0,0,0,2475,"202410011509"
"12","MOT",0,0,0,0,0,0,0,0,0,0,0,0,0,0,2475,"202410011509"
"13","GÓR",0,0,0,0,0,0,0,0,0,0,0,0,0,0,2475,"202410011509"
"14","LEG",0,0,0,0,0,0,0,0,0,0,0,0,0,0,2475,"202410011509"
"15","ZAG",0,0,0,0,0,0,0,0,0,0,0,0,0,0,2475,"202410011509"
"16","PUN",0,0,0,0,0,0,0,0,0,0,0,0,0,0,2475,"202410011509"
"17","RCZ",0,0,0,0,0,0,0,0,0,0,0,0,0,0,2475,"202410011509"
"18","STM",0,0,0,0,0,0,0,0,0,0,0,0,0,0,2475,"202410011509"
"SUMA","EMPTY",0,0,0,0,0,0,0,0,0,0,0,0,0,0,2475,"202410011509"
"2","POG",0,0,0,0,0,0,0,0,0,0,0,0,0,0,2477,"202410011509"
"3","PUN",0,0,0,0,0,0,0,0,0,0,0,0,0,0,2477,"202410011509"
"4","LGD",0,0,0,0,0,0,0,0,0,0,0,0,0,0,2477,"202410011509"
"5","LPO",0,0,0,0,0,0,0,0,0,0,0,0,0,0,2477,"202410011509"
"6","PIA",0,0,0,0,0,0,0,0,0,0,0,0,0,0,2477,"202410011509"
"7","GKS",0,0,0,0,0,0,0,0,0,0,0,0,0,0,2477,"202410011509"
"8","KOR",0,0,0,0,0,0,0,0,0,0,0,0,0,0,2477,"202410011509"
"9","RCZ",0,0,0,0,0,0,0,0,0,0,0,0,0,0,2477,"202410011509"
"10","RAD",0,0,0,0,0,0,0,0,0,0,0,0,0,0,2477,"202410011509"
"11","GÓR",0,0,0,0,0,0,0,0,0,0,0,0,0,0,2477,"202410011509"
"12","JAG",0,0,0,0,0,0,0,0,0,0,0,0,0,0,2477,"202410011509"
"13","STM",0,0,0,0,0,0,0,0,0,0,0,0,0,0,2477,"202410011509"
"14","ŚLA",0,0,0,0,0,0,0,0,0,0,0,0,0,0,2477,"202410011509"
"15","WID",0,0,0,0,0,0,0,0,0,0,0,0,0,0,2477,"202410011509"
"16","MOT",0,0,0,0,0,0,0,0,0,0,0,0,0,0,2477,"202410011509"
"17","CRA",0,0,0,0,0,0,0,0,0,0,0,0,0,0,2477,"202410011509"
"18","LEG",0,0,0,0,0,0,0,0,0,0,0,0,0,0,2477,"202410011509"
"SUMA","EMPTY",0,0,0,0,0,0,0,0,0,0,0,0,0,0,2477,"202410011509"
"2","CRA",0,0,0,0,0,0,0,0,0,0,0,0,0,0,2479,"202410011509"
"3","GKS",0,0,0,0,0,0,0,0,0,0,0,0,0,0,2479,"202410011509"
"4","LPO",0,0,0,0,0,0,0,0,0,0,0,0,0,0,2479,"202410011509"
"5","GÓR",0,0,0,0,0,0,0,0,0,0,0,0,0,0,2479,"202410011509"
"6","LGD",0,0,0,0,0,0,0,0,0,0,0,0,0,0,2479,"202410011509"
"7","PIA",0,0,0,0,0,0,0,0,0,0,0,0,0,0,2479,"202410011509"
"8","LEG",0,0,0,0,0,0,0,0,0,0,0,0,0,0,2479,"202410011509"
"9","ZAG",0,0,0,0,0,0,0,0,0,0,0,0,0,0,2479,"202410011509"
"10","PUN",0,0,0,0,0,0,0,0,0,0,0,0,0,0,2479,"202410011509"
"11","RAD",0,0,0,0,0,0,0,0,0,0,0,0,0,0,2479,"202410011509"
"12","POG",0,0,0,0,0,0,0,0,0,0,0,0,0,0,2479,"202410011509"
"13","ŚLA",0,0,0,0,0,0,0,0,0,0,0,0,0,0,2479,"202410011509"
"14","STM",0,0,0,0,0,0,0,0,0,0,0,0,0,0,2479,"202410011509"
"15","JAG",0,0,0,0,0,0,0,0,0,0,0,0,0,0,2479,"202410011509"
"16","KOR",0,0,0,0,0,0,0,0,0,0,0,0,0,0,2479,"202410011509"
"17","WID",0,0,0,0,0,0,0,0,0,0,0,0,0,0,2479,"202410011509"
"18","MOT",0,0,0,0,0,0,0,0,0,0,0,0,0,0,2479,"202410011509"
"SUMA","EMPTY",0,0,0,0,0,0,0,0,0,0,0,0,0,0,2479,"202410011509"
"1","POG",0,0,0,0,0,0,0,0,0,0,0,0,0,0,1457,"202410011509"
"2","LEG",0,0,0,0,0,0,0,0,0,0,0,0,0,0,1457,"202410011509"
"3","MOT",0,0,0,0,0,0,0,0,0,0,0,0,0,0,1457,"202410011509"
"4","CRA",0,0,0,0,0,0,0,0,0,0,0,0,0,0,1457,"202410011509"
"5","ŚLA",0,0,0,0,0,0,0,0,0,0,0,0,0,0,1457,"202410011509"
"6","STM",0,0,0,0,0,0,0,0,0,0,0,0,0,0,1457,"202410011509"
"7","PUN",0,0,0,0,0,0,0,0,0,0,0,0,0,0,1457,"202410011509"
"8","ZAG",0,0,0,0,0,0,0,0,0,0,0,0,0,0,1457,"202410011509"
"9","RAD",0,0,0,0,0,0,0,0,0,0,0,0,0,0,1457,"202410011509"
"10","LPO",0,0,0,0,0,0,0,0,0,0,0,0,0,0,1457,"202410011509"
"11","WID",0,0,0,0,0,0,0,0,0,0,0,0,0,0,1457,"202410011509"
"12","PIA",0,0,0,0,0,0,0,0,0,0,0,0,0,0,1457,"202410011509"
"13","JAG",0,0,0,0,0,0,0,0,0,0,0,0,0,0,1457,"202410011509"
"14","GKS",0,0,0,0,0,0,0,0,0,0,0,0,0,0,1457,"202410011509"
"15","LGD",0,0,0,0,0,0,0,0,0,0,0,0,0,0,1457,"202410011509"
"16","RCZ",0,0,0,0,0,0,0,0,0,0,0,0,0,0,1457,"202410011509"
"17","GÓR",0,0,0,0,0,0,0,0,0,0,0,0,0,0,1457,"202410011509"
"18","POG",0,0,0,0,0,0,0,0,0,0,0,0,0,0,1457,"202410011509"
"SUMA","EMPTY",0,0,0,0,0,0,0,0,0,0,0,0,0,0,1457,"202410011509"
"2023/24 - wiosna","EMPTY",23,0,0,0,0,0,0,0,0,0,0,0,0,2,1457,"202410011509"
"2023/24 - jesień","EMPTY",726,1,1,0,0,0,0,0,0,0,0,1,0,35,1457,"202410011509"
"2022/23 - wiosna","EMPTY",0,0,0,0,0,0,0,0,0,0,0,0,0,0,1457,"202410011509"
"2022/23 - jesień","EMPTY",0,0,0,0,0,0,0,0,0,0,0,0,0,0,1457,"202410011509"
"2021/22 - wiosna","EMPTY",49,0,0,0,0,0,0,0,0,0,0,0,0,2,1457,"202410011509"
"2021/22 - jesień","EMPTY",597,1,0,0,0,0,0,0,0,0,0,1,0,28,1457,"202410011509"
"2020/21 - wiosna","EMPTY",505,0,1,0,0,0,0,0,0,0,0,0,0,26,1457,"202410011509"
"2020/21 - jesień","EMPTY",603,0,1,0,0,0,0,0,0,0,0,2,0,21,1457,"202410011509"
"1","MOT",0,0,0,0,0,0,0,0,0,0,0,0,0,0,692,"202410011509"
"2","CRA",0,0,0,0,0,0,0,0,0,0,0,0,0,0,692,"202410011509"
"3","GKS",0,0,0,0,0,0,0,0,0,0,0,0,0,0,692,"202410011509"
"4","LPO",0,0,0,0,0,0,0,0,0,0,0,0,0,0,692,"202410011509"
"5","GÓR",0,0,0,0,0,0,0,0,0,0,0,0,0,0,692,"202410011509"
"6","LGD",0,0,0,0,0,0,0,0,0,0,0,0,0,0,692,"202410011509"
"7","PIA",0,0,0,0,0,0,0,0,0,0,0,0,0,0,692,"202410011509"
"8","LEG",0,0,0,0,0,0,0,0,0,0,0,0,0,0,692,"202410011509"
"9","ZAG",0,0,0,0,0,0,0,0,0,0,0,0,0,0,692,"202410011509"
"10","PUN",0,0,0,0,0,0,0,0,0,0,0,0,0,0,692,"202410011509"
"11","RAD",0,0,0,0,0,0,0,0,0,0,0,0,0,0,692,"202410011509"
"12","POG",0,0,0,0,0,0,0,0,0,0,0,0,0,0,692,"202410011509"
"13","ŚLA",0,0,0,0,0,0,0,0,0,0,0,0,0,0,692,"202410011509"
"14","STM",0,0,0,0,0,0,0,0,0,0,0,0,0,0,692,"202410011509"
"15","JAG",0,0,0,0,0,0,0,0,0,0,0,0,0,0,692,"202410011509"
"16","KOR",0,0,0,0,0,0,0,0,0,0,0,0,0,0,692,"202410011509"
"17","WID",0,0,0,0,0,0,0,0,0,0,0,0,0,0,692,"202410011509"
"18","MOT",0,0,0,0,0,0,0,0,0,0,0,0,0,0,692,"202410011509"
"SUMA","EMPTY",0,0,0,0,0,0,0,0,0,0,0,0,0,0,692,"202410011509"
"2023/24 - wiosna","EMPTY",750,0,0,0,0,0,0,0,0,0,0,2,1,26,692,"202410011509"
"2023/24 - jesień","EMPTY",285,0,0,0,1,0,0,0,0,0,0,0,0,10,692,"202410011509"
"2022/23 - wiosna","EMPTY",1225,0,0,0,0,0,0,0,0,0,0,1,0,56,692,"202410011509"
"2022/23 - jesień","EMPTY",1395,0,1,0,0,0,0,0,0,0,0,7,0,61,692,"202410011509"
"2021/22 - wiosna","EMPTY",907,0,0,0,0,0,0,1,0,0,0,4,1,37,692,"202410011509"
"2021/22 - jesień","EMPTY",772,1,0,0,0,0,0,0,0,0,0,1,0,36,692,"202410011509"
"2020/21 - wiosna","EMPTY",840,1,0,0,0,0,0,1,0,0,0,2,1,42,692,"202410011509"
"2020/21 - jesień","EMPTY",98,0,0,0,0,0,0,0,0,0,0,1,0,1,692,"202410011509"
"2019/20 - wiosna","EMPTY",878,0,0,0,0,0,1,1,0,0,0,4,0,28,692,"202410011509"
"2019/20 - jesień","EMPTY",1647,0,0,0,0,0,0,0,0,0,0,3,0,56,692,"202410011509"
"2018/19 - wiosna","EMPTY",1170,0,0,0,0,0,1,0,0,0,0,5,0,45,692,"202410011509"
"2018/19 - jesień","EMPTY",828,0,0,0,0,0,0,0,0,0,0,3,0,28,692,"202410011509"
"2017/18 - wiosna","EMPTY",1260,3,2,0,0,0,0,0,0,0,0,4,1,73,692,"202410011509"
"2017/18 - jesień","EMPTY",1400,0,2,0,0,0,2,1,0,0,0,3,0,61,692,"202410011509"
"2016/17 - wiosna","EMPTY",0,0,0,0,0,0,0,0,0,0,0,0,0,0,692,"202410011509"
"1","STM",0,0,0,0,0,0,0,0,0,0,0,0,0,0,2228,"202410011509"
"2","LPO",0,0,0,0,0,0,0,0,0,0,0,0,0,0,2228,"202410011509"
"3","CRA",0,0,0,0,0,0,0,0,0,0,0,0,0,0,2228,"202410011509"
"4","ŚLA",0,0,0,0,0,0,0,0,0,0,0,0,0,0,2228,"202410011509"
"5","POG",0,0,0,0,0,0,0,0,0,0,0,0,0,0,2228,"202410011509"
"6","RAD",0,0,0,0,0,0,0,0,0,0,0,0,0,0,2228,"202410011509"
"7","JAG",0,0,0,0,0,0,0,0,0,0,0,0,0,0,2228,"202410011509"
"8","GKS",0,0,0,0,0,0,0,0,0,0,0,0,0,0,2228,"202410011509"
"9","PIA",0,0,0,0,0,0,0,0,0,0,0,0,0,0,2228,"202410011509"
"10","LGD",0,0,0,0,0,0,0,0,0,0,0,0,0,0,2228,"202410011509"
"11","KOR",0,0,0,0,0,0,0,0,0,0,0,0,0,0,2228,"202410011509"
"12","MOT",0,0,0,0,0,0,0,0,0,0,0,0,0,0,2228,"202410011509"
"13","GÓR",0,0,0,0,0,0,0,0,0,0,0,0,0,0,2228,"202410011509"
"14","LEG",0,0,0,0,0,0,0,0,0,0,0,0,0,0,2228,"202410011509"
"15","ZAG",0,0,0,0,0,0,0,0,0,0,0,0,0,0,2228,"202410011509"
"16","PUN",0,0,0,0,0,0,0,0,0,0,0,0,0,0,2228,"202410011509"
"17","RCZ",0,0,0,0,0,0,0,0,0,0,0,0,0,0,2228,"202410011509"
"18","STM",0,0,0,0,0,0,0,0,0,0,0,0,0,0,2228,"202410011509"
"SUMA","EMPTY",0,0,0,0,0,0,0,0,0,0,0,0,0,0,2228,"202410011509"
"2023/24 - wiosna","EMPTY",0,0,0,0,0,0,0,0,0,0,0,0,0,0,2228,"202410011509"
"2023/24 - jesień","EMPTY",241,0,0,0,0,0,0,0,0,0,0,1,0,9,2228,"202410011509"
"1","STM",0,0,0,0,0,0,0,0,0,0,0,0,0,0,181,"202410011509"
"2","LPO",0,0,0,0,0,0,0,0,0,0,0,0,0,0,181,"202410011509"
"3","CRA",0,0,0,0,0,0,0,0,0,0,0,0,0,0,181,"202410011509"
"4","ŚLA",0,0,0,0,0,0,0,0,0,0,0,0,0,0,181,"202410011509"
"5","POG",0,0,0,0,0,0,0,0,0,0,0,0,0,0,181,"202410011509"
"6","RAD",0,0,0,0,0,0,0,0,0,0,0,0,0,0,181,"202410011509"
"7","JAG",0,0,0,0,0,0,0,0,0,0,0,0,0,0,181,"202410011509"
"8","GKS",0,0,0,0,0,0,0,0,0,0,0,0,0,0,181,"202410011509"
"9","PIA",0,0,0,0,0,0,0,0,0,0,0,0,0,0,181,"202410011509"
"10","LGD",0,0,0,0,0,0,0,0,0,0,0,0,0,0,181,"202410011509"
"11","KOR",0,0,0,0,0,0,0,0,0,0,0,0,0,0,181,"202410011509"
"12","MOT",0,0,0,0,0,0,0,0,0,0,0,0,0,0,181,"202410011509"
"13","GÓR",0,0,0,0,0,0,0,0,0,0,0,0,0,0,181,"202410011509"
"14","LEG",0,0,0,0,0,0,0,0,0,0,0,0,0,0,181,"202410011509"
"15","ZAG",0,0,0,0,0,0,0,0,0,0,0,0,0,0,181,"202410011509"
"16","PUN",0,0,0,0,0,0,0,0,0,0,0,0,0,0,181,"202410011509"
"17","RCZ",0,0,0,0,0,0,0,0,0,0,0,0,0,0,181,"202410011509"
"18","STM",0,0,0,0,0,0,0,0,0,0,0,0,0,0,181,"202410011509"
"SUMA","EMPTY",0,0,0,0,0,0,0,0,0,0,0,0,0,0,181,"202410011509"
"2023/24 - wiosna","EMPTY",1061,4,2,0,0,2,0,0,0,0,0,2,0,60,181,"202410011509"
"2023/24 - jesień","EMPTY",1146,4,3,0,0,1,0,0,0,0,0,1,0,67,181,"202410011509"
"2022/23 - wiosna","EMPTY",1459,5,3,0,0,0,1,0,0,0,0,0,0,78,181,"202410011509"
"2022/23 - jesień","EMPTY",1142,5,1,0,0,1,0,0,1,0,0,2,0,67,181,"202410011509"
"2021/22 - wiosna","EMPTY",0,0,0,0,0,0,0,0,0,0,0,0,0,0,181,"202410011509"
"2021/22 - jesień","EMPTY",893,0,2,0,0,0,0,0,0,0,0,1,0,33,181,"202410011509"
"2020/21 - wiosna","EMPTY",718,0,0,0,0,0,0,0,0,0,0,0,0,24,181,"202410011509"
"2020/21 - jesień","EMPTY",529,3,0,0,0,0,0,0,0,0,0,0,0,38,181,"202410011509"
"2019/20 - jesień","EMPTY",9,0,0,0,0,0,0,0,0,0,0,0,0,2,181,"202410011509"
"2018/19 - wiosna","EMPTY",1376,3,2,0,0,0,3,0,0,0,0,1,0,85,181,"202410011509"
"2018/19 - jesień","EMPTY",1528,5,3,0,0,0,1,0,0,0,0,1,0,90,181,"202410011509"
"2017/18 - wiosna","EMPTY",601,1,2,0,0,0,0,0,0,0,0,0,0,42,181,"202410011509"
"2017/18 - jesień","EMPTY",1146,2,1,0,0,0,1,0,0,0,0,0,0,68,181,"202410011509"
"2016/17 - wiosna","EMPTY",0,0,0,0,0,0,0,0,0,0,0,0,0,0,181,"202410011509"
"2016/17 - jesień","EMPTY",80,0,0,0,0,0,0,0,0,0,0,0,0,13,181,"202410011509"
"3","JAG",0,0,0,0,0,0,0,0,0,0,0,0,0,0,2486,"202410011509"
"4","POG",0,0,0,0,0,0,0,0,0,0,0,0,0,0,2486,"202410011509"
"5","PIA",0,0,0,0,0,0,0,0,0,0,0,0,0,0,2486,"202410011509"
"6","KOR",0,0,0,0,0,0,0,0,0,0,0,0,0,0,2486,"202410011509"
"7","LPO",0,0,0,0,0,0,0,0,0,0,0,0,0,0,2486,"202410011509"
"8","ŚLA",0,0,0,0,0,0,0,0,0,0,0,0,0,0,2486,"202410011509"
"9","MOT",0,0,0,0,0,0,0,0,0,0,0,0,0,0,2486,"202410011509"
"10","CRA",0,0,0,0,0,0,0,0,0,0,0,0,0,0,2486,"202410011509"
"11","LGD",0,0,0,0,0,0,0,0,0,0,0,0,0,0,2486,"202410011509"
"12","GÓR",0,0,0,0,0,0,0,0,0,0,0,0,0,0,2486,"202410011509"
"13","ZAG",0,0,0,0,0,0,0,0,0,0,0,0,0,0,2486,"202410011509"
"14","RCZ",0,0,0,0,0,0,0,0,0,0,0,0,0,0,2486,"202410011509"
"15","PUN",0,0,0,0,0,0,0,0,0,0,0,0,0,0,2486,"202410011509"
"16","RAD",0,0,0,0,0,0,0,0,0,0,0,0,0,0,2486,"202410011509"
"17","LEG",0,0,0,0,0,0,0,0,0,0,0,0,0,0,2486,"202410011509"
"18","WID",0,0,0,0,0,0,0,0,0,0,0,0,0,0,2486,"202410011509"
"SUMA","EMPTY",0,0,0,0,0,0,0,0,0,0,0,0,0,0,2486,"202410011509"
"4","GKS",0,0,0,0,0,0,0,0,0,0,0,0,0,0,2489,"202410011509"
"5","STM",0,0,0,0,0,0,0,0,0,0,0,0,0,0,2489,"202410011509"
"6","ZAG",0,0,0,0,0,0,0,0,0,0,0,0,0,0,2489,"202410011509"
"7","RCZ",0,0,0,0,0,0,0,0,0,0,0,0,0,0,2489,"202410011509"
"8","PUN",0,0,0,0,0,0,0,0,0,0,0,0,0,0,2489,"202410011509"
"9","WID",0,0,0,0,0,0,0,0,0,0,0,0,0,0,2489,"202410011509"
"10","JAG",0,0,0,0,0,0,0,0,0,0,0,0,0,0,2489,"202410011509"
"11","POG",0,0,0,0,0,0,0,0,0,0,0,0,0,0,2489,"202410011509"
"12","KOR",0,0,0,0,0,0,0,0,0,0,0,0,0,0,2489,"202410011509"
"13","LGD",0,0,0,0,0,0,0,0,0,0,0,0,0,0,2489,"202410011509"
"14","RAD",0,0,0,0,0,0,0,0,0,0,0,0,0,0,2489,"202410011509"
"15","MOT",0,0,0,0,0,0,0,0,0,0,0,0,0,0,2489,"202410011509"
"16","GÓR",0,0,0,0,0,0,0,0,0,0,0,0,0,0,2489,"202410011509"
"17","LPO",0,0,0,0,0,0,0,0,0,0,0,0,0,0,2489,"202410011509"
"18","CRA",0,0,0,0,0,0,0,0,0,0,0,0,0,0,2489,"202410011509"
"SUMA","EMPTY",0,0,0,0,0,0,0,0,0,0,0,0,0,0,2489,"202410011509"
"1","CRA",0,0,0,0,0,0,0,0,0,0,0,0,0,0,2235,"202410011509"
"2","ŚLA",0,0,0,0,0,0,0,0,0,0,0,0,0,0,2235,"202410011509"
"3","LEG",0,0,0,0,0,0,0,0,0,0,0,0,0,0,2235,"202410011509"
"4","GKS",0,0,0,0,0,0,0,0,0,0,0,0,0,0,2235,"202410011509"
"5","STM",0,0,0,0,0,0,0,0,0,0,0,0,0,0,2235,"202410011509"
"6","ZAG",0,0,0,0,0,0,0,0,0,0,0,0,0,0,2235,"202410011509"
"7","RCZ",0,0,0,0,0,0,0,0,0,0,0,0,0,0,2235,"202410011509"
"8","PUN",0,0,0,0,0,0,0,0,0,0,0,0,0,0,2235,"202410011509"
"9","WID",0,0,0,0,0,0,0,0,0,0,0,0,0,0,2235,"202410011509"
"10","JAG",0,0,0,0,0,0,0,0,0,0,0,0,0,0,2235,"202410011509"
"11","POG",0,0,0,0,0,0,0,0,0,0,0,0,0,0,2235,"202410011509"
"12","KOR",0,0,0,0,0,0,0,0,0,0,0,0,0,0,2235,"202410011509"
"13","LGD",0,0,0,0,0,0,0,0,0,0,0,0,0,0,2235,"202410011509"
"14","RAD",0,0,0,0,0,0,0,0,0,0,0,0,0,0,2235,"202410011509"
"15","MOT",0,0,0,0,0,0,0,0,0,0,0,0,0,0,2235,"202410011509"
"16","GÓR",0,0,0,0,0,0,0,0,0,0,0,0,0,0,2235,"202410011509"
"17","LPO",0,0,0,0,0,0,0,0,0,0,0,0,0,0,2235,"202410011509"
"18","CRA",0,0,0,0,0,0,0,0,0,0,0,0,0,0,2235,"202410011509"
"SUMA","EMPTY",0,0,0,0,0,0,0,0,0,0,0,0,0,0,2235,"202410011509"
"2023/24 - wiosna","EMPTY",5,0,0,0,0,0,0,0,0,0,0,0,0,1,2235,"202410011509"
"2023/24 - jesień","EMPTY",0,0,0,0,0,0,0,0,0,0,0,0,0,0,2235,"202410011509"
"4","STM",0,0,0,0,0,0,0,0,0,0,0,0,0,0,2491,"202410011509"
"5","WID",0,0,0,0,0,0,0,0,0,0,0,0,0,0,2491,"202410011509"
"6","LPO",0,0,0,0,0,0,0,0,0,0,0,0,0,0,2491,"202410011509"
"7","ŚLA",0,0,0,0,0,0,0,0,0,0,0,0,0,0,2491,"202410011509"
"8","CRA",0,0,0,0,0,0,0,0,0,0,0,0,0,0,2491,"202410011509"
"9","LEG",0,0,0,0,0,0,0,0,0,0,0,0,0,0,2491,"202410011509"
"10","GKS",0,0,0,0,0,0,0,0,0,0,0,0,0,0,2491,"202410011509"
"11","PIA",0,0,0,0,0,0,0,0,0,0,0,0,0,0,2491,"202410011509"
"12","RCZ",0,0,0,0,0,0,0,0,0,0,0,0,0,0,2491,"202410011509"
"13","PUN",0,0,0,0,0,0,0,0,0,0,0,0,0,0,2491,"202410011509"
"14","MOT",0,0,0,0,0,0,0,0,0,0,0,0,0,0,2491,"202410011509"
"15","RAD",0,0,0,0,0,0,0,0,0,0,0,0,0,0,2491,"202410011509"
"16","LGD",0,0,0,0,0,0,0,0,0,0,0,0,0,0,2491,"202410011509"
"17","JAG",0,0,0,0,0,0,0,0,0,0,0,0,0,0,2491,"202410011509"
"18","KOR",0,0,0,0,0,0,0,0,0,0,0,0,0,0,2491,"202410011509"
"SUMA","EMPTY",0,0,0,0,0,0,0,0,0,0,0,0,0,0,2491,"202410011509"
"4","WID",0,0,0,0,0,0,0,0,0,0,0,0,0,0,2492,"202410011509"
"5","KOR",0,0,0,0,0,0,0,0,0,0,0,0,0,0,2492,"202410011509"
"6","LEG",0,0,0,0,0,0,0,0,0,0,0,0,0,0,2492,"202410011509"
"7","POG",0,0,0,0,0,0,0,0,0,0,0,0,0,0,2492,"202410011509"
"8","STM",0,0,0,0,0,0,0,0,0,0,0,0,0,0,2492,"202410011509"
"9","LPO",0,0,0,0,0,0,0,0,0,0,0,0,0,0,2492,"202410011509"
"10","MOT",0,0,0,0,0,0,0,0,0,0,0,0,0,0,2492,"202410011509"
"11","CRA",0,0,0,0,0,0,0,0,0,0,0,0,0,0,2492,"202410011509"
"12","GKS",0,0,0,0,0,0,0,0,0,0,0,0,0,0,2492,"202410011509"
"13","RCZ",0,0,0,0,0,0,0,0,0,0,0,0,0,0,2492,"202410011509"
"14","ZAG",0,0,0,0,0,0,0,0,0,0,0,0,0,0,2492,"202410011509"
"15","GÓR",0,0,0,0,0,0,0,0,0,0,0,0,0,0,2492,"202410011509"
"16","JAG",0,0,0,0,0,0,0,0,0,0,0,0,0,0,2492,"202410011509"
"17","PUN",0,0,0,0,0,0,0,0,0,0,0,0,0,0,2492,"202410011509"
"18","RAD",0,0,0,0,0,0,0,0,0,0,0,0,0,0,2492,"202410011509"
"18","LGD",0,0,0,0,0,0,0,0,0,0,0,0,0,0,2492,"202410011509"
"SUMA","EMPTY",0,0,0,0,0,0,0,0,0,0,0,0,0,0,2492,"202410011509"
"7","LPO",0,0,0,0,0,0,0,0,0,0,0,0,0,0,2497,"202410011509"
"8","ŚLA",0,0,0,0,0,0,0,0,0,0,0,0,0,0,2497,"202410011509"
"9","MOT",0,0,0,0,0,0,0,0,0,0,0,0,0,0,2497,"202410011509"
"10","CRA",0,0,0,0,0,0,0,0,0,0,0,0,0,0,2497,"202410011509"
"11","LGD",0,0,0,0,0,0,0,0,0,0,0,0,0,0,2497,"202410011509"
"12","GÓR",0,0,0,0,0,0,0,0,0,0,0,0,0,0,2497,"202410011509"
"13","ZAG",0,0,0,0,0,0,0,0,0,0,0,0,0,0,2497,"202410011509"
"14","RCZ",0,0,0,0,0,0,0,0,0,0,0,0,0,0,2497,"202410011509"
"15","PUN",0,0,0,0,0,0,0,0,0,0,0,0,0,0,2497,"202410011509"
"16","RAD",0,0,0,0,0,0,0,0,0,0,0,0,0,0,2497,"202410011509"
"17","LEG",0,0,0,0,0,0,0,0,0,0,0,0,0,0,2497,"202410011509"
"18","WID",0,0,0,0,0,0,0,0,0,0,0,0,0,0,2497,"202410011509"
"SUMA","EMPTY",0,0,0,0,0,0,0,0,0,0,0,0,0,0,2497,"202410011509"
"8","LPO",0,0,0,0,0,0,0,0,0,0,0,0,0,0,2500,"202410011509"
"9","MOT",0,0,0,0,0,0,0,0,0,0,0,0,0,0,2500,"202410011509"
"9","LGD",0,0,0,0,0,0,0,0,0,0,0,0,0,0,2500,"202410011509"
"10","PIA",0,0,0,0,0,0,0,0,0,0,0,0,0,0,2500,"202410011509"
"11","LEG",0,0,0,0,0,0,0,0,0,0,0,0,0,0,2500,"202410011509"
"12","ZAG",0,0,0,0,0,0,0,0,0,0,0,0,0,0,2500,"202410011509"
"13","KOR",0,0,0,0,0,0,0,0,0,0,0,0,0,0,2500,"202410011509"
"14","GÓR",0,0,0,0,0,0,0,0,0,0,0,0,0,0,2500,"202410011509"
"15","RCZ",0,0,0,0,0,0,0,0,0,0,0,0,0,0,2500,"202410011509"
"16","ŚLA",0,0,0,0,0,0,0,0,0,0,0,0,0,0,2500,"202410011509"
"17","POG",0,0,0,0,0,0,0,0,0,0,0,0,0,0,2500,"202410011509"
"18","PUN",0,0,0,0,0,0,0,0,0,0,0,0,0,0,2500,"202410011509"
"SUMA","EMPTY",0,0,0,0,0,0,0,0,0,0,0,0,0,0,2500,"202410011509"
"8","PUN",0,0,0,0,0,0,0,0,0,0,0,0,0,0,2504,"202410011509"
"9","WID",0,0,0,0,0,0,0,0,0,0,0,0,0,0,2504,"202410011509"
"10","JAG",0,0,0,0,0,0,0,0,0,0,0,0,0,0,2504,"202410011509"
"11","POG",0,0,0,0,0,0,0,0,0,0,0,0,0,0,2504,"202410011509"
"12","KOR",0,0,0,0,0,0,0,0,0,0,0,0,0,0,2504,"202410011509"
"13","LGD",0,0,0,0,0,0,0,0,0,0,0,0,0,0,2504,"202410011509"
"14","RAD",0,0,0,0,0,0,0,0,0,0,0,0,0,0,2504,"202410011509"
"15","MOT",0,0,0,0,0,0,0,0,0,0,0,0,0,0,2504,"202410011509"
"16","GÓR",0,0,0,0,0,0,0,0,0,0,0,0,0,0,2504,"202410011509"
"17","LPO",0,0,0,0,0,0,0,0,0,0,0,0,0,0,2504,"202410011509"
"18","CRA",0,0,0,0,0,0,0,0,0,0,0,0,0,0,2504,"202410011509"
"SUMA","EMPTY",0,0,0,0,0,0,0,0,0,0,0,0,0,0,2504,"202410011509"
"1","JAG",0,0,0,0,0,0,0,0,0,0,0,0,0,0,2249,"202410011509"
"2","GÓR",0,0,0,0,0,0,0,0,0,0,0,0,0,0,2249,"202410011509"
"3","ZAG",0,0,0,0,0,0,0,0,0,0,0,0,0,0,2249,"202410011509"
"4","LEG",0,0,0,0,0,0,0,0,0,0,0,0,0,0,2249,"202410011509"
"5","LGD",0,0,0,0,0,0,0,0,0,0,0,0,0,0,2249,"202410011509"
"6","MOT",0,0,0,0,0,0,0,0,0,0,0,0,0,0,2249,"202410011509"
"7","KOR",0,0,0,0,0,0,0,0,0,0,0,0,0,0,2249,"202410011509"
"8","PIA",0,0,0,0,0,0,0,0,0,0,0,0,0,0,2249,"202410011509"
"9","CRA",0,0,0,0,0,0,0,0,0,0,0,0,0,0,2249,"202410011509"
"10","RCZ",0,0,0,0,0,0,0,0,0,0,0,0,0,0,2249,"202410011509"
"11","GKS",0,0,0,0,0,0,0,0,0,0,0,0,0,0,2249,"202410011509"
"12","RAD",0,0,0,0,0,0,0,0,0,0,0,0,0,0,2249,"202410011509"
"13","POG",0,0,0,0,0,0,0,0,0,0,0,0,0,0,2249,"202410011509"
"14","LPO",0,0,0,0,0,0,0,0,0,0,0,0,0,0,2249,"202410011509"
"15","STM",0,0,0,0,0,0,0,0,0,0,0,0,0,0,2249,"202410011509"
"16","WID",0,0,0,0,0,0,0,0,0,0,0,0,0,0,2249,"202410011509"
"17","ŚLA",0,0,0,0,0,0,0,0,0,0,0,0,0,0,2249,"202410011509"
"18","JAG",0,0,0,0,0,0,0,0,0,0,0,0,0,0,2249,"202410011509"
"SUMA","EMPTY",0,0,0,0,0,0,0,0,0,0,0,0,0,0,2249,"202410011509"
"2023/24 - wiosna","EMPTY",0,0,0,0,0,0,0,0,0,0,0,0,0,0,2249,"202410011509"
"2023/24 - jesień","EMPTY",0,0,0,0,0,0,0,0,0,0,0,0,0,0,2249,"202410011509"
"8","CRA",0,0,0,0,0,0,0,0,0,0,0,0,0,0,2505,"202410011509"
"9","LEG",0,0,0,0,0,0,0,0,0,0,0,0,0,0,2505,"202410011509"
"10","GKS",0,0,0,0,0,0,0,0,0,0,0,0,0,0,2505,"202410011509"
"11","PIA",0,0,0,0,0,0,0,0,0,0,0,0,0,0,2505,"202410011509"
"12","RCZ",0,0,0,0,0,0,0,0,0,0,0,0,0,0,2505,"202410011509"
"13","PUN",0,0,0,0,0,0,0,0,0,0,0,0,0,0,2505,"202410011509"
"14","MOT",0,0,0,0,0,0,0,0,0,0,0,0,0,0,2505,"202410011509"
"15","RAD",0,0,0,0,0,0,0,0,0,0,0,0,0,0,2505,"202410011509"
"16","LGD",0,0,0,0,0,0,0,0,0,0,0,0,0,0,2505,"202410011509"
"17","JAG",0,0,0,0,0,0,0,0,0,0,0,0,0,0,2505,"202410011509"
"18","KOR",0,0,0,0,0,0,0,0,0,0,0,0,0,0,2505,"202410011509"
"SUMA","EMPTY",0,0,0,0,0,0,0,0,0,0,0,0,0,0,2505,"202410011509"
"1","CRA",0,0,0,0,0,0,0,0,0,0,0,0,0,0,2250,"202410011509"
"2","ŚLA",0,0,0,0,0,0,0,0,0,0,0,0,0,0,2250,"202410011509"
"3","LEG",0,0,0,0,0,0,0,0,0,0,0,0,0,0,2250,"202410011509"
"4","GKS",0,0,0,0,0,0,0,0,0,0,0,0,0,0,2250,"202410011509"
"5","STM",0,0,0,0,0,0,0,0,0,0,0,0,0,0,2250,"202410011509"
"6","ZAG",0,0,0,0,0,0,0,0,0,0,0,0,0,0,2250,"202410011509"
"7","RCZ",0,0,0,0,0,0,0,0,0,0,0,0,0,0,2250,"202410011509"
"8","PUN",0,0,0,0,0,0,0,0,0,0,0,0,0,0,2250,"202410011509"
"9","WID",0,0,0,0,0,0,0,0,0,0,0,0,0,0,2250,"202410011509"
"10","JAG",0,0,0,0,0,0,0,0,0,0,0,0,0,0,2250,"202410011509"
"11","POG",0,0,0,0,0,0,0,0,0,0,0,0,0,0,2250,"202410011509"
"12","KOR",0,0,0,0,0,0,0,0,0,0,0,0,0,0,2250,"202410011509"
"13","LGD",0,0,0,0,0,0,0,0,0,0,0,0,0,0,2250,"202410011509"
"14","RAD",0,0,0,0,0,0,0,0,0,0,0,0,0,0,2250,"202410011509"
"15","MOT",0,0,0,0,0,0,0,0,0,0,0,0,0,0,2250,"202410011509"
"16","GÓR",0,0,0,0,0,0,0,0,0,0,0,0,0,0,2250,"202410011509"
"17","LPO",0,0,0,0,0,0,0,0,0,0,0,0,0,0,2250,"202410011509"
"18","CRA",0,0,0,0,0,0,0,0,0,0,0,0,0,0,2250,"202410011509"
"SUMA","EMPTY",0,0,0,0,0,0,0,0,0,0,0,0,0,0,2250,"202410011509"
"2023/24 - wiosna","EMPTY",0,0,0,0,0,0,0,0,0,0,0,0,0,0,2250,"202410011509"
"2023/24 - jesień","EMPTY",0,0,0,0,0,0,0,0,0,0,0,0,0,0,2250,"202410011509"
"4","ŚLA",0,0,0,0,0,0,0,0,0,0,0,0,0,0,1739,"202410011509"
"5","POG",0,0,0,0,0,0,0,0,0,0,0,0,0,0,1739,"202410011509"
"6","RAD",0,0,0,0,0,0,0,0,0,0,0,0,0,0,1739,"202410011509"
"7","JAG",0,0,0,0,0,0,0,0,0,0,0,0,0,0,1739,"202410011509"
"8","GKS",0,0,0,0,0,0,0,0,0,0,0,0,0,0,1739,"202410011509"
"9","PIA",0,0,0,0,0,0,0,0,0,0,0,0,0,0,1739,"202410011509"
"10","LGD",0,0,0,0,0,0,0,0,0,0,0,0,0,0,1739,"202410011509"
"11","KOR",0,0,0,0,0,0,0,0,0,0,0,0,0,0,1739,"202410011509"
"12","MOT",0,0,0,0,0,0,0,0,0,0,0,0,0,0,1739,"202410011509"
"13","GÓR",0,0,0,0,0,0,0,0,0,0,0,0,0,0,1739,"202410011509"
"14","LEG",0,0,0,0,0,0,0,0,0,0,0,0,0,0,1739,"202410011509"
"15","ZAG",0,0,0,0,0,0,0,0,0,0,0,0,0,0,1739,"202410011509"
"16","PUN",0,0,0,0,0,0,0,0,0,0,0,0,0,0,1739,"202410011509"
"17","RCZ",0,0,0,0,0,0,0,0,0,0,0,0,0,0,1739,"202410011509"
"18","STM",0,0,0,0,0,0,0,0,0,0,0,0,0,0,1739,"202410011509"
"SUMA","EMPTY",0,0,0,0,0,0,0,0,0,0,0,0,0,0,1739,"202410011509"
"2021/22 - wiosna","EMPTY",837,0,0,0,0,0,0,1,0,0,0,0,0,18,1739,"202410011509"
"2021/22 - jesień","EMPTY",966,0,0,0,0,0,0,0,0,0,0,0,0,32,1739,"202410011509"
"1","ZAG",0,0,0,0,0,0,0,0,0,0,0,0,0,0,2252,"202410011509"
"2","KOR",0,0,0,0,0,0,0,0,0,0,0,0,0,0,2252,"202410011509"
"3","PIA",0,0,0,0,0,0,0,0,0,0,0,0,0,0,2252,"202410011509"
"4","PUN",0,0,0,0,0,0,0,0,0,0,0,0,0,0,2252,"202410011509"
"5","RAD",0,0,0,0,0,0,0,0,0,0,0,0,0,0,2252,"202410011509"
"6","ŚLA",0,0,0,0,0,0,0,0,0,0,0,0,0,0,2252,"202410011509"
"7","MOT",0,0,0,0,0,0,0,0,0,0,0,0,0,0,2252,"202410011509"
"8","RCZ",0,0,0,0,0,0,0,0,0,0,0,0,0,0,2252,"202410011509"
"9","POG",0,0,0,0,0,0,0,0,0,0,0,0,0,0,2252,"202410011509"
"10","GÓR",0,0,0,0,0,0,0,0,0,0,0,0,0,0,2252,"202410011509"
"11","JAG",0,0,0,0,0,0,0,0,0,0,0,0,0,0,2252,"202410011509"
"12","LGD",0,0,0,0,0,0,0,0,0,0,0,0,0,0,2252,"202410011509"
"13","GKS",0,0,0,0,0,0,0,0,0,0,0,0,0,0,2252,"202410011509"
"14","WID",0,0,0,0,0,0,0,0,0,0,0,0,0,0,2252,"202410011509"
"15","LPO",0,0,0,0,0,0,0,0,0,0,0,0,0,0,2252,"202410011509"
"16","CRA",0,0,0,0,0,0,0,0,0,0,0,0,0,0,2252,"202410011509"
"17","STM",0,0,0,0,0,0,0,0,0,0,0,0,0,0,2252,"202410011509"
"18","ZAG",0,0,0,0,0,0,0,0,0,0,0,0,0,0,2252,"202410011509"
"SUMA","EMPTY",0,0,0,0,0,0,0,0,0,0,0,0,0,0,2252,"202410011509"
"2023/24 - wiosna","EMPTY",312,1,0,0,0,0,0,0,0,0,0,1,0,15,2252,"202410011509"
"2023/24 - jesień","EMPTY",345,0,0,0,0,0,0,0,0,0,0,3,0,11,2252,"202410011509"
"9","JAG",0,0,0,0,0,0,0,0,0,0,0,0,0,0,2509,"202410011509"
"9","STM",0,0,0,0,0,0,0,0,0,0,0,0,0,0,2509,"202410011509"
"10","ŚLA",0,0,0,0,0,0,0,0,0,0,0,0,0,0,2509,"202410011509"
"11","LPO",0,0,0,0,0,0,0,0,0,0,0,0,0,0,2509,"202410011509"
"12","WID",0,0,0,0,0,0,0,0,0,0,0,0,0,0,2509,"202410011509"
"13","CRA",0,0,0,0,0,0,0,0,0,0,0,0,0,0,2509,"202410011509"
"14","POG",0,0,0,0,0,0,0,0,0,0,0,0,0,0,2509,"202410011509"
"15","PIA",0,0,0,0,0,0,0,0,0,0,0,0,0,0,2509,"202410011509"
"16","ZAG",0,0,0,0,0,0,0,0,0,0,0,0,0,0,2509,"202410011509"
"17","RAD",0,0,0,0,0,0,0,0,0,0,0,0,0,0,2509,"202410011509"
"18","RCZ",0,0,0,0,0,0,0,0,0,0,0,0,0,0,2509,"202410011509"
"SUMA","EMPTY",0,0,0,0,0,0,0,0,0,0,0,0,0,0,2509,"202410011509"
"9","MOT",0,0,0,0,0,0,0,0,0,0,0,0,0,0,2510,"202410011509"
"9","LGD",0,0,0,0,0,0,0,0,0,0,0,0,0,0,2510,"202410011509"
"10","PIA",0,0,0,0,0,0,0,0,0,0,0,0,0,0,2510,"202410011509"
"11","LEG",0,0,0,0,0,0,0,0,0,0,0,0,0,0,2510,"202410011509"
"12","ZAG",0,0,0,0,0,0,0,0,0,0,0,0,0,0,2510,"202410011509"
"13","KOR",0,0,0,0,0,0,0,0,0,0,0,0,0,0,2510,"202410011509"
"14","GÓR",0,0,0,0,0,0,0,0,0,0,0,0,0,0,2510,"202410011509"
"15","RCZ",0,0,0,0,0,0,0,0,0,0,0,0,0,0,2510,"202410011509"
"16","ŚLA",0,0,0,0,0,0,0,0,0,0,0,0,0,0,2510,"202410011509"
"17","POG",0,0,0,0,0,0,0,0,0,0,0,0,0,0,2510,"202410011509"
"18","PUN",0,0,0,0,0,0,0,0,0,0,0,0,0,0,2510,"202410011509"
"SUMA","EMPTY",0,0,0,0,0,0,0,0,0,0,0,0,0,0,2510,"202410011509"
"1","GÓR",0,0,0,0,0,0,0,0,0,0,0,0,0,0,2255,"202410011509"
"2","WID",0,0,0,0,0,0,0,0,0,0,0,0,0,0,2255,"202410011509"
"3","LGD",0,0,0,0,0,0,0,0,0,0,0,0,0,0,2255,"202410011509"
"4","RCZ",0,0,0,0,0,0,0,0,0,0,0,0,0,0,2255,"202410011509"
"5","ZAG",0,0,0,0,0,0,0,0,0,0,0,0,0,0,2255,"202410011509"
"6","POG",0,0,0,0,0,0,0,0,0,0,0,0,0,0,2255,"202410011509"
"7","STM",0,0,0,0,0,0,0,0,0,0,0,0,0,0,2255,"202410011509"
"8","JAG",0,0,0,0,0,0,0,0,0,0,0,0,0,0,2255,"202410011509"
"9","ŚLA",0,0,0,0,0,0,0,0,0,0,0,0,0,0,2255,"202410011509"
"10","KOR",0,0,0,0,0,0,0,0,0,0,0,0,0,0,2255,"202410011509"
"11","MOT",0,0,0,0,0,0,0,0,0,0,0,0,0,0,2255,"202410011509"
"12","CRA",0,0,0,0,0,0,0,0,0,0,0,0,0,0,2255,"202410011509"
"13","RAD",0,0,0,0,0,0,0,0,0,0,0,0,0,0,2255,"202410011509"
"14","PUN",0,0,0,0,0,0,0,0,0,0,0,0,0,0,2255,"202410011509"
"15","LEG",0,0,0,0,0,0,0,0,0,0,0,0,0,0,2255,"202410011509"
"16","GKS",0,0,0,0,0,0,0,0,0,0,0,0,0,0,2255,"202410011509"
"17","PIA",0,0,0,0,0,0,0,0,0,0,0,0,0,0,2255,"202410011509"
"18","GÓR",0,0,0,0,0,0,0,0,0,0,0,0,0,0,2255,"202410011509"
"SUMA","EMPTY",0,0,0,0,0,0,0,0,0,0,0,0,0,0,2255,"202410011509"
"2023/24 - wiosna","EMPTY",0,0,0,0,0,0,0,0,0,0,0,0,0,0,2255,"202410011509"
"2023/24 - jesień","EMPTY",0,0,0,0,0,0,0,0,0,0,0,0,0,0,2255,"202410011509"
"9","GKS",0,0,0,0,0,0,0,0,0,0,0,0,0,0,2511,"202410011509"
"10","LEG",0,0,0,0,0,0,0,0,0,0,0,0,0,0,2511,"202410011509"
"11","ZAG",0,0,0,0,0,0,0,0,0,0,0,0,0,0,2511,"202410011509"
"12","STM",0,0,0,0,0,0,0,0,0,0,0,0,0,0,2511,"202410011509"
"13","WID",0,0,0,0,0,0,0,0,0,0,0,0,0,0,2511,"202410011509"
"14","JAG",0,0,0,0,0,0,0,0,0,0,0,0,0,0,2511,"202410011509"
"15","ŚLA",0,0,0,0,0,0,0,0,0,0,0,0,0,0,2511,"202410011509"
"16","PIA",0,0,0,0,0,0,0,0,0,0,0,0,0,0,2511,"202410011509"
"17","KOR",0,0,0,0,0,0,0,0,0,0,0,0,0,0,2511,"202410011509"
"18","LPO",0,0,0,0,0,0,0,0,0,0,0,0,0,0,2511,"202410011509"
"SUMA","EMPTY",0,0,0,0,0,0,0,0,0,0,0,0,0,0,2511,"202410011509"
"1","RCZ",0,0,0,0,0,0,0,0,0,0,0,0,0,0,1744,"202410011509"
"2","LGD",0,0,0,0,0,0,0,0,0,0,0,0,0,0,1744,"202410011509"
"3","KOR",0,0,0,0,0,0,0,0,0,0,0,0,0,0,1744,"202410011509"
"5","GKS",0,0,0,0,0,0,0,0,0,0,0,0,0,0,1744,"202410011509"
"6","PUN",0,0,0,0,0,0,0,0,0,0,0,0,0,0,1744,"202410011509"
"7","LEG",0,0,0,0,0,0,0,0,0,0,0,0,0,0,1744,"202410011509"
"8","GÓR",0,0,0,0,0,0,0,0,0,0,0,0,0,0,1744,"202410011509"
"9","JAG",0,0,0,0,0,0,0,0,0,0,0,0,0,0,1744,"202410011509"
"9","STM",0,0,0,0,0,0,0,0,0,0,0,0,0,0,1744,"202410011509"
"10","ŚLA",0,0,0,0,0,0,0,0,0,0,0,0,0,0,1744,"202410011509"
"11","LPO",0,0,0,0,0,0,0,0,0,0,0,0,0,0,1744,"202410011509"
"12","WID",0,0,0,0,0,0,0,0,0,0,0,0,0,0,1744,"202410011509"
"13","CRA",0,0,0,0,0,0,0,0,0,0,0,0,0,0,1744,"202410011509"
"14","POG",0,0,0,0,0,0,0,0,0,0,0,0,0,0,1744,"202410011509"
"15","PIA",0,0,0,0,0,0,0,0,0,0,0,0,0,0,1744,"202410011509"
"16","ZAG",0,0,0,0,0,0,0,0,0,0,0,0,0,0,1744,"202410011509"
"17","RAD",0,0,0,0,0,0,0,0,0,0,0,0,0,0,1744,"202410011509"
"18","RCZ",0,0,0,0,0,0,0,0,0,0,0,0,0,0,1744,"202410011509"
"SUMA","EMPTY",0,0,0,0,0,0,0,0,0,0,0,0,0,0,1744,"202410011509"
"2021/22 - wiosna","EMPTY",0,0,0,0,0,0,0,0,0,0,0,0,0,0,1744,"202410011509"
"2021/22 - jesień","EMPTY",0,0,0,0,0,0,0,0,0,0,0,0,0,0,1744,"202410011509"
"1","GKS",0,0,0,0,0,0,0,0,0,0,0,0,0,0,2256,"202410011509"
"2","JAG",0,0,0,0,0,0,0,0,0,0,0,0,0,0,2256,"202410011509"
"4","GÓR",0,0,0,0,0,0,0,0,0,0,0,0,0,0,2256,"202410011509"
"5","LEG",0,0,0,0,0,0,0,0,0,0,0,0,0,0,2256,"202410011509"
"6","WID",0,0,0,0,0,0,0,0,0,0,0,0,0,0,2256,"202410011509"
"7","CRA",0,0,0,0,0,0,0,0,0,0,0,0,0,0,2256,"202410011509"
"8","LGD",0,0,0,0,0,0,0,0,0,0,0,0,0,0,2256,"202410011509"
"9","KOR",0,0,0,0,0,0,0,0,0,0,0,0,0,0,2256,"202410011509"
"10","ZAG",0,0,0,0,0,0,0,0,0,0,0,0,0,0,2256,"202410011509"
"11","RCZ",0,0,0,0,0,0,0,0,0,0,0,0,0,0,2256,"202410011509"
"12","PUN",0,0,0,0,0,0,0,0,0,0,0,0,0,0,2256,"202410011509"
"13","LPO",0,0,0,0,0,0,0,0,0,0,0,0,0,0,2256,"202410011509"
"14","PIA",0,0,0,0,0,0,0,0,0,0,0,0,0,0,2256,"202410011509"
"15","POG",0,0,0,0,0,0,0,0,0,0,0,0,0,0,2256,"202410011509"
"16","STM",0,0,0,0,0,0,0,0,0,0,0,0,0,0,2256,"202410011509"
"17","MOT",0,0,0,0,0,0,0,0,0,0,0,0,0,0,2256,"202410011509"
"18","ŚLA",0,0,0,0,0,0,0,0,0,0,0,0,0,0,2256,"202410011509"
"18","GKS",0,0,0,0,0,0,0,0,0,0,0,0,0,0,2256,"202410011509"
"SUMA","EMPTY",0,0,0,0,0,0,0,0,0,0,0,0,0,0,2256,"202410011509"
"2023/24 - wiosna","EMPTY",0,0,0,0,0,0,0,0,0,0,0,0,0,0,2256,"202410011509"
"2023/24 - jesień","EMPTY",0,0,0,0,0,0,0,0,0,0,0,0,0,0,2256,"202410011509"
"10","PUN",0,0,0,0,0,0,0,0,0,0,0,0,0,0,2513,"202410011509"
"11","RAD",0,0,0,0,0,0,0,0,0,0,0,0,0,0,2513,"202410011509"
"12","POG",0,0,0,0,0,0,0,0,0,0,0,0,0,0,2513,"202410011509"
"13","ŚLA",0,0,0,0,0,0,0,0,0,0,0,0,0,0,2513,"202410011509"
"14","STM",0,0,0,0,0,0,0,0,0,0,0,0,0,0,2513,"202410011509"
"15","JAG",0,0,0,0,0,0,0,0,0,0,0,0,0,0,2513,"202410011509"
"16","KOR",0,0,0,0,0,0,0,0,0,0,0,0,0,0,2513,"202410011509"
"17","WID",0,0,0,0,0,0,0,0,0,0,0,0,0,0,2513,"202410011509"
"18","MOT",0,0,0,0,0,0,0,0,0,0,0,0,0,0,2513,"202410011509"
"SUMA","EMPTY",0,0,0,0,0,0,0,0,0,0,0,0,0,0,2513,"202410011509"
"10","WID",0,0,0,0,0,0,0,0,0,0,0,0,0,0,2514,"202410011509"
"11","STM",0,0,0,0,0,0,0,0,0,0,0,0,0,0,2514,"202410011509"
"12","LEG",0,0,0,0,0,0,0,0,0,0,0,0,0,0,2514,"202410011509"
"13","PIA",0,0,0,0,0,0,0,0,0,0,0,0,0,0,2514,"202410011509"
"14","CRA",0,0,0,0,0,0,0,0,0,0,0,0,0,0,2514,"202410011509"
"15","KOR",0,0,0,0,0,0,0,0,0,0,0,0,0,0,2514,"202410011509"
"16","POG",0,0,0,0,0,0,0,0,0,0,0,0,0,0,2514,"202410011509"
"17","GKS",0,0,0,0,0,0,0,0,0,0,0,0,0,0,2514,"202410011509"
"18","ŚLA",0,0,0,0,0,0,0,0,0,0,0,0,0,0,2514,"202410011509"
"SUMA","EMPTY",0,0,0,0,0,0,0,0,0,0,0,0,0,0,2514,"202410011509"
"1","LEG",0,0,0,0,0,0,0,0,0,0,0,0,0,0,2007,"202410011509"
"2","POG",0,0,0,0,0,0,0,0,0,0,0,0,0,0,2007,"202410011509"
"3","PUN",0,0,0,0,0,0,0,0,0,0,0,0,0,0,2007,"202410011509"
"4","LGD",0,0,0,0,0,0,0,0,0,0,0,0,0,0,2007,"202410011509"
"5","LPO",0,0,0,0,0,0,0,0,0,0,0,0,0,0,2007,"202410011509"
"6","PIA",0,0,0,0,0,0,0,0,0,0,0,0,0,0,2007,"202410011509"
"7","GKS",0,0,0,0,0,0,0,0,0,0,0,0,0,0,2007,"202410011509"
"8","KOR",0,0,0,0,0,0,0,0,0,0,0,0,0,0,2007,"202410011509"
"9","RCZ",0,0,0,0,0,0,0,0,0,0,0,0,0,0,2007,"202410011509"
"10","RAD",0,0,0,0,0,0,0,0,0,0,0,0,0,0,2007,"202410011509"
"11","GÓR",0,0,0,0,0,0,0,0,0,0,0,0,0,0,2007,"202410011509"
"12","JAG",0,0,0,0,0,0,0,0,0,0,0,0,0,0,2007,"202410011509"
"13","STM",0,0,0,0,0,0,0,0,0,0,0,0,0,0,2007,"202410011509"
"14","ŚLA",0,0,0,0,0,0,0,0,0,0,0,0,0,0,2007,"202410011509"
"15","WID",0,0,0,0,0,0,0,0,0,0,0,0,0,0,2007,"202410011509"
"16","MOT",0,0,0,0,0,0,0,0,0,0,0,0,0,0,2007,"202410011509"
"17","CRA",0,0,0,0,0,0,0,0,0,0,0,0,0,0,2007,"202410011509"
"18","LEG",0,0,0,0,0,0,0,0,0,0,0,0,0,0,2007,"202410011509"
"SUMA","EMPTY",0,0,0,0,0,0,0,0,0,0,0,0,0,0,2007,"202410011509"
"2023/24 - wiosna","EMPTY",0,0,0,0,0,0,0,0,0,0,0,0,0,0,2007,"202410011509"
"2023/24 - jesień","EMPTY",0,0,0,0,0,0,0,0,0,0,0,0,0,0,2007,"202410011509"
"2022/23 - wiosna","EMPTY",0,0,0,0,0,0,0,0,0,0,0,0,0,0,2007,"202410011509"
"2022/23 - jesień","EMPTY",0,0,0,0,0,0,0,0,0,0,0,0,0,0,2007,"202410011509"
"1","POG",0,0,0,0,0,0,0,0,0,0,0,0,0,0,2263,"202410011509"
"2","LEG",0,0,0,0,0,0,0,0,0,0,0,0,0,0,2263,"202410011509"
"3","MOT",0,0,0,0,0,0,0,0,0,0,0,0,0,0,2263,"202410011509"
"4","CRA",0,0,0,0,0,0,0,0,0,0,0,0,0,0,2263,"202410011509"
"5","ŚLA",0,0,0,0,0,0,0,0,0,0,0,0,0,0,2263,"202410011509"
"6","STM",0,0,0,0,0,0,0,0,0,0,0,0,0,0,2263,"202410011509"
"7","PUN",0,0,0,0,0,0,0,0,0,0,0,0,0,0,2263,"202410011509"
"8","ZAG",0,0,0,0,0,0,0,0,0,0,0,0,0,0,2263,"202410011509"
"9","RAD",0,0,0,0,0,0,0,0,0,0,0,0,0,0,2263,"202410011509"
"10","LPO",0,0,0,0,0,0,0,0,0,0,0,0,0,0,2263,"202410011509"
"11","WID",0,0,0,0,0,0,0,0,0,0,0,0,0,0,2263,"202410011509"
"12","PIA",0,0,0,0,0,0,0,0,0,0,0,0,0,0,2263,"202410011509"
"13","JAG",0,0,0,0,0,0,0,0,0,0,0,0,0,0,2263,"202410011509"
"14","GKS",0,0,0,0,0,0,0,0,0,0,0,0,0,0,2263,"202410011509"
"15","LGD",0,0,0,0,0,0,0,0,0,0,0,0,0,0,2263,"202410011509"
"16","RCZ",0,0,0,0,0,0,0,0,0,0,0,0,0,0,2263,"202410011509"
"17","GÓR",0,0,0,0,0,0,0,0,0,0,0,0,0,0,2263,"202410011509"
"18","POG",0,0,0,0,0,0,0,0,0,0,0,0,0,0,2263,"202410011509"
"SUMA","EMPTY",0,0,0,0,0,0,0,0,0,0,0,0,0,0,2263,"202410011509"
"2023/24 - wiosna","EMPTY",0,0,0,0,0,0,0,0,0,0,0,0,0,0,2263,"202410011509"
"2023/24 - jesień","EMPTY",0,0,0,0,0,0,0,0,0,0,0,0,0,0,2263,"202410011509"
"1","LEG",0,0,0,0,0,0,0,0,0,0,0,0,0,0,2008,"202410011509"
"2","POG",0,0,0,0,0,0,0,0,0,0,0,0,0,0,2008,"202410011509"
"3","PUN",0,0,0,0,0,0,0,0,0,0,0,0,0,0,2008,"202410011509"
"4","LGD",0,0,0,0,0,0,0,0,0,0,0,0,0,0,2008,"202410011509"
"5","LPO",0,0,0,0,0,0,0,0,0,0,0,0,0,0,2008,"202410011509"
"6","PIA",0,0,0,0,0,0,0,0,0,0,0,0,0,0,2008,"202410011509"
"7","GKS",0,0,0,0,0,0,0,0,0,0,0,0,0,0,2008,"202410011509"
"8","KOR",0,0,0,0,0,0,0,0,0,0,0,0,0,0,2008,"202410011509"
"9","RCZ",0,0,0,0,0,0,0,0,0,0,0,0,0,0,2008,"202410011509"
"10","RAD",0,0,0,0,0,0,0,0,0,0,0,0,0,0,2008,"202410011509"
"11","GÓR",0,0,0,0,0,0,0,0,0,0,0,0,0,0,2008,"202410011509"
"12","JAG",0,0,0,0,0,0,0,0,0,0,0,0,0,0,2008,"202410011509"
"13","STM",0,0,0,0,0,0,0,0,0,0,0,0,0,0,2008,"202410011509"
"14","ŚLA",0,0,0,0,0,0,0,0,0,0,0,0,0,0,2008,"202410011509"
"15","WID",0,0,0,0,0,0,0,0,0,0,0,0,0,0,2008,"202410011509"
"16","MOT",0,0,0,0,0,0,0,0,0,0,0,0,0,0,2008,"202410011509"
"17","CRA",0,0,0,0,0,0,0,0,0,0,0,0,0,0,2008,"202410011509"
"18","LEG",0,0,0,0,0,0,0,0,0,0,0,0,0,0,2008,"202410011509"
"SUMA","EMPTY",0,0,0,0,0,0,0,0,0,0,0,0,0,0,2008,"202410011509"
"2023/24 - wiosna","EMPTY",0,0,0,0,0,0,0,0,0,0,0,0,0,0,2008,"202410011509"
"2023/24 - jesień","EMPTY",0,0,0,0,0,0,0,0,0,0,0,0,0,0,2008,"202410011509"
"2022/23 - wiosna","EMPTY",0,0,0,0,0,0,0,0,0,0,0,0,0,0,2008,"202410011509"
"2022/23 - jesień","EMPTY",0,0,0,0,0,0,0,0,0,0,0,0,0,0,2008,"202410011509"
"1","LGD",0,0,0,0,0,0,0,0,0,0,0,0,0,0,2264,"202410011509"
"2","PIA",0,0,0,0,0,0,0,0,0,0,0,0,0,0,2264,"202410011509"
"4","WID",0,0,0,0,0,0,0,0,0,0,0,0,0,0,2264,"202410011509"
"5","KOR",0,0,0,0,0,0,0,0,0,0,0,0,0,0,2264,"202410011509"
"6","LEG",0,0,0,0,0,0,0,0,0,0,0,0,0,0,2264,"202410011509"
"7","POG",0,0,0,0,0,0,0,0,0,0,0,0,0,0,2264,"202410011509"
"8","STM",0,0,0,0,0,0,0,0,0,0,0,0,0,0,2264,"202410011509"
"9","LPO",0,0,0,0,0,0,0,0,0,0,0,0,0,0,2264,"202410011509"
"10","MOT",0,0,0,0,0,0,0,0,0,0,0,0,0,0,2264,"202410011509"
"11","CRA",0,0,0,0,0,0,0,0,0,0,0,0,0,0,2264,"202410011509"
"12","GKS",0,0,0,0,0,0,0,0,0,0,0,0,0,0,2264,"202410011509"
"13","RCZ",0,0,0,0,0,0,0,0,0,0,0,0,0,0,2264,"202410011509"
"14","ZAG",0,0,0,0,0,0,0,0,0,0,0,0,0,0,2264,"202410011509"
"15","GÓR",0,0,0,0,0,0,0,0,0,0,0,0,0,0,2264,"202410011509"
"16","JAG",0,0,0,0,0,0,0,0,0,0,0,0,0,0,2264,"202410011509"
"17","PUN",0,0,0,0,0,0,0,0,0,0,0,0,0,0,2264,"202410011509"
"18","RAD",0,0,0,0,0,0,0,0,0,0,0,0,0,0,2264,"202410011509"
"18","LGD",0,0,0,0,0,0,0,0,0,0,0,0,0,0,2264,"202410011509"
"SUMA","EMPTY",0,0,0,0,0,0,0,0,0,0,0,0,0,0,2264,"202410011509"
"2023/24 - wiosna","EMPTY",18,0,0,0,0,0,0,0,0,0,0,0,0,1,2264,"202410011509"
"2023/24 - jesień","EMPTY",7,0,0,0,0,0,0,0,0,0,0,0,0,1,2264,"202410011509"
"1","LGD",0,0,0,0,0,0,0,0,0,0,0,0,0,0,2265,"202410011509"
"2","PIA",0,0,0,0,0,0,0,0,0,0,0,0,0,0,2265,"202410011509"
"4","WID",0,0,0,0,0,0,0,0,0,0,0,0,0,0,2265,"202410011509"
"5","KOR",0,0,0,0,0,0,0,0,0,0,0,0,0,0,2265,"202410011509"
"6","LEG",0,0,0,0,0,0,0,0,0,0,0,0,0,0,2265,"202410011509"
"7","POG",0,0,0,0,0,0,0,0,0,0,0,0,0,0,2265,"202410011509"
"8","STM",0,0,0,0,0,0,0,0,0,0,0,0,0,0,2265,"202410011509"
"9","LPO",0,0,0,0,0,0,0,0,0,0,0,0,0,0,2265,"202410011509"
"10","MOT",0,0,0,0,0,0,0,0,0,0,0,0,0,0,2265,"202410011509"
"11","CRA",0,0,0,0,0,0,0,0,0,0,0,0,0,0,2265,"202410011509"
"12","GKS",0,0,0,0,0,0,0,0,0,0,0,0,0,0,2265,"202410011509"
"13","RCZ",0,0,0,0,0,0,0,0,0,0,0,0,0,0,2265,"202410011509"
"14","ZAG",0,0,0,0,0,0,0,0,0,0,0,0,0,0,2265,"202410011509"
"15","GÓR",0,0,0,0,0,0,0,0,0,0,0,0,0,0,2265,"202410011509"
"16","JAG",0,0,0,0,0,0,0,0,0,0,0,0,0,0,2265,"202410011509"
"17","PUN",0,0,0,0,0,0,0,0,0,0,0,0,0,0,2265,"202410011509"
"18","RAD",0,0,0,0,0,0,0,0,0,0,0,0,0,0,2265,"202410011509"
"18","LGD",0,0,0,0,0,0,0,0,0,0,0,0,0,0,2265,"202410011509"
"SUMA","EMPTY",0,0,0,0,0,0,0,0,0,0,0,0,0,0,2265,"202410011509"
"2023/24 - wiosna","EMPTY",0,0,0,0,0,0,0,0,0,0,0,0,0,0,2265,"202410011509"
"2023/24 - jesień","EMPTY",0,0,0,0,0,0,0,0,0,0,0,0,0,0,2265,"202410011509"
"1","LGD",0,0,0,0,0,0,0,0,0,0,0,0,0,0,2266,"202410011509"
"2","PIA",0,0,0,0,0,0,0,0,0,0,0,0,0,0,2266,"202410011509"
"4","WID",0,0,0,0,0,0,0,0,0,0,0,0,0,0,2266,"202410011509"
"5","KOR",0,0,0,0,0,0,0,0,0,0,0,0,0,0,2266,"202410011509"
"6","LEG",0,0,0,0,0,0,0,0,0,0,0,0,0,0,2266,"202410011509"
"7","POG",0,0,0,0,0,0,0,0,0,0,0,0,0,0,2266,"202410011509"
"8","STM",0,0,0,0,0,0,0,0,0,0,0,0,0,0,2266,"202410011509"
"9","LPO",0,0,0,0,0,0,0,0,0,0,0,0,0,0,2266,"202410011509"
"10","MOT",0,0,0,0,0,0,0,0,0,0,0,0,0,0,2266,"202410011509"
"11","CRA",0,0,0,0,0,0,0,0,0,0,0,0,0,0,2266,"202410011509"
"12","GKS",0,0,0,0,0,0,0,0,0,0,0,0,0,0,2266,"202410011509"
"13","RCZ",0,0,0,0,0,0,0,0,0,0,0,0,0,0,2266,"202410011509"
"14","ZAG",0,0,0,0,0,0,0,0,0,0,0,0,0,0,2266,"202410011509"
"15","GÓR",0,0,0,0,0,0,0,0,0,0,0,0,0,0,2266,"202410011509"
"16","JAG",0,0,0,0,0,0,0,0,0,0,0,0,0,0,2266,"202410011509"
"17","PUN",0,0,0,0,0,0,0,0,0,0,0,0,0,0,2266,"202410011509"
"18","RAD",0,0,0,0,0,0,0,0,0,0,0,0,0,0,2266,"202410011509"
"18","LGD",0,0,0,0,0,0,0,0,0,0,0,0,0,0,2266,"202410011509"
"SUMA","EMPTY",0,0,0,0,0,0,0,0,0,0,0,0,0,0,2266,"202410011509"
"2023/24 - wiosna","EMPTY",0,0,0,0,0,0,0,0,0,0,0,0,0,0,2266,"202410011509"
"2023/24 - jesień","EMPTY",0,0,0,0,0,0,0,0,0,0,0,0,0,0,2266,"202410011509"
"1","LGD",0,0,0,0,0,0,0,0,0,0,0,0,0,0,2267,"202410011509"
"2","PIA",0,0,0,0,0,0,0,0,0,0,0,0,0,0,2267,"202410011509"
"4","WID",0,0,0,0,0,0,0,0,0,0,0,0,0,0,2267,"202410011509"
"5","KOR",0,0,0,0,0,0,0,0,0,0,0,0,0,0,2267,"202410011509"
"6","LEG",0,0,0,0,0,0,0,0,0,0,0,0,0,0,2267,"202410011509"
"7","POG",0,0,0,0,0,0,0,0,0,0,0,0,0,0,2267,"202410011509"
"8","STM",0,0,0,0,0,0,0,0,0,0,0,0,0,0,2267,"202410011509"
"9","LPO",0,0,0,0,0,0,0,0,0,0,0,0,0,0,2267,"202410011509"
"10","MOT",0,0,0,0,0,0,0,0,0,0,0,0,0,0,2267,"202410011509"
"11","CRA",0,0,0,0,0,0,0,0,0,0,0,0,0,0,2267,"202410011509"
"12","GKS",0,0,0,0,0,0,0,0,0,0,0,0,0,0,2267,"202410011509"
"13","RCZ",0,0,0,0,0,0,0,0,0,0,0,0,0,0,2267,"202410011509"
"14","ZAG",0,0,0,0,0,0,0,0,0,0,0,0,0,0,2267,"202410011509"
"15","GÓR",0,0,0,0,0,0,0,0,0,0,0,0,0,0,2267,"202410011509"
"16","JAG",0,0,0,0,0,0,0,0,0,0,0,0,0,0,2267,"202410011509"
"17","PUN",0,0,0,0,0,0,0,0,0,0,0,0,0,0,2267,"202410011509"
"18","RAD",0,0,0,0,0,0,0,0,0,0,0,0,0,0,2267,"202410011509"
"18","LGD",0,0,0,0,0,0,0,0,0,0,0,0,0,0,2267,"202410011509"
"SUMA","EMPTY",0,0,0,0,0,0,0,0,0,0,0,0,0,0,2267,"202410011509"
"2023/24 - wiosna","EMPTY",0,0,0,0,0,0,0,0,0,0,0,0,0,0,2267,"202410011509"
"2023/24 - jesień","EMPTY",0,0,0,0,0,0,0,0,0,0,0,0,0,0,2267,"202410011509"
"1","MOT",0,0,0,0,0,0,0,0,0,0,0,0,0,0,2269,"202410011509"
"2","CRA",0,0,0,0,0,0,0,0,0,0,0,0,0,0,2269,"202410011509"
"3","GKS",0,0,0,0,0,0,0,0,0,0,0,0,0,0,2269,"202410011509"
"4","LPO",0,0,0,0,0,0,0,0,0,0,0,0,0,0,2269,"202410011509"
"5","GÓR",0,0,0,0,0,0,0,0,0,0,0,0,0,0,2269,"202410011509"
"6","LGD",0,0,0,0,0,0,0,0,0,0,0,0,0,0,2269,"202410011509"
"7","PIA",0,0,0,0,0,0,0,0,0,0,0,0,0,0,2269,"202410011509"
"8","LEG",0,0,0,0,0,0,0,0,0,0,0,0,0,0,2269,"202410011509"
"9","ZAG",0,0,0,0,0,0,0,0,0,0,0,0,0,0,2269,"202410011509"
"10","PUN",0,0,0,0,0,0,0,0,0,0,0,0,0,0,2269,"202410011509"
"11","RAD",0,0,0,0,0,0,0,0,0,0,0,0,0,0,2269,"202410011509"
"12","POG",0,0,0,0,0,0,0,0,0,0,0,0,0,0,2269,"202410011509"
"13","ŚLA",0,0,0,0,0,0,0,0,0,0,0,0,0,0,2269,"202410011509"
"14","STM",0,0,0,0,0,0,0,0,0,0,0,0,0,0,2269,"202410011509"
"15","JAG",0,0,0,0,0,0,0,0,0,0,0,0,0,0,2269,"202410011509"
"16","KOR",0,0,0,0,0,0,0,0,0,0,0,0,0,0,2269,"202410011509"
"17","WID",0,0,0,0,0,0,0,0,0,0,0,0,0,0,2269,"202410011509"
"18","MOT",0,0,0,0,0,0,0,0,0,0,0,0,0,0,2269,"202410011509"
"SUMA","EMPTY",0,0,0,0,0,0,0,0,0,0,0,0,0,0,2269,"202410011509"
"2023/24 - wiosna","EMPTY",35,0,1,0,0,0,0,0,0,0,0,1,0,6,2269,"202410011509"
"2023/24 - jesień","EMPTY",1003,1,1,0,0,0,0,0,0,0,0,2,0,45,2269,"202410011509"
"1","PUN (JAG)",0,0,0,0,0,0,0,0,0,0,0,0,0,0,2016,"202410011509"
"2","RAD (JAG)",0,0,0,0,0,0,0,0,0,0,0,0,0,0,2016,"202410011509"
"3","STM (JAG)",0,0,0,0,0,0,0,0,0,0,0,0,0,0,2016,"202410011509"
"5","CRA (JAG)",0,0,0,0,0,0,0,0,0,0,0,0,0,0,2016,"202410011509"
"6","GKS (JAG)",0,0,0,0,0,0,0,0,0,0,0,0,0,0,2016,"202410011509"
"7","WID (JAG)",0,0,0,0,0,0,0,0,0,0,0,0,0,0,2016,"202410011509"
"8","PUN",0,0,0,0,0,0,0,0,0,0,0,0,0,0,2016,"202410011509"
"9","WID",0,0,0,0,0,0,0,0,0,0,0,0,0,0,2016,"202410011509"
"10","JAG",0,0,0,0,0,0,0,0,0,0,0,0,0,0,2016,"202410011509"
"11","POG",0,0,0,0,0,0,0,0,0,0,0,0,0,0,2016,"202410011509"
"12","KOR",0,0,0,0,0,0,0,0,0,0,0,0,0,0,2016,"202410011509"
"13","LGD",0,0,0,0,0,0,0,0,0,0,0,0,0,0,2016,"202410011509"
"14","RAD",0,0,0,0,0,0,0,0,0,0,0,0,0,0,2016,"202410011509"
"15","MOT",0,0,0,0,0,0,0,0,0,0,0,0,0,0,2016,"202410011509"
"16","GÓR",0,0,0,0,0,0,0,0,0,0,0,0,0,0,2016,"202410011509"
"17","LPO",0,0,0,0,0,0,0,0,0,0,0,0,0,0,2016,"202410011509"
"18","CRA",0,0,0,0,0,0,0,0,0,0,0,0,0,0,2016,"202410011509"
"SUMA","EMPTY",0,0,0,0,0,0,0,0,0,0,0,0,0,0,2016,"202410011509"
"2023/24 - wiosna","EMPTY",183,0,0,0,0,0,0,0,0,0,0,1,0,15,2016,"202410011509"
"2023/24 - jesień","EMPTY",186,2,0,0,0,0,0,0,0,0,0,1,0,30,2016,"202410011509"
"2022/23 - wiosna","EMPTY",532,0,1,0,0,0,0,0,0,0,0,0,0,26,2016,"202410011509"
"2022/23 - jesień","EMPTY",662,1,0,0,0,0,0,0,0,0,0,0,0,21,2016,"202410011509"
"1","LGD",0,0,0,0,0,0,0,0,0,0,0,0,0,0,1505,"202410011509"
"2","PIA",45,0,0,0,0,0,0,0,0,0,0,1,0,0,1505,"202410011509"
"4","WID",0,0,0,0,0,0,0,0,0,0,0,0,0,0,1505,"202410011509"
"5","KOR",0,0,0,0,0,0,0,0,0,0,0,0,0,0,1505,"202410011509"
"6","LEG",0,0,0,0,0,0,0,0,0,0,0,0,0,0,1505,"202410011509"
"7","POG",0,0,0,0,0,0,0,0,0,0,0,0,0,0,1505,"202410011509"
"8","STM",0,0,0,0,0,0,0,0,0,0,0,0,0,0,1505,"202410011509"
"9","LPO",0,0,0,0,0,0,0,0,0,0,0,0,0,0,1505,"202410011509"
"10","MOT",0,0,0,0,0,0,0,0,0,0,0,0,0,0,1505,"202410011509"
"11","CRA",0,0,0,0,0,0,0,0,0,0,0,0,0,0,1505,"202410011509"
"12","GKS",0,0,0,0,0,0,0,0,0,0,0,0,0,0,1505,"202410011509"
"13","RCZ",0,0,0,0,0,0,0,0,0,0,0,0,0,0,1505,"202410011509"
"14","ZAG",0,0,0,0,0,0,0,0,0,0,0,0,0,0,1505,"202410011509"
"15","GÓR",0,0,0,0,0,0,0,0,0,0,0,0,0,0,1505,"202410011509"
"16","JAG",0,0,0,0,0,0,0,0,0,0,0,0,0,0,1505,"202410011509"
"17","PUN",0,0,0,0,0,0,0,0,0,0,0,0,0,0,1505,"202410011509"
"18","RAD",0,0,0,0,0,0,0,0,0,0,0,0,0,0,1505,"202410011509"
"18","LGD",0,0,0,0,0,0,0,0,0,0,0,0,0,0,1505,"202410011509"
"SUMA","EMPTY",45,0,0,0,0,0,0,0,0,0,0,1,0,0,1505,"202410011509"
"2023/24 - wiosna","EMPTY",342,0,1,0,1,0,0,0,0,0,0,1,0,12,1505,"202410011509"
"2023/24 - jesień","EMPTY",1309,2,3,0,0,0,0,0,0,0,0,3,0,47,1505,"202410011509"
"2022/23 - wiosna","EMPTY",151,0,0,0,0,0,0,1,0,0,0,0,1,2,1505,"202410011509"
"2022/23 - jesień","EMPTY",505,0,0,0,0,0,0,1,0,0,0,0,0,14,1505,"202410011509"
"2021/22 - wiosna","EMPTY",885,1,1,0,0,0,0,0,0,0,0,3,0,30,1505,"202410011509"
"2021/22 - jesień","EMPTY",1363,1,0,0,0,0,0,0,0,0,0,5,0,30,1505,"202410011509"
"2020/21 - wiosna","EMPTY",204,0,0,0,0,0,0,0,0,0,0,0,0,16,1505,"202410011509"
"2020/21 - jesień","EMPTY",292,0,0,0,0,0,0,0,0,0,0,1,0,11,1505,"202410011509"
"1","KOR",0,0,0,0,0,0,0,0,0,0,0,0,0,0,1251,"202410011509"
"2","ZAG",0,0,0,0,0,0,0,0,0,0,0,0,0,0,1251,"202410011509"
"3","GÓR",0,0,0,0,0,0,0,0,0,0,0,0,0,0,1251,"202410011509"
"4","STM",0,0,0,0,0,0,0,0,0,0,0,0,0,0,1251,"202410011509"
"5","WID",0,0,0,0,0,0,0,0,0,0,0,0,0,0,1251,"202410011509"
"6","LPO",0,0,0,0,0,0,0,0,0,0,0,0,0,0,1251,"202410011509"
"7","ŚLA",0,0,0,0,0,0,0,0,0,0,0,0,0,0,1251,"202410011509"
"8","CRA",0,0,0,0,0,0,0,0,0,0,0,0,0,0,1251,"202410011509"
"9","LEG",0,0,0,0,0,0,0,0,0,0,0,0,0,0,1251,"202410011509"
"10","GKS",0,0,0,0,0,0,0,0,0,0,0,0,0,0,1251,"202410011509"
"11","PIA",0,0,0,0,0,0,0,0,0,0,0,0,0,0,1251,"202410011509"
"12","RCZ",0,0,0,0,0,0,0,0,0,0,0,0,0,0,1251,"202410011509"
"13","PUN",0,0,0,0,0,0,0,0,0,0,0,0,0,0,1251,"202410011509"
"14","MOT",0,0,0,0,0,0,0,0,0,0,0,0,0,0,1251,"202410011509"
"15","RAD",0,0,0,0,0,0,0,0,0,0,0,0,0,0,1251,"202410011509"
"16","LGD",0,0,0,0,0,0,0,0,0,0,0,0,0,0,1251,"202410011509"
"17","JAG",0,0,0,0,0,0,0,0,0,0,0,0,0,0,1251,"202410011509"
"18","KOR",0,0,0,0,0,0,0,0,0,0,0,0,0,0,1251,"202410011509"
"SUMA","EMPTY",0,0,0,0,0,0,0,0,0,0,0,0,0,0,1251,"202410011509"
"2023/24 - wiosna","EMPTY",139,0,0,0,0,0,0,0,0,0,0,0,0,5,1251,"202410011509"
"2023/24 - jesień","EMPTY",50,1,0,0,0,0,0,0,0,0,0,2,0,12,1251,"202410011509"
"2022/23 - wiosna","EMPTY",0,0,0,0,0,0,0,0,0,0,0,0,0,0,1251,"202410011509"
"2022/23 - jesień","EMPTY",158,1,0,0,0,0,0,0,0,0,0,0,0,13,1251,"202410011509"
"2021/22 - wiosna","EMPTY",0,0,0,0,0,0,0,0,0,0,0,0,0,0,1251,"202410011509"
"2021/22 - jesień","EMPTY",361,0,1,0,0,0,0,0,0,0,0,1,0,18,1251,"202410011509"
"2020/21 - wiosna","EMPTY",639,1,0,0,0,0,0,0,0,0,0,0,1,31,1251,"202410011509"
"2020/21 - jesień","EMPTY",409,0,0,0,0,0,0,0,0,0,0,3,0,22,1251,"202410011509"
"2019/20 - wiosna","EMPTY",71,1,1,0,0,0,0,0,0,0,0,0,0,12,1251,"202410011509"
"2019/20 - jesień","EMPTY",0,0,0,0,0,0,0,0,0,0,0,0,0,0,1251,"202410011509"
"1","KOR",0,0,0,0,0,0,0,0,0,0,0,0,0,0,1252,"202410011509"
"2","ZAG",0,0,0,0,0,0,0,0,0,0,0,0,0,0,1252,"202410011509"
"3","GÓR",0,0,0,0,0,0,0,0,0,0,0,0,0,0,1252,"202410011509"
"4","STM",0,0,0,0,0,0,0,0,0,0,0,0,0,0,1252,"202410011509"
"5","WID",0,0,0,0,0,0,0,0,0,0,0,0,0,0,1252,"202410011509"
"6","LPO",0,0,0,0,0,0,0,0,0,0,0,0,0,0,1252,"202410011509"
"7","ŚLA",0,0,0,0,0,0,0,0,0,0,0,0,0,0,1252,"202410011509"
"8","CRA",0,0,0,0,0,0,0,0,0,0,0,0,0,0,1252,"202410011509"
"9","LEG",0,0,0,0,0,0,0,0,0,0,0,0,0,0,1252,"202410011509"
"10","GKS",0,0,0,0,0,0,0,0,0,0,0,0,0,0,1252,"202410011509"
"11","PIA",0,0,0,0,0,0,0,0,0,0,0,0,0,0,1252,"202410011509"
"12","RCZ",0,0,0,0,0,0,0,0,0,0,0,0,0,0,1252,"202410011509"
"13","PUN",0,0,0,0,0,0,0,0,0,0,0,0,0,0,1252,"202410011509"
"14","MOT",0,0,0,0,0,0,0,0,0,0,0,0,0,0,1252,"202410011509"
"15","RAD",0,0,0,0,0,0,0,0,0,0,0,0,0,0,1252,"202410011509"
"16","LGD",0,0,0,0,0,0,0,0,0,0,0,0,0,0,1252,"202410011509"
"17","JAG",0,0,0,0,0,0,0,0,0,0,0,0,0,0,1252,"202410011509"
"18","KOR",0,0,0,0,0,0,0,0,0,0,0,0,0,0,1252,"202410011509"
"SUMA","EMPTY",0,0,0,0,0,0,0,0,0,0,0,0,0,0,1252,"202410011509"
"2023/24 - wiosna","EMPTY",392,1,1,0,0,0,0,0,0,0,0,0,0,34,1252,"202410011509"
"2023/24 - jesień","EMPTY",135,0,1,0,0,0,0,0,0,0,0,0,0,12,1252,"202410011509"
"2022/23 - wiosna","EMPTY",664,1,1,0,0,0,0,0,0,0,0,1,0,41,1252,"202410011509"
"2022/23 - jesień","EMPTY",82,0,1,0,0,0,0,0,0,0,0,0,0,12,1252,"202410011509"
"2021/22 - wiosna","EMPTY",404,0,0,0,0,0,0,0,0,0,0,1,0,17,1252,"202410011509"
"2021/22 - jesień","EMPTY",384,1,1,0,0,0,1,0,0,0,0,1,0,21,1252,"202410011509"
"2020/21 - wiosna","EMPTY",0,0,0,0,0,0,0,0,0,0,0,0,0,0,1252,"202410011509"
"2020/21 - jesień","EMPTY",0,0,0,0,0,0,0,0,0,0,0,0,0,0,1252,"202410011509"
"2019/20 - wiosna","EMPTY",27,0,0,0,0,0,0,0,0,0,0,0,0,1,1252,"202410011509"
"2019/20 - jesień","EMPTY",36,0,0,0,0,0,0,0,0,0,0,0,0,1,1252,"202410011509"
"1","PIA",0,0,0,0,0,0,0,0,0,0,0,0,0,0,2276,"202410011509"
"2","RCZ",0,0,0,0,0,0,0,0,0,0,0,0,0,0,2276,"202410011509"
"3","WID",0,0,0,0,0,0,0,0,0,0,0,0,0,0,2276,"202410011509"
"4","KOR",0,0,0,0,0,0,0,0,0,0,0,0,0,0,2276,"202410011509"
"5","JAG",0,0,0,0,0,0,0,0,0,0,0,0,0,0,2276,"202410011509"
"6","GÓR",0,0,0,0,0,0,0,0,0,0,0,0,0,0,2276,"202410011509"
"7","RAD",0,0,0,0,0,0,0,0,0,0,0,0,0,0,2276,"202410011509"
"8","POG",0,0,0,0,0,0,0,0,0,0,0,0,0,0,2276,"202410011509"
"9","PUN",0,0,0,0,0,0,0,0,0,0,0,0,0,0,2276,"202410011509"
"10","STM",0,0,0,0,0,0,0,0,0,0,0,0,0,0,2276,"202410011509"
"11","ŚLA",0,0,0,0,0,0,0,0,0,0,0,0,0,0,2276,"202410011509"
"12","LPO",0,0,0,0,0,0,0,0,0,0,0,0,0,0,2276,"202410011509"
"13","MOT",0,0,0,0,0,0,0,0,0,0,0,0,0,0,2276,"202410011509"
"14","LGD",0,0,0,0,0,0,0,0,0,0,0,0,0,0,2276,"202410011509"
"15","GKS",0,0,0,0,0,0,0,0,0,0,0,0,0,0,2276,"202410011509"
"16","LEG",0,0,0,0,0,0,0,0,0,0,0,0,0,0,2276,"202410011509"
"17","ZAG",0,0,0,0,0,0,0,0,0,0,0,0,0,0,2276,"202410011509"
"18","PIA",0,0,0,0,0,0,0,0,0,0,0,0,0,0,2276,"202410011509"
"SUMA","EMPTY",0,0,0,0,0,0,0,0,0,0,0,0,0,0,2276,"202410011509"
"2023/24 - wiosna","EMPTY",0,0,0,0,0,0,0,0,0,0,0,0,0,0,2276,"202410011509"
"2023/24 - jesień","EMPTY",0,0,0,0,0,0,0,0,0,0,0,0,0,0,2276,"202410011509"
"1","CRA",0,0,0,0,0,0,0,0,0,0,0,0,0,0,1001,"202410011509"
"2","ŚLA",0,0,0,0,0,0,0,0,0,0,0,0,0,0,1001,"202410011509"
"3","LEG",0,0,0,0,0,0,0,0,0,0,0,0,0,0,1001,"202410011509"
"4","GKS",0,0,0,0,0,0,0,0,0,0,0,0,0,0,1001,"202410011509"
"5","STM",0,0,0,0,0,0,0,0,0,0,0,0,0,0,1001,"202410011509"
"6","ZAG",0,0,0,0,0,0,0,0,0,0,0,0,0,0,1001,"202410011509"
"7","RCZ",0,0,0,0,0,0,0,0,0,0,0,0,0,0,1001,"202410011509"
"8","PUN",0,0,0,0,0,0,0,0,0,0,0,0,0,0,1001,"202410011509"
"9","WID",0,0,0,0,0,0,0,0,0,0,0,0,0,0,1001,"202410011509"
"10","JAG",0,0,0,0,0,0,0,0,0,0,0,0,0,0,1001,"202410011509"
"11","POG",0,0,0,0,0,0,0,0,0,0,0,0,0,0,1001,"202410011509"
"12","KOR",0,0,0,0,0,0,0,0,0,0,0,0,0,0,1001,"202410011509"
"13","LGD",0,0,0,0,0,0,0,0,0,0,0,0,0,0,1001,"202410011509"
"14","RAD",0,0,0,0,0,0,0,0,0,0,0,0,0,0,1001,"202410011509"
"15","MOT",0,0,0,0,0,0,0,0,0,0,0,0,0,0,1001,"202410011509"
"16","GÓR",0,0,0,0,0,0,0,0,0,0,0,0,0,0,1001,"202410011509"
"17","LPO",0,0,0,0,0,0,0,0,0,0,0,0,0,0,1001,"202410011509"
"18","CRA",0,0,0,0,0,0,0,0,0,0,0,0,0,0,1001,"202410011509"
"SUMA","EMPTY",0,0,0,0,0,0,0,0,0,0,0,0,0,0,1001,"202410011509"
"2023/24 - wiosna","EMPTY",270,0,0,0,0,0,0,0,0,1,0,1,0,10,1001,"202410011509"
"2023/24 - jesień","EMPTY",270,0,0,0,0,0,0,0,0,0,0,0,0,21,1001,"202410011509"
"2022/23 - wiosna","EMPTY",0,0,0,0,0,0,0,0,0,0,0,0,0,0,1001,"202410011509"
"2022/23 - jesień","EMPTY",0,0,0,0,0,0,0,0,0,0,0,0,0,0,1001,"202410011509"
"2021/22 - wiosna","EMPTY",90,0,0,0,0,0,0,0,0,0,0,0,0,2,1001,"202410011509"
"2021/22 - jesień","EMPTY",0,0,0,0,0,0,0,0,0,0,0,0,0,0,1001,"202410011509"
"2020/21 - wiosna","EMPTY",0,0,0,0,0,0,0,0,0,0,0,0,0,0,1001,"202410011509"
"2020/21 - jesień","EMPTY",0,0,0,0,0,0,0,0,0,0,0,0,0,0,1001,"202410011509"
"2019/20 - wiosna","EMPTY",189,0,0,0,0,0,0,0,0,0,0,0,0,9,1001,"202410011509"
"2019/20 - jesień","EMPTY",0,0,0,0,0,0,0,0,0,0,0,0,0,0,1001,"202410011509"
"2018/19 - wiosna","EMPTY",0,0,0,0,0,0,0,0,0,0,0,0,0,0,1001,"202410011509"
"2018/19 - jesień","EMPTY",0,0,0,0,0,0,0,0,0,0,0,0,0,0,1001,"202410011509"
"1","GÓR",0,0,0,0,0,0,0,0,0,0,0,0,0,0,2026,"202410011509"
"2","WID",0,0,0,0,0,0,0,0,0,0,0,0,0,0,2026,"202410011509"
"3","LGD",0,0,0,0,0,0,0,0,0,0,0,0,0,0,2026,"202410011509"
"4","RCZ",0,0,0,0,0,0,0,0,0,0,0,0,0,0,2026,"202410011509"
"5","ZAG",0,0,0,0,0,0,0,0,0,0,0,0,0,0,2026,"202410011509"
"6","POG",0,0,0,0,0,0,0,0,0,0,0,0,0,0,2026,"202410011509"
"7","STM",0,0,0,0,0,0,0,0,0,0,0,0,0,0,2026,"202410011509"
"8","JAG",0,0,0,0,0,0,0,0,0,0,0,0,0,0,2026,"202410011509"
"9","ŚLA",0,0,0,0,0,0,0,0,0,0,0,0,0,0,2026,"202410011509"
"10","KOR",0,0,0,0,0,0,0,0,0,0,0,0,0,0,2026,"202410011509"
"11","MOT",0,0,0,0,0,0,0,0,0,0,0,0,0,0,2026,"202410011509"
"12","CRA",0,0,0,0,0,0,0,0,0,0,0,0,0,0,2026,"202410011509"
"13","RAD",0,0,0,0,0,0,0,0,0,0,0,0,0,0,2026,"202410011509"
"14","PUN",0,0,0,0,0,0,0,0,0,0,0,0,0,0,2026,"202410011509"
"15","LEG",0,0,0,0,0,0,0,0,0,0,0,0,0,0,2026,"202410011509"
"16","GKS",0,0,0,0,0,0,0,0,0,0,0,0,0,0,2026,"202410011509"
"17","PIA",0,0,0,0,0,0,0,0,0,0,0,0,0,0,2026,"202410011509"
"18","GÓR",0,0,0,0,0,0,0,0,0,0,0,0,0,0,2026,"202410011509"
"SUMA","EMPTY",0,0,0,0,0,0,0,0,0,0,0,0,0,0,2026,"202410011509"
"2023/24 - wiosna","EMPTY",0,0,0,0,0,0,0,0,0,0,0,0,0,0,2026,"202410011509"
"2023/24 - jesień","EMPTY",525,1,0,0,0,0,0,0,0,0,0,1,0,23,2026,"202410011509"
"2022/23 - wiosna","EMPTY",900,0,2,0,0,0,0,0,0,0,0,1,0,50,2026,"202410011509"
"2022/23 - jesień","EMPTY",765,0,0,0,0,0,0,0,0,0,0,0,0,37,2026,"202410011509"
"1","PIA",0,0,0,0,0,0,0,0,0,0,0,0,0,0,2282,"202410011509"
"2","RCZ",0,0,0,0,0,0,0,0,0,0,0,0,0,0,2282,"202410011509"
"3","WID",0,0,0,0,0,0,0,0,0,0,0,0,0,0,2282,"202410011509"
"4","KOR",0,0,0,0,0,0,0,0,0,0,0,0,0,0,2282,"202410011509"
"5","JAG",0,0,0,0,0,0,0,0,0,0,0,0,0,0,2282,"202410011509"
"6","GÓR",0,0,0,0,0,0,0,0,0,0,0,0,0,0,2282,"202410011509"
"7","RAD",0,0,0,0,0,0,0,0,0,0,0,0,0,0,2282,"202410011509"
"8","POG",0,0,0,0,0,0,0,0,0,0,0,0,0,0,2282,"202410011509"
"9","PUN",0,0,0,0,0,0,0,0,0,0,0,0,0,0,2282,"202410011509"
"10","STM",0,0,0,0,0,0,0,0,0,0,0,0,0,0,2282,"202410011509"
"11","ŚLA",0,0,0,0,0,0,0,0,0,0,0,0,0,0,2282,"202410011509"
"12","LPO",0,0,0,0,0,0,0,0,0,0,0,0,0,0,2282,"202410011509"
"13","MOT",0,0,0,0,0,0,0,0,0,0,0,0,0,0,2282,"202410011509"
"14","LGD",0,0,0,0,0,0,0,0,0,0,0,0,0,0,2282,"202410011509"
"15","GKS",0,0,0,0,0,0,0,0,0,0,0,0,0,0,2282,"202410011509"
"16","LEG",0,0,0,0,0,0,0,0,0,0,0,0,0,0,2282,"202410011509"
"17","ZAG",0,0,0,0,0,0,0,0,0,0,0,0,0,0,2282,"202410011509"
"18","PIA",0,0,0,0,0,0,0,0,0,0,0,0,0,0,2282,"202410011509"
"SUMA","EMPTY",0,0,0,0,0,0,0,0,0,0,0,0,0,0,2282,"202410011509"
"2023/24 - wiosna","EMPTY",1145,0,1,0,0,0,0,0,0,0,0,6,1,32,2282,"202410011509"
"2023/24 - jesień","EMPTY",755,0,2,0,0,0,0,0,0,0,0,3,0,21,2282,"202410011509"
"1","LEG",0,0,0,0,0,0,0,0,0,0,0,0,0,0,1772,"202410011509"
"2","POG",0,0,0,0,0,0,0,0,0,0,0,0,0,0,1772,"202410011509"
"3","PUN",0,0,0,0,0,0,0,0,0,0,0,0,0,0,1772,"202410011509"
"4","LGD",0,0,0,0,0,0,0,0,0,0,0,0,0,0,1772,"202410011509"
"5","LPO",0,0,0,0,0,0,0,0,0,0,0,0,0,0,1772,"202410011509"
"6","PIA",0,0,0,0,0,0,0,0,0,0,0,0,0,0,1772,"202410011509"
"7","GKS",0,0,0,0,0,0,0,0,0,0,0,0,0,0,1772,"202410011509"
"8","KOR",0,0,0,0,0,0,0,0,0,0,0,0,0,0,1772,"202410011509"
"9","RCZ",0,0,0,0,0,0,0,0,0,0,0,0,0,0,1772,"202410011509"
"10","RAD",0,0,0,0,0,0,0,0,0,0,0,0,0,0,1772,"202410011509"
"11","GÓR",0,0,0,0,0,0,0,0,0,0,0,0,0,0,1772,"202410011509"
"12","JAG",0,0,0,0,0,0,0,0,0,0,0,0,0,0,1772,"202410011509"
"13","STM",0,0,0,0,0,0,0,0,0,0,0,0,0,0,1772,"202410011509"
"14","ŚLA",0,0,0,0,0,0,0,0,0,0,0,0,0,0,1772,"202410011509"
"15","WID",0,0,0,0,0,0,0,0,0,0,0,0,0,0,1772,"202410011509"
"16","MOT",0,0,0,0,0,0,0,0,0,0,0,0,0,0,1772,"202410011509"
"17","CRA",0,0,0,0,0,0,0,0,0,0,0,0,0,0,1772,"202410011509"
"18","LEG",0,0,0,0,0,0,0,0,0,0,0,0,0,0,1772,"202410011509"
"SUMA","EMPTY",0,0,0,0,0,0,0,0,0,0,0,0,0,0,1772,"202410011509"
"2023/24 - wiosna","EMPTY",0,0,0,0,0,0,0,0,0,0,0,0,0,0,1772,"202410011509"
"2023/24 - jesień","EMPTY",0,0,0,0,0,0,0,0,0,0,0,0,0,0,1772,"202410011509"
"2022/23 - wiosna","EMPTY",0,0,0,0,0,0,0,0,0,0,0,0,0,0,1772,"202410011509"
"2022/23 - jesień","EMPTY",0,0,0,0,0,0,0,0,0,0,0,0,0,0,1772,"202410011509"
"2021/22 - wiosna","EMPTY",0,0,0,0,0,0,0,0,0,0,0,0,0,0,1772,"202410011509"
"2021/22 - jesień","EMPTY",246,0,0,0,0,0,0,1,0,0,0,0,0,-1,1772,"202410011509"
"1","CRA",0,0,0,0,0,0,0,0,0,0,0,0,0,0,2032,"202410011509"
"2","ŚLA",0,0,0,0,0,0,0,0,0,0,0,0,0,0,2032,"202410011509"
"3","LEG",0,0,0,0,0,0,0,0,0,0,0,0,0,0,2032,"202410011509"
"4","GKS",0,0,0,0,0,0,0,0,0,0,0,0,0,0,2032,"202410011509"
"5","STM",0,0,0,0,0,0,0,0,0,0,0,0,0,0,2032,"202410011509"
"6","ZAG",0,0,0,0,0,0,0,0,0,0,0,0,0,0,2032,"202410011509"
"7","RCZ",0,0,0,0,0,0,0,0,0,0,0,0,0,0,2032,"202410011509"
"8","PUN",0,0,0,0,0,0,0,0,0,0,0,0,0,0,2032,"202410011509"
"9","WID",0,0,0,0,0,0,0,0,0,0,0,0,0,0,2032,"202410011509"
"10","JAG",0,0,0,0,0,0,0,0,0,0,0,0,0,0,2032,"202410011509"
"11","POG",0,0,0,0,0,0,0,0,0,0,0,0,0,0,2032,"202410011509"
"12","KOR",0,0,0,0,0,0,0,0,0,0,0,0,0,0,2032,"202410011509"
"13","LGD",0,0,0,0,0,0,0,0,0,0,0,0,0,0,2032,"202410011509"
"14","RAD",0,0,0,0,0,0,0,0,0,0,0,0,0,0,2032,"202410011509"
"15","MOT",0,0,0,0,0,0,0,0,0,0,0,0,0,0,2032,"202410011509"
"16","GÓR",0,0,0,0,0,0,0,0,0,0,0,0,0,0,2032,"202410011509"
"17","LPO",0,0,0,0,0,0,0,0,0,0,0,0,0,0,2032,"202410011509"
"18","CRA",0,0,0,0,0,0,0,0,0,0,0,0,0,0,2032,"202410011509"
"SUMA","EMPTY",0,0,0,0,0,0,0,0,0,0,0,0,0,0,2032,"202410011509"
"2023/24 - wiosna","EMPTY",14,0,0,0,0,0,0,0,0,0,0,0,0,1,2032,"202410011509"
"2023/24 - jesień","EMPTY",0,0,0,0,0,0,0,0,0,0,0,0,0,0,2032,"202410011509"
"2022/23 - wiosna","EMPTY",0,0,0,0,0,0,0,0,0,0,0,0,0,0,2032,"202410011509"
"2022/23 - jesień","EMPTY",0,0,0,0,0,0,0,0,0,0,0,0,0,0,2032,"202410011509"
"1","PIA",0,0,0,0,0,0,0,0,0,0,0,0,0,0,2291,"202410011509"
"2","RCZ",0,0,0,0,0,0,0,0,0,0,0,0,0,0,2291,"202410011509"
"3","WID",0,0,0,0,0,0,0,0,0,0,0,0,0,0,2291,"202410011509"
"4","KOR",0,0,0,0,0,0,0,0,0,0,0,0,0,0,2291,"202410011509"
"5","JAG",0,0,0,0,0,0,0,0,0,0,0,0,0,0,2291,"202410011509"
"6","GÓR",0,0,0,0,0,0,0,0,0,0,0,0,0,0,2291,"202410011509"
"7","RAD",0,0,0,0,0,0,0,0,0,0,0,0,0,0,2291,"202410011509"
"8","POG",0,0,0,0,0,0,0,0,0,0,0,0,0,0,2291,"202410011509"
"9","PUN",0,0,0,0,0,0,0,0,0,0,0,0,0,0,2291,"202410011509"
"10","STM",0,0,0,0,0,0,0,0,0,0,0,0,0,0,2291,"202410011509"
"11","ŚLA",0,0,0,0,0,0,0,0,0,0,0,0,0,0,2291,"202410011509"
"12","LPO",0,0,0,0,0,0,0,0,0,0,0,0,0,0,2291,"202410011509"
"13","MOT",0,0,0,0,0,0,0,0,0,0,0,0,0,0,2291,"202410011509"
"14","LGD",0,0,0,0,0,0,0,0,0,0,0,0,0,0,2291,"202410011509"
"15","GKS",0,0,0,0,0,0,0,0,0,0,0,0,0,0,2291,"202410011509"
"16","LEG",0,0,0,0,0,0,0,0,0,0,0,0,0,0,2291,"202410011509"
"17","ZAG",0,0,0,0,0,0,0,0,0,0,0,0,0,0,2291,"202410011509"
"18","PIA",0,0,0,0,0,0,0,0,0,0,0,0,0,0,2291,"202410011509"
"SUMA","EMPTY",0,0,0,0,0,0,0,0,0,0,0,0,0,0,2291,"202410011509"
"2023/24 - wiosna","EMPTY",0,0,0,0,0,0,0,0,0,0,0,0,0,0,2291,"202410011509"
"2023/24 - jesień","EMPTY",0,0,0,0,0,0,0,0,0,0,0,0,0,0,2291,"202410011509"
"1","POG",0,0,0,0,0,0,0,0,0,0,0,0,0,0,2293,"202410011509"
"2","LEG",0,0,0,0,0,0,0,0,0,0,0,0,0,0,2293,"202410011509"
"3","MOT",0,0,0,0,0,0,0,0,0,0,0,0,0,0,2293,"202410011509"
"4","CRA",0,0,0,0,0,0,0,0,0,0,0,0,0,0,2293,"202410011509"
"5","ŚLA",0,0,0,0,0,0,0,0,0,0,0,0,0,0,2293,"202410011509"
"6","STM",0,0,0,0,0,0,0,0,0,0,0,0,0,0,2293,"202410011509"
"7","PUN",0,0,0,0,0,0,0,0,0,0,0,0,0,0,2293,"202410011509"
"8","ZAG",0,0,0,0,0,0,0,0,0,0,0,0,0,0,2293,"202410011509"
"9","RAD",0,0,0,0,0,0,0,0,0,0,0,0,0,0,2293,"202410011509"
"10","LPO",0,0,0,0,0,0,0,0,0,0,0,0,0,0,2293,"202410011509"
"11","WID",0,0,0,0,0,0,0,0,0,0,0,0,0,0,2293,"202410011509"
"12","PIA",0,0,0,0,0,0,0,0,0,0,0,0,0,0,2293,"202410011509"
"13","JAG",0,0,0,0,0,0,0,0,0,0,0,0,0,0,2293,"202410011509"
"14","GKS",0,0,0,0,0,0,0,0,0,0,0,0,0,0,2293,"202410011509"
"15","LGD",0,0,0,0,0,0,0,0,0,0,0,0,0,0,2293,"202410011509"
"16","RCZ",0,0,0,0,0,0,0,0,0,0,0,0,0,0,2293,"202410011509"
"17","GÓR",0,0,0,0,0,0,0,0,0,0,0,0,0,0,2293,"202410011509"
"18","POG",0,0,0,0,0,0,0,0,0,0,0,0,0,0,2293,"202410011509"
"SUMA","EMPTY",0,0,0,0,0,0,0,0,0,0,0,0,0,0,2293,"202410011509"
"2023/24 - wiosna","EMPTY",0,0,0,0,0,0,0,0,0,0,0,0,0,0,2293,"202410011509"
"2023/24 - jesień","EMPTY",0,0,0,0,0,0,0,0,0,0,0,0,0,0,2293,"202410011509"
"1","LPO",0,0,0,0,0,0,0,0,0,0,0,0,0,0,2299,"202410011509"
"2","PUN",0,0,0,0,0,0,0,0,0,0,0,0,0,0,2299,"202410011509"
"3","POG",0,0,0,0,0,0,0,0,0,0,0,0,0,0,2299,"202410011509"
"4","RAD",0,0,0,0,0,0,0,0,0,0,0,0,0,0,2299,"202410011509"
"5","RCZ",0,0,0,0,0,0,0,0,0,0,0,0,0,0,2299,"202410011509"
"6","CRA",0,0,0,0,0,0,0,0,0,0,0,0,0,0,2299,"202410011509"
"7","LGD",0,0,0,0,0,0,0,0,0,0,0,0,0,0,2299,"202410011509"
"8","MOT",0,0,0,0,0,0,0,0,0,0,0,0,0,0,2299,"202410011509"
"9","GKS",0,0,0,0,0,0,0,0,0,0,0,0,0,0,2299,"202410011509"
"10","LEG",0,0,0,0,0,0,0,0,0,0,0,0,0,0,2299,"202410011509"
"11","ZAG",0,0,0,0,0,0,0,0,0,0,0,0,0,0,2299,"202410011509"
"12","STM",0,0,0,0,0,0,0,0,0,0,0,0,0,0,2299,"202410011509"
"13","WID",0,0,0,0,0,0,0,0,0,0,0,0,0,0,2299,"202410011509"
"14","JAG",0,0,0,0,0,0,0,0,0,0,0,0,0,0,2299,"202410011509"
"15","ŚLA",0,0,0,0,0,0,0,0,0,0,0,0,0,0,2299,"202410011509"
"16","PIA",0,0,0,0,0,0,0,0,0,0,0,0,0,0,2299,"202410011509"
"17","KOR",0,0,0,0,0,0,0,0,0,0,0,0,0,0,2299,"202410011509"
"18","LPO",0,0,0,0,0,0,0,0,0,0,0,0,0,0,2299,"202410011509"
"SUMA","EMPTY",0,0,0,0,0,0,0,0,0,0,0,0,0,0,2299,"202410011509"
"2023/24 - wiosna","EMPTY",11,0,0,0,0,0,0,0,0,0,0,0,0,2,2299,"202410011509"
"2023/24 - jesień","EMPTY",225,0,0,0,0,0,0,0,0,0,0,1,1,5,2299,"202410011509"
"1","LGD",0,0,0,0,0,0,0,0,0,0,0,0,0,0,2303,"202410011509"
"2","PIA",0,0,0,0,0,0,0,0,0,0,0,0,0,0,2303,"202410011509"
"4","WID",0,0,0,0,0,0,0,0,0,0,0,0,0,0,2303,"202410011509"
"5","KOR",0,0,0,0,0,0,0,0,0,0,0,0,0,0,2303,"202410011509"
"6","LEG",0,0,0,0,0,0,0,0,0,0,0,0,0,0,2303,"202410011509"
"7","POG",0,0,0,0,0,0,0,0,0,0,0,0,0,0,2303,"202410011509"
"8","STM",0,0,0,0,0,0,0,0,0,0,0,0,0,0,2303,"202410011509"
"9","LPO",0,0,0,0,0,0,0,0,0,0,0,0,0,0,2303,"202410011509"
"10","MOT",0,0,0,0,0,0,0,0,0,0,0,0,0,0,2303,"202410011509"
"11","CRA",0,0,0,0,0,0,0,0,0,0,0,0,0,0,2303,"202410011509"
"12","GKS",0,0,0,0,0,0,0,0,0,0,0,0,0,0,2303,"202410011509"
"13","RCZ",0,0,0,0,0,0,0,0,0,0,0,0,0,0,2303,"202410011509"
"14","ZAG",0,0,0,0,0,0,0,0,0,0,0,0,0,0,2303,"202410011509"
"15","GÓR",0,0,0,0,0,0,0,0,0,0,0,0,0,0,2303,"202410011509"
"16","JAG",0,0,0,0,0,0,0,0,0,0,0,0,0,0,2303,"202410011509"
"17","PUN",0,0,0,0,0,0,0,0,0,0,0,0,0,0,2303,"202410011509"
"18","RAD",0,0,0,0,0,0,0,0,0,0,0,0,0,0,2303,"202410011509"
"18","LGD",0,0,0,0,0,0,0,0,0,0,0,0,0,0,2303,"202410011509"
"SUMA","EMPTY",0,0,0,0,0,0,0,0,0,0,0,0,0,0,2303,"202410011509"
"2023/24 - wiosna","EMPTY",0,0,0,0,0,0,0,0,0,0,0,0,0,0,2303,"202410011509"
"2023/24 - jesień","EMPTY",0,0,0,0,0,0,0,0,0,0,0,0,0,0,2303,"202410011509"
"1","GKS",0,0,0,0,0,0,0,0,0,0,0,0,0,0,37,"202410011509"
"2","JAG",0,0,0,0,0,0,0,0,0,0,0,0,0,0,37,"202410011509"
"4","GÓR",79,0,0,0,0,0,0,0,0,0,0,0,0,2,37,"202410011509"
"5","LEG",90,0,0,0,0,0,0,1,0,0,0,1,0,-4,37,"202410011509"
"6","WID",90,0,0,0,0,0,0,0,0,0,0,1,0,-1,37,"202410011509"
"7","CRA",3,0,0,0,0,0,0,0,0,0,0,0,0,2,37,"202410011509"
"8","LGD",0,0,0,0,0,0,0,0,0,0,0,0,0,0,37,"202410011509"
"9","KOR",0,0,0,0,0,0,0,0,0,0,0,0,0,0,37,"202410011509"
"10","ZAG",0,0,0,0,0,0,0,0,0,0,0,0,0,0,37,"202410011509"
"11","RCZ",0,0,0,0,0,0,0,0,0,0,0,0,0,0,37,"202410011509"
"12","PUN",0,0,0,0,0,0,0,0,0,0,0,0,0,0,37,"202410011509"
"13","LPO",0,0,0,0,0,0,0,0,0,0,0,0,0,0,37,"202410011509"
"14","PIA",0,0,0,0,0,0,0,0,0,0,0,0,0,0,37,"202410011509"
"15","POG",0,0,0,0,0,0,0,0,0,0,0,0,0,0,37,"202410011509"
"16","STM",0,0,0,0,0,0,0,0,0,0,0,0,0,0,37,"202410011509"
"17","MOT",0,0,0,0,0,0,0,0,0,0,0,0,0,0,37,"202410011509"
"18","ŚLA",0,0,0,0,0,0,0,0,0,0,0,0,0,0,37,"202410011509"
"18","GKS",0,0,0,0,0,0,0,0,0,0,0,0,0,0,37,"202410011509"
"SUMA","EMPTY",262,0,0,0,0,0,0,1,0,0,0,2,0,-1,37,"202410011509"
"2023/24 - wiosna","EMPTY",503,0,0,0,0,0,0,0,0,0,0,3,1,9,37,"202410011509"
"2023/24 - jesień","EMPTY",313,0,0,0,0,0,0,0,0,0,0,1,0,13,37,"202410011509"
"2022/23 - wiosna","EMPTY",1363,0,1,0,0,0,0,0,0,0,0,4,0,50,37,"202410011509"
"2022/23 - jesień","EMPTY",160,0,0,0,0,0,0,0,0,0,0,0,0,4,37,"202410011509"
"2021/22 - wiosna","EMPTY",469,0,0,0,0,0,0,0,0,0,0,0,0,12,37,"202410011509"
"2021/22 - jesień","EMPTY",1695,0,2,0,0,0,0,1,0,0,0,7,0,56,37,"202410011509"
"2019/20 - jesień","EMPTY",0,0,0,0,0,0,0,0,0,0,0,0,0,0,37,"202410011509"
"2018/19 - wiosna","EMPTY",0,0,0,0,0,0,0,0,0,0,0,0,0,0,37,"202410011509"
"2017/18 - wiosna","EMPTY",0,0,0,0,0,0,0,0,0,0,0,0,0,0,37,"202410011509"
"2017/18 - jesień","EMPTY",0,0,0,0,0,0,0,0,0,0,0,0,0,0,37,"202410011509"
"2016/17 - wiosna","EMPTY",0,0,0,0,0,0,0,0,0,0,0,0,0,0,37,"202410011509"
"2016/17 - jesień","EMPTY",0,0,0,0,0,0,0,0,0,0,0,0,0,0,37,"202410011509"
"1","GKS",0,0,0,0,0,0,0,0,0,0,0,0,0,0,2300,"202410011509"
"2","JAG",0,0,0,0,0,0,0,0,0,0,0,0,0,0,2300,"202410011509"
"4","GÓR",0,0,0,0,0,0,0,0,0,0,0,0,0,0,2300,"202410011509"
"5","LEG",90,0,0,0,0,0,0,0,0,0,0,0,0,-1,2300,"202410011509"
"6","WID",0,0,0,0,0,0,0,0,0,0,0,0,0,0,2300,"202410011509"
"7","CRA",0,0,0,0,0,0,0,0,0,0,0,0,0,0,2300,"202410011509"
"8","LGD",0,0,0,0,0,0,0,0,0,0,0,0,0,0,2300,"202410011509"
"9","KOR",0,0,0,0,0,0,0,0,0,0,0,0,0,0,2300,"202410011509"
"10","ZAG",0,0,0,0,0,0,0,0,0,0,0,0,0,0,2300,"202410011509"
"11","RCZ",0,0,0,0,0,0,0,0,0,0,0,0,0,0,2300,"202410011509"
"12","PUN",0,0,0,0,0,0,0,0,0,0,0,0,0,0,2300,"202410011509"
"13","LPO",0,0,0,0,0,0,0,0,0,0,0,0,0,0,2300,"202410011509"
"14","PIA",0,0,0,0,0,0,0,0,0,0,0,0,0,0,2300,"202410011509"
"15","POG",0,0,0,0,0,0,0,0,0,0,0,0,0,0,2300,"202410011509"
"16","STM",0,0,0,0,0,0,0,0,0,0,0,0,0,0,2300,"202410011509"
"17","MOT",0,0,0,0,0,0,0,0,0,0,0,0,0,0,2300,"202410011509"
"18","ŚLA",0,0,0,0,0,0,0,0,0,0,0,0,0,0,2300,"202410011509"
"18","GKS",0,0,0,0,0,0,0,0,0,0,0,0,0,0,2300,"202410011509"
"SUMA","EMPTY",90,0,0,0,0,0,0,0,0,0,0,0,0,-1,2300,"202410011509"
"2023/24 - wiosna","EMPTY",0,0,0,0,0,0,0,0,0,0,0,0,0,0,2300,"202410011509"
"2023/24 - jesień","EMPTY",0,0,0,0,0,0,0,0,0,0,0,0,0,0,2300,"202410011509"
"1","GKS",1,0,0,0,0,0,0,0,0,0,0,0,0,2,2321,"202410011509"
"2","JAG",0,0,0,0,0,0,0,0,0,0,0,0,0,0,2321,"202410011509"
"4","GÓR",11,0,0,0,0,0,0,0,0,0,0,0,0,1,2321,"202410011509"
"5","LEG",90,0,0,0,0,0,0,1,0,0,0,0,0,-3,2321,"202410011509"
"6","WID",88,0,0,0,0,0,0,1,0,0,0,1,0,-3,2321,"202410011509"
"7","CRA",0,0,0,0,0,0,0,0,0,0,0,0,0,0,2321,"202410011509"
"8","LGD",0,0,0,0,0,0,0,0,0,0,0,0,0,0,2321,"202410011509"
"9","KOR",0,0,0,0,0,0,0,0,0,0,0,0,0,0,2321,"202410011509"
"10","ZAG",0,0,0,0,0,0,0,0,0,0,0,0,0,0,2321,"202410011509"
"11","RCZ",0,0,0,0,0,0,0,0,0,0,0,0,0,0,2321,"202410011509"
"12","PUN",0,0,0,0,0,0,0,0,0,0,0,0,0,0,2321,"202410011509"
"13","LPO",0,0,0,0,0,0,0,0,0,0,0,0,0,0,2321,"202410011509"
"14","PIA",0,0,0,0,0,0,0,0,0,0,0,0,0,0,2321,"202410011509"
"15","POG",0,0,0,0,0,0,0,0,0,0,0,0,0,0,2321,"202410011509"
"16","STM",0,0,0,0,0,0,0,0,0,0,0,0,0,0,2321,"202410011509"
"17","MOT",0,0,0,0,0,0,0,0,0,0,0,0,0,0,2321,"202410011509"
"18","ŚLA",0,0,0,0,0,0,0,0,0,0,0,0,0,0,2321,"202410011509"
"18","GKS",0,0,0,0,0,0,0,0,0,0,0,0,0,0,2321,"202410011509"
"SUMA","EMPTY",190,0,0,0,0,0,0,2,0,0,0,1,0,-3,2321,"202410011509"
"2023/24 - wiosna","EMPTY",1440,0,0,0,0,0,0,0,0,0,0,2,0,13,2321,"202410011509"
